CustomerId,Recency,Frequency,Monetary,Stability,Cluster
CustomerId_1,-0.7055925061066672,-0.2534252027359722,-0.06688161704545337,0.0,0
CustomerId_10,-0.7055925061066672,-0.2534252027359722,-0.06688161704545337,0.0,0
CustomerId_1001,-0.7055925061066672,-0.21215813969689437,-0.05584126568957284,-0.10596186684705346,0
CustomerId_1002,1.638884039976805,-0.1502575451382777,-0.06164665044420668,-0.16801366265993734,1
CustomerId_1003,-0.7055925061066672,-0.20184137393712492,-0.05584126568957284,-0.11142884187697259,0
CustomerId_1004,-0.7055925061066672,-0.2534252027359722,-0.06246547650310116,0.0,0
CustomerId_1005,-0.7055925061066672,-0.17089107665781658,-0.045242528387927534,-0.11191293496277989,0
CustomerId_1006,-0.7055925061066672,-0.2534252027359722,-0.06283348821496383,0.0,0
CustomerId_1007,-0.7055925061066672,-0.2534252027359722,-0.052897171994671366,0.0,0
CustomerId_1008,-0.7055925061066672,-0.24310843697620274,-0.05584126568957284,-0.17381180786287367,0
CustomerId_1009,-0.7055925061066672,-0.2534252027359722,-0.06301749407089519,0.0,0
CustomerId_1010,-0.2590255449479106,-0.19152460817735548,-0.053509911494922735,-0.12238047041517444,0
CustomerId_1012,2.420376222004629,0.4996986977271977,-0.017234629044906098,-0.13821096188258028,1
CustomerId_1014,-0.7055925061066672,-0.18120784241758603,0.21791528653084064,1.0606403418613082,0
CustomerId_1016,-0.7055925061066672,-0.21215813969689437,-0.05584126568957284,-0.10403357451321088,0
CustomerId_1020,1.638884039976805,1.8305614807374566,0.04432968222089047,-0.14794563725232016,1
CustomerId_1021,-0.7055925061066672,-0.2534252027359722,-0.0613614413675131,0.0,0
CustomerId_1022,-0.7055925061066672,-0.2534252027359722,-0.060625417943787736,0.0,0
CustomerId_1025,-0.4078811986674961,-0.09867371633943042,-0.056871698482788356,-0.1551537073527388,0
CustomerId_1027,0.11311358935105324,-0.11930724785896933,-0.053349826400262465,-0.1377683755771457,0
CustomerId_1028,-0.7055925061066672,-0.2534252027359722,-0.06301749407089519,0.0,0
CustomerId_1029,2.3459483951448363,-0.17089107665781658,-0.04443290262182963,-0.08388950290760772,1
CustomerId_1030,-0.2590255449479106,-0.18120784241758603,-0.06233667240394922,-0.16642718670656811,0
CustomerId_1031,1.3783866459675302,0.25209631949273087,-0.023883570245471584,-0.12606732243169314,1
CustomerId_1032,-0.7055925061066672,-0.24310843697620274,-0.06246547650310116,-0.17381180786287367,0
CustomerId_1033,-0.7055925061066672,-0.24310843697620274,-0.06285188880055698,-0.16613132414773568,0
CustomerId_1034,2.0110231742757687,-0.09867371633943042,-0.04829408150269291,-0.09212439438620627,1
CustomerId_1036,-0.7055925061066672,-0.2327916712164333,-0.06321990051241966,-0.16346288494716935,0
CustomerId_1038,-0.7055925061066672,-0.21215813969689437,-0.056209277401435526,-0.10464972991784459,0
CustomerId_1039,1.4156005593974266,0.045761004297341874,0.028394775097236244,-0.06626982305246518,1
CustomerId_1040,-0.7055925061066672,-0.2534252027359722,-0.044800914333692314,0.0,0
CustomerId_1043,-0.7055925061066672,-0.20184137393712492,-0.058049335960748946,-0.101646233591058,0
CustomerId_1044,0.7829640310891881,-0.09867371633943042,-0.05516099604019467,-0.152458586832549,1
CustomerId_1048,-0.7055925061066672,-0.2534252027359722,-0.06283348821496383,0.0,0
CustomerId_1050,-0.7055925061066672,-0.2534252027359722,-0.0613614413675131,0.0,0
CustomerId_1052,0.07589967592115686,-0.19152460817735548,-0.04226163352183979,0.017609868434509873,0
CustomerId_1053,-0.6683785926767708,-0.19152460817735548,-0.058127354443663834,-0.15403865183443224,0
CustomerId_1054,1.564456213117012,0.27272985101226976,-0.004687637740659747,-0.11057555010955857,1
CustomerId_1055,-0.4078811986674961,-0.21215813969689437,-0.06104863141242982,-0.15996392841706683,0
CustomerId_1056,-0.593950765816978,-0.22247490545666382,-0.06117743551158176,-0.16234296351742028,0
CustomerId_1057,-0.7055925061066672,-0.24310843697620274,-0.061543975176596995,-0.1336099616739228,0
CustomerId_1058,2.3459483951448363,0.03544423853757243,-0.05811741812744354,-0.1676332606839635,1
CustomerId_1059,-0.4450951120973925,-0.17089107665781658,-0.048481031452319155,-0.106948641494631,0
CustomerId_1063,-0.6683785926767708,-0.13994077937850824,-0.05829774386625625,-0.15717085176560228,0
CustomerId_1064,0.8201779445190845,0.1695621934145753,0.00732794465165689,-0.10735060078368958,1
CustomerId_1068,-0.7055925061066672,-0.2534252027359722,-0.06301749407089519,0.0,0
CustomerId_1070,-0.7055925061066672,-0.2534252027359722,-0.0613614413675131,0.0,0
CustomerId_1071,0.5596805505098098,-0.19152460817735548,0.02375598746920711,0.41834337111250003,0
CustomerId_1073,-0.7055925061066672,-0.2534252027359722,-0.06283348821496383,0.0,0
CustomerId_1074,1.1178892519582555,0.21082925645365308,-0.0015595381898269314,-0.1152984792744542,1
CustomerId_1078,-0.7055925061066672,-0.20184137393712492,-0.056209277401435526,-0.09491646648124456,0
CustomerId_1079,-0.7055925061066672,-0.2534252027359722,-0.05584126568957284,0.0,0
CustomerId_1080,-0.7055925061066672,-0.2534252027359722,-0.0613614413675131,0.0,0
CustomerId_1081,0.00147184906136409,-0.24310843697620274,-0.06264948235903249,-0.1701544346651889,0
CustomerId_1082,-0.7055925061066672,-0.21215813969689437,-0.056209277401435526,-0.10464972991784459,0
CustomerId_1083,-0.7055925061066672,-0.2534252027359722,-0.06301749407089519,0.0,0
CustomerId_1084,-0.7055925061066672,-0.2534252027359722,-0.05952138280819968,0.0,0
CustomerId_1085,-0.7055925061066672,-0.22247490545666382,-0.06213426596242474,-0.1581149006584091,0
CustomerId_1086,-0.29623945837780696,0.06639453581688078,-0.034652623367366936,-0.1312438620260196,0
CustomerId_1087,-0.2218116315180142,-0.17089107665781658,-0.048481031452319155,-0.106948641494631,0
CustomerId_1089,1.2295309922479447,1.3044064269892148,-0.0007677609917543665,-0.15627755612773897,1
CustomerId_1091,-0.7055925061066672,-0.24310843697620274,-0.06209746479123847,-0.16649706146750415,0
CustomerId_1092,0.2991831565005352,-0.09867371633943042,-0.03928073865575205,-0.11379298759927996,0
CustomerId_1093,1.4156005593974266,0.30368014829157813,-0.04751684076723892,-0.15402338836827303,1
CustomerId_1094,-0.6683785926767708,-0.19152460817735548,-0.0512558397597638,-0.07874543373121065,0
CustomerId_1095,-0.4450951120973925,-0.1502575451382777,-0.061407442831495934,-0.1659030049908185,0
CustomerId_1096,0.2619692430706388,7.824602387163507,0.6541364971404259,0.010522717142960101,1
CustomerId_1098,-0.7055925061066672,-0.2534252027359722,-0.05584126568957284,0.0,0
CustomerId_1099,0.1503275027809496,-0.17089107665781658,-0.06092718754751513,-0.16508240042485983,0
CustomerId_11,-0.7055925061066672,-0.2534252027359722,-0.06688161704545337,0.0,0
CustomerId_1101,-0.1845977180881178,-0.17089107665781658,-0.04112079721506547,-0.11305096090390325,0
CustomerId_1102,-0.1845977180881178,-0.11930724785896933,-0.04112079721506547,-0.10998802860109295,0
CustomerId_1103,-0.7055925061066672,-0.2534252027359722,-0.052161148570945996,0.0,0
CustomerId_1104,-0.6683785926767708,-0.16057431089804713,-0.048481031452319155,-0.07738531012617751,0
CustomerId_1105,-0.7055925061066672,-0.2534252027359722,-0.06301749407089519,0.0,0
CustomerId_1106,-0.7055925061066672,-0.2534252027359722,-0.05952138280819968,0.0,0
CustomerId_1108,-0.07295597779842868,-0.11930724785896933,-0.044800914333692314,-0.08338214360155363,0
CustomerId_1109,-0.7055925061066672,-0.18120784241758603,-0.048554633794691694,-0.10974018850611586,0
CustomerId_1111,-0.7055925061066672,-0.2327916712164333,-0.06320886016106378,-0.16346650468730506,0
CustomerId_1112,-0.7055925061066672,-0.20184137393712492,-0.05584126568957284,-0.11083131750309565,0
CustomerId_1113,-0.593950765816978,-0.026456356021044274,-0.052271552084504805,-0.1408649289050879,0
CustomerId_1114,1.8249536071262868,0.32431367981111703,-0.04372448007649397,-0.16384133260679165,1
CustomerId_1116,0.2991831565005352,-0.18120784241758603,-0.06100815012412492,-0.16306094350675399,0
CustomerId_1117,-0.7055925061066672,-0.2534252027359722,-0.06172945307937579,0.0,0
CustomerId_1118,0.5224666370799135,-0.016139590261274823,-0.03744068009643863,-0.10747452774008733,0
CustomerId_1119,-0.1845977180881178,-0.19152460817735548,-0.0611958360971749,-0.16956907479121733,0
CustomerId_1120,-0.7055925061066672,-0.24310843697620274,-0.06248019697157566,-0.15888972521631986,0
CustomerId_1121,-0.6311646792468745,-0.19152460817735548,-0.0587496548881894,-0.14869123630523193,0
CustomerId_1122,-0.7055925061066672,-0.2534252027359722,0.6176201670191391,0.0,0
CustomerId_1123,-0.7055925061066672,-0.2534252027359722,-0.06283348821496383,0.0,0
CustomerId_1124,-0.7055925061066672,-0.20184137393712492,-0.056209277401435526,-0.09491646648124456,0
CustomerId_1125,-0.7055925061066672,-0.2534252027359722,-0.0613614413675131,0.0,0
CustomerId_1127,2.0482370877056653,0.11797836461572803,-0.029294740854358122,-0.14333085519588093,1
CustomerId_1129,-0.7055925061066672,-0.24310843697620274,-0.06283348821496383,-0.17381180786287367,0
CustomerId_1130,-0.7055925061066672,-0.22247490545666382,-0.06174417354785029,-0.15484868934138932,0
CustomerId_1131,1.3783866459675302,-0.1502575451382777,-0.0571109060954991,-0.15110608268040387,1
CustomerId_1134,2.532017962294318,-0.17089107665781658,-0.06195762034073065,-0.16935525364035034,1
CustomerId_1135,1.0062475116685665,-0.11930724785896933,-0.03707266838457595,-0.06470136489718722,1
CustomerId_1137,0.33639706993043156,-0.05740665330035263,-0.03376056297781179,-0.08162889435131696,0
CustomerId_1140,-0.7055925061066672,-0.2327916712164333,-0.06182145600734146,-0.13999346403203664,0
CustomerId_1141,2.2715205682850432,0.24177955373296142,-0.009668676260721177,-0.12128593239571094,1
CustomerId_1145,-0.5195229389571853,-0.22247490545666382,-0.059705388664131026,-0.15428677794859258,0
CustomerId_1146,-0.7055925061066672,-0.20184137393712492,-0.056209277401435526,-0.09491646648124456,0
CustomerId_1147,0.33639706993043156,-0.07804018481989153,-0.03376056297781179,-0.11336544969944369,0
CustomerId_1150,-0.7055925061066672,-0.24310843697620274,-0.06246547650310116,-0.17381180786287367,0
CustomerId_1153,-0.7055925061066672,-0.2534252027359722,-0.06209746479123847,0.0,0
CustomerId_1154,2.0482370877056653,-0.17089107665781658,-0.061186635804378324,-0.16505127290019977,1
CustomerId_1156,2.2715205682850432,3.532827831099416,0.48448236194830474,-0.08980244651662529,1
CustomerId_1158,-0.7055925061066672,-0.18120784241758603,-0.052161148570945996,-0.10042647892073796,0
CustomerId_1159,-0.7055925061066672,-0.21215813969689437,-0.05584126568957284,-0.10403357451321088,0
CustomerId_1160,-0.03574206436853229,-0.10899048209919988,-0.0452094073338599,-0.1021239188166386,0
CustomerId_1161,-0.7055925061066672,-0.2534252027359722,-0.06228147064716981,0.0,0
CustomerId_1162,-0.7055925061066672,-0.19152460817735548,-0.06155832763335964,-0.161642117885958,0
CustomerId_1163,-0.03574206436853229,-0.11930724785896933,-0.044800914333692314,-0.09826024349366393,0
CustomerId_1164,-0.7055925061066672,-0.20184137393712492,-0.056209277401435526,-0.09491646648124456,0
CustomerId_1165,-0.5195229389571853,-0.21215813969689437,-0.04332886748624158,-0.023654477210121427,0
CustomerId_1169,-0.7055925061066672,-0.2327916712164333,-0.06321990051241966,-0.16346288494716935,0
CustomerId_1170,2.2715205682850432,-0.07804018481989153,-0.023797013890841483,-0.02793864303921792,1
CustomerId_1171,-0.29623945837780696,-0.20184137393712492,-0.061757053957765484,-0.15959933216508926,0
CustomerId_1172,0.2619692430706388,0.6028663553248922,0.023560830858406333,-0.12810934406524332,0
CustomerId_1174,-0.7055925061066672,-0.2534252027359722,-0.06283348821496383,0.0,0
CustomerId_1175,0.2619692430706388,2.222598579608696,3.227817755776879,3.544139551834141,1
CustomerId_1177,-0.7055925061066672,-0.22247490545666382,-0.05257405771165593,-0.045135159819249364,0
CustomerId_1179,-0.7055925061066672,-0.2327916712164333,-0.06287028938615011,-0.15788647771598416,0
CustomerId_1180,2.1598788279953545,0.42748133740881156,-0.010426412375446443,-0.1401493879656209,1
CustomerId_1182,-0.7055925061066672,-0.22247490545666382,-0.05952138280819968,-0.10390589236919377,0
CustomerId_1183,1.8621675205561832,-0.07804018481989153,-0.04661337201461604,-0.12152738945339492,1
CustomerId_1184,-0.7055925061066672,-0.2534252027359722,-0.06283348821496383,0.0,0
CustomerId_1186,-0.7055925061066672,-0.22247490545666382,-0.06103023082683669,-0.14624287900918304,0
CustomerId_1187,-0.7055925061066672,-0.19152460817735548,-0.04884904316418184,-0.07624703001672319,0
CustomerId_1189,-0.7055925061066672,-0.24310843697620274,-0.06209746479123847,-0.16649706146750415,0
CustomerId_1190,0.8573918579489809,-0.10899048209919988,-0.03376056297781179,-0.10984386320653461,1
CustomerId_1191,-0.7055925061066672,-0.20184137393712492,-0.0556572598336415,-0.10967381341545848,0
CustomerId_1192,1.0062475116685665,-0.036773121780813725,-0.047905093123254056,-0.14188063755668878,1
CustomerId_1193,-0.7055925061066672,-0.22247490545666382,-0.05988939452006237,-0.10551907489742213,0
CustomerId_1194,-0.7055925061066672,-0.22247490545666382,-0.05988939452006237,-0.10551907489742213,0
CustomerId_1195,-0.7055925061066672,-0.20184137393712492,-0.056209277401435526,-0.11125753821539462,0
CustomerId_1196,-0.7055925061066672,-0.20184137393712492,-0.056209277401435526,-0.10898923130806674,0
CustomerId_1197,-0.7055925061066672,-0.22247490545666382,-0.05988939452006237,-0.10551907489742213,0
CustomerId_1198,-0.7055925061066672,-0.22247490545666382,-0.05988939452006237,-0.10551907489742213,0
CustomerId_12,-0.7055925061066672,-0.2534252027359722,-0.06688161704545337,0.0,0
CustomerId_1200,-0.7055925061066672,-0.22247490545666382,-0.05988939452006237,-0.10551907489742213,0
CustomerId_1201,2.532017962294318,1.5210585079443733,0.1364512939636372,-0.08195038979106464,1
CustomerId_1202,0.22475532964074238,0.03544423853757243,-0.015359977384677585,-0.10554963589735664,0
CustomerId_1203,2.606445789154111,0.20051249069388363,-0.049022008668757305,-0.15316107631920092,1
CustomerId_1204,-0.7055925061066672,-0.22247490545666382,-0.05988939452006237,-0.10551907489742213,0
CustomerId_1208,-0.593950765816978,-0.17089107665781658,-0.055925908383301255,-0.13900183739791674,0
CustomerId_1209,-0.7055925061066672,-0.20184137393712492,-0.052161148570945996,-0.1064525645664793,0
CustomerId_1210,-0.7055925061066672,-0.2327916712164333,-0.05400120713025942,0.08667602369252408,0
CustomerId_1211,-0.7055925061066672,-0.24310843697620274,0.010400842445710302,-0.17381180786287367,0
CustomerId_1212,-0.1845977180881178,-0.08835695057966098,-0.04884904316418184,-0.12282328924062647,0
CustomerId_1214,0.22475532964074238,0.19019572493411419,-0.024624672230820658,-0.11494301023990679,0
CustomerId_1215,-0.7055925061066672,-0.2534252027359722,-0.06283348821496383,0.0,0
CustomerId_1217,-0.4823090255272889,-0.17089107665781658,-0.052529160282808685,-0.10910052857180953,0
CustomerId_1218,1.155103165388152,0.4790651662076588,-0.012027631333760981,-0.15348657848975547,1
CustomerId_1219,-0.593950765816978,-0.20184137393712492,-0.06178465483615519,-0.1651111535256055,0
CustomerId_1220,-0.1845977180881178,-0.12962401361873876,-0.048481031452319155,-0.11704014855752487,0
CustomerId_1221,-0.7055925061066672,-0.21215813969689437,-0.05584126568957284,-0.10403357451321088,0
CustomerId_1222,0.11311358935105324,0.20051249069388363,-0.03266388807646099,-0.0940050245344372,0
CustomerId_1223,1.6760979534067013,-0.2327916712164333,-0.055289248121778815,-0.058812765482243866,1
CustomerId_1224,-0.7055925061066672,-0.2534252027359722,-0.05952138280819968,0.0,0
CustomerId_1225,-0.7055925061066672,-0.2534252027359722,-0.06283348821496383,0.0,0
CustomerId_1226,-0.37066728523759973,-0.18120784241758603,-0.0592637746098958,-0.15011778721759725,0
CustomerId_1227,1.638884039976805,0.0044939412582640755,-0.03625067742495946,-0.13567545873482922,1
CustomerId_1228,-0.7055925061066672,-0.21215813969689437,-0.05584126568957284,-0.10403357451321088,0
CustomerId_1229,-0.7055925061066672,-0.2327916712164333,-0.06321990051241966,-0.16346288494716935,0
CustomerId_1231,-0.7055925061066672,-0.2534252027359722,-0.06246547650310116,0.0,0
CustomerId_1232,-0.7055925061066672,-0.2534252027359722,-0.0613614413675131,0.0,0
CustomerId_1233,-0.7055925061066672,-0.2534252027359722,-0.06283348821496383,0.0,0
CustomerId_1234,0.2991831565005352,-0.13994077937850824,-0.048481031452319155,-0.09860227843117474,0
CustomerId_1235,-0.7055925061066672,-0.20184137393712492,-0.056209277401435526,-0.11066163468900565,0
CustomerId_1236,-0.7055925061066672,-0.18120784241758603,-0.0599758772723501,-0.15137241813107172,0
CustomerId_1237,-0.7055925061066672,-0.2534252027359722,-0.06283348821496383,0.0,0
CustomerId_1238,-0.7055925061066672,-0.21215813969689437,-0.05584126568957284,-0.10403357451321088,0
CustomerId_1240,-0.6683785926767708,-0.20184137393712492,-0.050689101723495264,-0.09594038597243887,0
CustomerId_1241,-0.7055925061066672,-0.19152460817735548,-0.052161148570945996,-0.1106858471660311,0
CustomerId_1242,2.3831623085747324,1.3044064269892148,0.24684983936433233,-0.07798486324155061,1
CustomerId_1244,-0.7055925061066672,-0.2534252027359722,-0.0613614413675131,0.0,0
CustomerId_1245,1.0806753385283592,0.03544423853757243,-0.013519918825364165,-0.11032708927791612,1
CustomerId_1246,0.8201779445190845,-0.06772341906012208,-0.03412857468967448,-0.11124203387283724,1
CustomerId_1247,-0.03574206436853229,-0.12962401361873876,-0.04112079721506547,-0.07866962184651102,0
CustomerId_1250,2.0482370877056653,2.552735083921318,0.18038513934512904,-0.1260763943733324,1
CustomerId_1252,0.07589967592115686,-0.06772341906012208,-0.03376056297781179,-0.11114084986844511,0
CustomerId_1253,-0.7055925061066672,-0.21215813969689437,-0.05584126568957284,-0.10403357451321088,0
CustomerId_1256,-0.7055925061066672,-0.20184137393712492,-0.05584126568957284,-0.09297365549822892,0
CustomerId_1257,1.1923170788180484,-0.13994077937850824,-0.05693610053236432,-0.15411736026794332,1
CustomerId_1258,-0.7055925061066672,-0.19152460817735548,-0.052161148570945996,-0.11005331677233599,0
CustomerId_1259,-0.29623945837780696,-0.09867371633943042,-0.05686673032467821,-0.157079085873942,0
CustomerId_1260,-0.4823090255272889,-0.17089107665781658,-0.048481031452319155,-0.106948641494631,0
CustomerId_1262,-0.07295597779842868,-0.17089107665781658,-0.05950666233972517,-0.16562401010906228,0
CustomerId_1263,-0.7055925061066672,-0.21215813969689437,-0.056209277401435526,-0.10464972991784459,0
CustomerId_1265,1.3039588191077376,0.736984310201895,0.028985433894775852,-0.12482763956048237,1
CustomerId_1266,2.0110231742757687,-0.05740665330035263,-0.059716429015486905,-0.16888010795857533,1
CustomerId_1267,-0.7055925061066672,-0.2327916712164333,-0.06320886016106378,-0.16346650468730506,0
CustomerId_1268,-0.7055925061066672,-0.2534252027359722,0.3048102119358576,0.0,0
CustomerId_1269,-0.7055925061066672,-0.2327916712164333,-0.06246547650310116,-0.13464773301845734,0
CustomerId_1270,0.5968944639397062,0.07671130157665022,-0.04446823174616845,-0.15399739303235027,0
CustomerId_1271,-0.4078811986674961,-0.20184137393712492,-0.06115903492598863,-0.16860085317342377,0
CustomerId_1272,-0.1845977180881178,-0.2327916712164333,-0.06154544722344445,-0.16485310972961473,0
CustomerId_1273,-0.7055925061066672,-0.20184137393712492,-0.056209277401435526,-0.09491646648124456,0
CustomerId_1274,-0.7055925061066672,-0.2534252027359722,-0.0613614413675131,0.0,0
CustomerId_1275,0.07589967592115686,2.346399768725929,0.1988804327523111,-0.07550443434709797,1
CustomerId_1276,1.8621675205561832,0.6234998868444311,0.1507973105213243,0.049667798558217006,1
CustomerId_1277,0.5224666370799135,0.3552639770904254,-0.00398473537100202,-0.09908173806448521,0
CustomerId_1279,-0.7055925061066672,-0.19152460817735548,-0.052529160282808685,-0.09699453167389471,0
CustomerId_1280,0.671322290799499,0.19019572493411419,-0.024485563803736565,-0.13980940672403303,1
CustomerId_1281,2.420376222004629,0.045761004297341874,0.0030406082084566202,-0.07968817298013246,1
CustomerId_1282,-0.7055925061066672,-0.2534252027359722,-0.05952138280819968,0.0,0
CustomerId_1283,-0.14738380465822143,-0.06772341906012208,-0.05661225022592516,-0.16985543949978485,0
CustomerId_1285,-0.7055925061066672,-0.22247490545666382,-0.06211586537683161,-0.16838088574510673,0
CustomerId_1286,0.5596805505098098,0.025127472777802976,-0.03586963809849684,-0.13893593154491565,0
CustomerId_1287,-0.7055925061066672,-0.19152460817735548,-0.052529160282808685,-0.09699453167389471,0
CustomerId_1288,0.4480388102201207,-0.11930724785896933,-0.057177148203634384,-0.16514999394090057,0
CustomerId_1294,1.4528144728273231,-0.13994077937850824,-0.039583244282903184,-0.10359805335611949,1
CustomerId_1295,0.33639706993043156,-0.10899048209919988,-0.02928922067868018,-0.1052717401071414,0
CustomerId_1296,-0.7055925061066672,-0.2327916712164333,-0.06339470607555443,-0.16593783076691973,0
CustomerId_1297,-0.7055925061066672,-0.2534252027359722,-0.0613614413675131,0.0,0
CustomerId_1298,0.4852527236500171,-0.05740665330035263,0.08693991827891134,0.2800476850658672,0
CustomerId_1299,1.3039588191077376,0.10766159885595858,0.016576078970766142,-0.025260066789865733,1
CustomerId_13,-0.7055925061066672,-0.2534252027359722,-0.06688161704545337,0.0,0
CustomerId_1300,-0.7055925061066672,-0.20184137393712492,-0.05584126568957284,-0.11083131750309565,0
CustomerId_1301,0.8201779445190845,-0.07804018481989153,-0.03008044585918495,-0.1092584548114779,1
CustomerId_1302,-0.37066728523759973,-0.07804018481989153,2.785314033228229,12.60836539622536,0
CustomerId_1303,0.33639706993043156,-0.04708988754058317,-0.02640032874055811,-0.10896958155268048,0
CustomerId_1304,-0.7055925061066672,-0.2327916712164333,-0.007999743147423903,-0.17381180786287367,0
CustomerId_1306,-0.4823090255272889,0.3655807428501949,-0.040436295431000885,-0.15328452911919047,0
CustomerId_1307,-0.6311646792468745,-0.08835695057966098,0.030144670787143307,0.1610270033036353,0
CustomerId_1308,-0.593950765816978,-0.10899048209919988,-0.008530416035929893,0.09505947241421407,0
CustomerId_1310,-0.7055925061066672,-0.2534252027359722,-0.05952138280819968,0.0,0
CustomerId_1311,1.0062475116685665,0.07671130157665022,-0.04784069107367809,-0.15939501468727854,1
CustomerId_1312,-0.7055925061066672,-0.2534252027359722,-0.06283348821496383,0.0,0
CustomerId_1313,-0.7055925061066672,-0.20184137393712492,-0.056209277401435526,-0.09491646648124456,0
CustomerId_1316,0.038685762491260475,-0.24310843697620274,-0.052161148570945996,-0.10066434390917847,0
CustomerId_1317,-0.4078811986674961,-0.16057431089804713,-0.046640972893005735,-0.10981067964635473,0
CustomerId_1318,-0.5567368523870817,-0.19152460817735548,-0.06136659353147918,-0.1621185110535254,0
CustomerId_1320,-0.7055925061066672,-0.24310843697620274,-0.05952138280819968,-0.17381180786287367,0
CustomerId_1321,-0.7055925061066672,-0.24310843697620274,-0.04112079721506547,0.11877804795190706,0
CustomerId_1322,0.038685762491260475,-0.20184137393712492,-0.06211586537683161,-0.1650927242535948,0
CustomerId_1323,0.07589967592115686,-0.10899048209919988,-0.04112079721506547,-0.11152898659511618,0
CustomerId_1324,1.341172732537634,0.20051249069388363,0.185094530020079,0.18977013543118043,1
CustomerId_1325,0.11311358935105324,-0.21215813969689437,-0.048009976461134925,-0.06173963763128439,0
CustomerId_1326,-0.4078811986674961,-0.2327916712164333,-0.05841734767261163,-0.16186687701852842,0
CustomerId_1328,-0.7055925061066672,-0.2534252027359722,-0.06283348821496383,0.0,0
CustomerId_1329,-0.03574206436853229,-0.19152460817735548,-0.051425125147220634,-0.08832891719703488,0
CustomerId_1330,-0.7055925061066672,-0.19152460817735548,-0.048481031452319155,-0.07536313174710803,0
CustomerId_1331,0.2991831565005352,-0.13994077937850824,-0.03891272694388937,-0.11261224873047472,0
CustomerId_1332,-0.7055925061066672,-0.24310843697620274,-0.06209746479123847,-0.16649706146750415,0
CustomerId_1335,1.9738092608458724,0.9020525623582063,0.01071310038322579,-0.1282502324321178,1
CustomerId_1338,-0.7055925061066672,-0.24310843697620274,-0.055105242265847475,-0.04214637274622234,0
CustomerId_1339,-0.7055925061066672,-0.21215813969689437,-0.056209277401435526,-0.10464972991784459,0
CustomerId_1341,0.33639706993043156,-0.1502575451382777,-0.05526716741906705,-0.1516724013613078,0
CustomerId_1343,-0.7055925061066672,-0.2534252027359722,-0.06283348821496383,0.0,0
CustomerId_1349,-0.7055925061066672,-0.19152460817735548,-0.06025740623192505,-0.16990191145107192,0
CustomerId_1351,-0.5567368523870817,-0.10899048209919988,-0.028203586128685263,-0.026310842652766314,0
CustomerId_1353,-0.7055925061066672,-0.2534252027359722,0.6728219237985418,0.0,0
CustomerId_1355,-0.7055925061066672,-0.21215813969689437,-0.05952138280819968,-0.17381180786287367,0
CustomerId_1356,-0.7055925061066672,-0.2534252027359722,-0.0613614413675131,0.0,0
CustomerId_1357,-0.7055925061066672,-0.2534252027359722,-0.06316469875564025,0.0,0
CustomerId_1358,-0.7055925061066672,-0.20184137393712492,-0.06248387708869429,-0.16360518073285524,0
CustomerId_1359,-0.4823090255272889,-0.17089107665781658,-0.048481031452319155,-0.106948641494631,0
CustomerId_1360,-0.7055925061066672,-0.2534252027359722,-0.05952138280819968,0.0,0
CustomerId_1361,-0.593950765816978,-0.17089107665781658,-0.05933737695226834,-0.15042748915250712,0
CustomerId_1362,-0.07295597779842868,-0.05740665330035263,-0.03376056297781179,-0.09978417011630744,0
CustomerId_1363,-0.7055925061066672,-0.2534252027359722,-0.0613614413675131,0.0,0
CustomerId_1365,-0.7055925061066672,-0.22247490545666382,-0.056393283257366866,-0.1095730903231098,0
CustomerId_1366,-0.7055925061066672,-0.21215813969689437,-0.06287028938615011,-0.16509067896067217,0
CustomerId_1367,-0.7055925061066672,-0.20184137393712492,-0.05584126568957284,-0.11083131750309565,0
CustomerId_1369,-0.7055925061066672,-0.20184137393712492,-0.056209277401435526,-0.09491646648124456,0
CustomerId_1370,-0.11016989122832506,-0.19152460817735548,-0.021671378243122617,0.06611928092739508,0
CustomerId_1372,-0.7055925061066672,-0.2534252027359722,-0.06301749407089519,0.0,0
CustomerId_1373,-0.7055925061066672,-0.2534252027359722,-0.05952138280819968,0.0,0
CustomerId_1375,-0.7055925061066672,-0.2327916712164333,-0.052161148570945996,-0.08422482653028436,0
CustomerId_1376,-0.7055925061066672,-0.24310843697620274,0.017761076682963985,1.1428425433036398,0
CustomerId_1377,-0.7055925061066672,-0.2327916712164333,-0.06320886016106378,-0.16346650468730506,0
CustomerId_1378,-0.03574206436853229,-0.12962401361873876,-0.044800914333692314,-0.09042731856684832,0
CustomerId_1379,-0.7055925061066672,-0.2534252027359722,-0.06283348821496383,0.0,0
CustomerId_1380,0.22475532964074238,-0.05740665330035263,-0.03376056297781179,-0.09868908310830711,0
CustomerId_1381,-0.7055925061066672,-0.2534252027359722,-0.0613614413675131,0.0,0
CustomerId_1382,-0.6311646792468745,-0.05740665330035263,-0.05841918773117094,-0.1645262115086151,0
CustomerId_1384,-0.4823090255272889,-0.2327916712164333,-0.060625417943787736,-0.16783934244070103,0
CustomerId_1385,-0.7055925061066672,-0.2534252027359722,-0.044800914333692314,0.0,0
CustomerId_1386,-0.7055925061066672,-0.2534252027359722,-0.06283348821496383,0.0,0
CustomerId_1387,-0.2590255449479106,0.10766159885595858,-0.05514204343703374,-0.16585498364340903,0
CustomerId_1389,-0.7055925061066672,-0.2534252027359722,-0.02640032874055811,0.0,0
CustomerId_1390,-0.7055925061066672,-0.2534252027359722,-0.06301749407089519,0.0,0
CustomerId_1392,-0.33345337180770335,-0.21215813969689437,-0.0590576880512527,-0.14805907991959094,0
CustomerId_1393,-0.7055925061066672,-0.24310843697620274,-0.06312789758445399,-0.09920139463010459,0
CustomerId_1394,-0.7055925061066672,-0.2534252027359722,-0.05952138280819968,0.0,0
CustomerId_1395,-0.7055925061066672,-0.21215813969689437,-0.05584126568957284,-0.10403357451321088,0
CustomerId_1396,0.07589967592115686,-0.19152460817735548,-0.052234750913318535,-0.11042805758625973,0
CustomerId_1397,-0.7055925061066672,-0.16057431089804713,-0.06069902028616027,-0.159641721959513,0
CustomerId_1398,1.1178892519582555,0.17987895917434474,0.016572766865359377,-0.0631845464891055,1
CustomerId_14,-0.7055925061066672,-0.2534252027359722,-0.06688161704545337,0.0,0
CustomerId_1400,-0.7055925061066672,-0.2534252027359722,-0.06301749407089519,0.0,0
CustomerId_1402,-0.6683785926767708,-0.20184137393712492,-0.05953610327667419,-0.15140049445203663,0
CustomerId_1404,-0.7055925061066672,-0.24310843697620274,-0.06172945307937579,-0.17381180786287367,0
CustomerId_1406,-0.7055925061066672,-0.24310843697620274,-0.06302117418801381,-0.17008128720123522,0
CustomerId_1407,0.5596805505098098,-0.07804018481989153,-0.03155985294087294,-0.10624250660200142,0
CustomerId_1408,-0.7055925061066672,-0.2534252027359722,-0.06283348821496383,0.0,0
CustomerId_1409,2.122664914565458,-0.016139590261274823,-0.05220199787096275,-0.15399458725565854,1
CustomerId_1410,-0.4823090255272889,-0.12962401361873876,-0.042960855774378894,-0.12171871852078407,0
CustomerId_1411,-0.7055925061066672,-0.20184137393712492,-0.060625417943787736,-0.16958863706245322,0
CustomerId_1413,2.420376222004629,1.1806052378719814,0.11762414599528298,-0.10429970405106599,1
CustomerId_1414,-0.7055925061066672,-0.22247490545666382,-0.05952138280819968,-0.10390589236919377,0
CustomerId_1415,2.606445789154111,0.27272985101226976,-0.05537278678037164,-0.15675344517613196,1
CustomerId_1417,-0.7055925061066672,-0.24310843697620274,-0.060625417943787736,-0.15186756867676512,0
CustomerId_1418,-0.7055925061066672,-0.2534252027359722,-0.06191345893530713,0.0,0
CustomerId_1419,-0.1845977180881178,-0.17089107665781658,-0.05060629908832616,-0.11655661979156436,0
CustomerId_1420,-0.7055925061066672,-0.16057431089804713,-0.05884056114125372,-0.15643025744371347,0
CustomerId_1421,-0.5567368523870817,-0.16057431089804713,-0.05223107079619991,-0.10937929541624143,0
CustomerId_1422,-0.7055925061066672,-0.2327916712164333,-0.058049335960748946,-0.09879108034365276,0
CustomerId_1423,-0.6311646792468745,-0.11930724785896933,-0.06012492201565448,-0.1646745728006572,0
CustomerId_1424,-0.7055925061066672,-0.21215813969689437,-0.05584126568957284,-0.10403357451321088,0
CustomerId_1425,-0.7055925061066672,0.10766159885595858,-0.04152929021523306,-0.11998012247645463,0
CustomerId_1426,-0.7055925061066672,-0.2534252027359722,-0.05952138280819968,0.0,0
CustomerId_1427,0.5596805505098098,0.045761004297341874,-0.019040094503304426,-0.0946194045429249,0
CustomerId_1429,2.420376222004629,0.10766159885595858,0.003644147415911422,-0.0731359598048609,1
CustomerId_1431,-0.7055925061066672,-0.2534252027359722,-0.0613614413675131,0.0,0
CustomerId_1432,-0.7055925061066672,-0.2534252027359722,-0.06246547650310116,0.0,0
CustomerId_1435,0.8573918579489809,0.03544423853757243,-0.022720211621931267,-0.11647485265519246,1
CustomerId_1436,-0.7055925061066672,-0.22247490545666382,-0.05988939452006237,-0.10551907489742213,0
CustomerId_1437,-0.7055925061066672,-0.2534252027359722,-0.05584126568957284,0.0,0
CustomerId_1438,1.4156005593974266,0.06639453581688078,-0.009813672875195073,-0.08218794799313864,1
CustomerId_1439,-0.7055925061066672,-0.2534252027359722,-0.06301749407089519,0.0,0
CustomerId_1440,-0.37066728523759973,-0.22247490545666382,-0.06303957477360694,-0.165148232607731,0
CustomerId_1441,-0.7055925061066672,-0.2534252027359722,-0.06283348821496383,0.0,0
CustomerId_1442,-0.7055925061066672,-0.17089107665781658,-0.048481031452319155,-0.106948641494631,0
CustomerId_1443,-0.7055925061066672,-0.24310843697620274,-0.06246547650310116,-0.17381180786287367,0
CustomerId_1444,-0.7055925061066672,-0.2534252027359722,-0.06301749407089519,0.0,0
CustomerId_1445,-0.7055925061066672,-0.2534252027359722,-0.06301749407089519,0.0,0
CustomerId_1447,-0.4078811986674961,-0.18120784241758603,-0.059576584564979086,-0.15470337665562872,0
CustomerId_1448,-0.07295597779842868,-0.2327916712164333,-0.06191345893530713,-0.16783934244070103,0
CustomerId_1449,1.5272422996871158,0.014810707018033525,0.1181428953043246,0.27691370762328193,1
CustomerId_1450,-0.593950765816978,-0.17089107665781658,-0.04085398872396503,-0.004509080952794923,0
CustomerId_1451,-0.4823090255272889,-0.07804018481989153,-0.056374882671773735,-0.14860258746314023,0
CustomerId_1452,-0.4823090255272889,-0.1502575451382777,-0.054148411815004495,-0.1407647818650069,0
CustomerId_1453,-0.29623945837780696,-0.1502575451382777,-0.05577686363999687,-0.1467788285666157,0
CustomerId_1454,-0.03574206436853229,-0.11930724785896933,-0.04112079721506547,-0.10266921218933504,0
CustomerId_1455,-0.7055925061066672,-0.2534252027359722,-0.06283348821496383,0.0,0
CustomerId_1458,-0.7055925061066672,-0.2534252027359722,-0.06301749407089519,0.0,0
CustomerId_1459,-0.7055925061066672,-0.2534252027359722,-0.05952138280819968,0.0,0
CustomerId_1461,0.8201779445190845,0.1695621934145753,-0.03905993162863444,-0.14678380616537057,1
CustomerId_1464,-0.7055925061066672,-0.22247490545666382,-0.05952138280819968,-0.10390589236919377,0
CustomerId_1466,-0.7055925061066672,-0.19152460817735548,-0.049143452533671986,-0.1098649769093507,0
CustomerId_1467,-0.6683785926767708,-0.18120784241758603,-0.06816965803697275,-0.1573675672260698,0
CustomerId_1468,0.33639706993043156,-0.10899048209919988,0.08432114693729649,0.11784099156160184,0
CustomerId_1472,1.7133118668365976,0.41716457164904214,0.019415657339498613,-0.11908319789117423,1
CustomerId_1474,-0.7055925061066672,-0.2534252027359722,-0.05952138280819968,0.0,0
CustomerId_1475,-0.4823090255272889,-0.18120784241758603,-0.05704098387024519,-0.13549866329649227,0
CustomerId_1476,-0.5195229389571853,-0.18120784241758603,-0.058049335960748946,-0.13849156867267257,0
CustomerId_1477,1.638884039976805,0.3346304455708865,-0.020852404979543403,-0.13992800464841038,1
CustomerId_1478,-0.7055925061066672,-0.22247490545666382,-0.05952138280819968,-0.10390589236919377,0
CustomerId_1479,-0.7055925061066672,-0.20184137393712492,-0.05584126568957284,-0.11007130196082172,0
CustomerId_1480,1.1178892519582555,0.03544423853757243,-0.019040094503304426,-0.11245793699912729,1
CustomerId_1481,-0.7055925061066672,-0.12962401361873876,-0.056209277401435526,-0.13702767876025782,0
CustomerId_1482,-0.6683785926767708,-0.16057431089804713,-0.054369218842122105,-0.13103461058281404,0
CustomerId_1483,-0.4823090255272889,-0.17089107665781658,-0.05954714362803007,-0.15687759726845044,0
CustomerId_1484,1.638884039976805,-0.18120784241758603,-0.06210850514259435,-0.16609247263184776,1
CustomerId_1485,0.8201779445190845,-0.026456356021044274,-0.02640032874055811,-0.11117009264275625,1
CustomerId_1486,-0.7055925061066672,-0.20184137393712492,-0.05584126568957284,-0.09297365549822892,0
CustomerId_1487,-0.593950765816978,-0.18120784241758603,-0.06080942379971908,-0.16832574806634654,0
CustomerId_1488,-0.7055925061066672,-0.21215813969689437,-0.05584126568957284,-0.10403357451321088,0
CustomerId_1489,-0.4450951120973925,-0.20184137393712492,-0.03008044585918495,-0.09368277579940393,0
CustomerId_1490,-0.6683785926767708,-0.2327916712164333,-0.052161148570945996,-0.08422482653028436,0
CustomerId_1492,-0.7055925061066672,-0.2327916712164333,-0.06196866069208653,-0.15660789339958808,0
CustomerId_1494,-0.5195229389571853,0.03544423853757243,-0.028838406331648393,-0.07829114552771721,0
CustomerId_1495,-0.7055925061066672,-0.21215813969689437,-0.05953978339379282,-0.14446061888772604,0
CustomerId_1496,-0.7055925061066672,-0.2534252027359722,-0.044800914333692314,0.0,0
CustomerId_1498,-0.5195229389571853,-0.22247490545666382,-0.061942899872256145,-0.1512012337852799,0
CustomerId_1499,-0.7055925061066672,-0.18120784241758603,-0.050689101723495264,-0.12113692650458108,0
CustomerId_15,-0.7055925061066672,-0.2534252027359722,-0.06688161704545337,0.0,0
CustomerId_1501,-0.7055925061066672,-0.21215813969689437,-0.05584126568957284,-0.10403357451321088,0
CustomerId_1502,-0.7055925061066672,-0.2534252027359722,-0.0613614413675131,0.0,0
CustomerId_1503,0.37361098336032794,0.4996986977271977,0.045903300300815304,-0.0018270165519134972,0
CustomerId_1504,-0.5567368523870817,-0.16057431089804713,-0.022922618063455746,0.1503957499194663,0
CustomerId_1505,0.37361098336032794,0.9330028596375146,0.02012003175600379,-0.132217318025197,1
CustomerId_1506,-0.7055925061066672,-0.2534252027359722,-0.0613614413675131,0.0,0
CustomerId_1507,-0.7055925061066672,-0.24310843697620274,-0.06285188880055698,-0.16613132414773568,0
CustomerId_1508,0.8573918579489809,-0.04708988754058317,-0.03376056297781179,-0.11372758443453325,1
CustomerId_1509,1.8993814339860795,-0.08835695057966098,-0.040962920190676384,-0.11098447404152012,1
CustomerId_1510,0.4108248967902243,0.6957172471628172,0.016391705103122937,-0.13042246305393151,1
CustomerId_1511,-0.6683785926767708,-0.22247490545666382,-0.06174785366496892,-0.1513837290043957,0
CustomerId_1512,0.9690335982386701,0.06639453581688078,-0.014095857154429266,-0.12746333149351385,1
CustomerId_1513,-0.7055925061066672,-0.20184137393712492,-0.056209277401435526,-0.09491646648124456,0
CustomerId_1514,-0.37066728523759973,-0.17089107665781658,-0.06160064898022385,-0.1661760832286455,0
CustomerId_1515,1.4156005593974266,0.4584316346881199,-0.010470941792581828,-0.14348609761993011,1
CustomerId_1516,-0.7055925061066672,-0.19152460817735548,-0.05548245427050672,-0.1133967648318101,0
CustomerId_1517,0.00147184906136409,-0.1502575451382777,-0.05400120713025942,-0.13387546047655274,0
CustomerId_1518,-0.7055925061066672,-0.22247490545666382,-0.05988939452006237,-0.10551907489742213,0
CustomerId_1520,0.33639706993043156,-0.05740665330035263,-0.02716579310123249,-0.11085996690721721,0
CustomerId_1521,-0.7055925061066672,-0.2534252027359722,-0.06283348821496383,0.0,0
CustomerId_1523,-0.7055925061066672,-0.11930724785896933,0.039420037972930394,0.36987309368293414,0
CustomerId_1524,-0.7055925061066672,-0.21215813969689437,-0.05952138280819968,-0.11621543714933458,0
CustomerId_1525,-0.7055925061066672,-0.2534252027359722,-0.06283348821496383,0.0,0
CustomerId_1526,-0.7055925061066672,-0.2534252027359722,-0.06301749407089519,0.0,0
CustomerId_1528,-0.593950765816978,-0.21215813969689437,-0.0588663219610841,-0.12305602706465754,0
CustomerId_1529,-0.6683785926767708,0.025127472777802976,-0.053123131185755054,-0.15981910865814872,0
CustomerId_1531,-0.7055925061066672,-0.2534252027359722,-0.06209746479123847,0.0,0
CustomerId_1532,0.9318196848087736,-0.05740665330035263,0.1547924456653056,0.4989205870330494,1
CustomerId_1533,0.7457501176592918,0.6647669498835089,-0.009497550814705028,-0.1176278619738942,1
CustomerId_1535,-0.5567368523870817,-0.19152460817735548,22.095794967509583,34.06599139917749,2
CustomerId_1537,0.5968944639397062,-0.016139590261274823,-0.026705410449692275,-0.12628548590016825,0
CustomerId_1538,0.5596805505098098,-0.10899048209919988,-0.03744068009643863,-0.1104441387105263,0
CustomerId_1540,-0.7055925061066672,-0.21215813969689437,-0.056209277401435526,-0.10464972991784459,0
CustomerId_1541,-0.29623945837780696,0.03544423853757243,-0.03434938171679209,-0.13534998897107473,0
CustomerId_1542,-0.7055925061066672,-0.21215813969689437,-0.05952138280819968,-0.1151796551841965,0
CustomerId_1543,-0.7055925061066672,-0.21215813969689437,-0.05584126568957284,-0.10403357451321088,0
CustomerId_1545,2.0482370877056653,0.4584316346881199,0.02621982588012778,-0.04804255650895455,1
CustomerId_1546,2.420376222004629,0.25209631949273087,0.054562247869232396,-0.08073632694864188,1
CustomerId_1547,-0.33345337180770335,0.27272985101226976,-0.024836278965141702,-0.14380284266708163,0
CustomerId_1550,0.2991831565005352,-0.11930724785896933,-0.04112079721506547,-0.10963432975396736,0
CustomerId_1554,1.7877396936963905,0.0044939412582640755,-0.05152632836798287,-0.15477645128975456,1
CustomerId_1557,0.8573918579489809,-0.0058228245015053744,-0.019040094503304426,-0.10920971690113648,1
CustomerId_1561,-0.7055925061066672,-0.21215813969689437,-0.05584126568957284,-0.10403357451321088,0
CustomerId_1562,-0.7055925061066672,-0.2327916712164333,-0.06182145600734146,-0.13999346403203664,0
CustomerId_1564,0.2619692430706388,0.025127472777802976,-0.05675025461787367,-0.14131732257639645,0
CustomerId_1565,-0.2218116315180142,-0.08835695057966098,-0.04126800189981055,-0.12016271734743565,0
CustomerId_1566,-0.7055925061066672,-0.2534252027359722,-0.06283348821496383,0.0,0
CustomerId_1567,-0.593950765816978,-0.2327916712164333,0.304994217791789,2.8094346705123505,0
CustomerId_1568,0.4852527236500171,-0.10899048209919988,-0.054796112427882814,-0.14531388026911973,0
CustomerId_1569,-0.7055925061066672,-0.2534252027359722,-0.0613614413675131,0.0,0
CustomerId_1570,-0.7055925061066672,-0.17089107665781658,-0.052529160282808685,-0.12080442478607582,0
CustomerId_1571,-0.7055925061066672,-0.2534252027359722,-0.05952138280819968,0.0,0
CustomerId_1572,-0.2218116315180142,-0.12962401361873876,-0.04112079721506547,-0.1080416392189638,0
CustomerId_1573,-0.7055925061066672,-0.20184137393712492,-0.056209277401435526,-0.09491646648124456,0
CustomerId_1576,1.0434614250984628,0.6750837156432784,0.027547244124816482,-0.07688729114667223,1
CustomerId_1577,-0.6311646792468745,-0.2327916712164333,-0.06126943843954743,-0.1444387517295614,0
CustomerId_1578,-0.4823090255272889,-0.13994077937850824,-0.03376056297781179,-0.07683758667017358,0
CustomerId_1579,0.4852527236500171,-0.05740665330035263,-0.03008044585918495,-0.09449521368518052,0
CustomerId_1580,0.038685762491260475,-0.20184137393712492,-0.06101845445205708,-0.16404437429398355,0
CustomerId_1581,-0.7055925061066672,-0.12962401361873876,-0.05400120713025942,-0.1361659558361455,0
CustomerId_1583,0.1503275027809496,-0.17089107665781658,-0.06035676939412797,-0.16191264160525093,0
CustomerId_1584,2.420376222004629,0.344947211330656,0.0248320537146936,-0.07542677949444015,1
CustomerId_1587,-0.593950765816978,-0.10899048209919988,-0.056225837928469344,-0.15677788669506623,0
CustomerId_1588,1.4156005593974266,0.07671130157665022,-0.017700531872124257,-0.027376616833704022,1
CustomerId_1591,-0.4823090255272889,-0.17089107665781658,-0.050321090011632576,-0.10628508074808662,0
CustomerId_1593,-0.03574206436853229,-0.12962401361873876,-0.044800914333692314,-0.09042731856684832,0
CustomerId_1594,2.420376222004629,0.6544501841237395,0.07461888616574869,-0.11771764067501067,1
CustomerId_1595,-0.4078811986674961,-0.22247490545666382,-0.06616399420732114,-0.11848927782232131,0
CustomerId_1597,-0.7055925061066672,-0.2534252027359722,-0.044800914333692314,0.0,0
CustomerId_1599,-0.7055925061066672,-0.2327916712164333,-0.06320149992682653,-0.16485310972961473,0
CustomerId_1601,-0.7055925061066672,-0.2327916712164333,-0.06335974496292747,-0.1654740664481018,0
CustomerId_1602,0.37361098336032794,0.3346304455708865,1.49404373893724,3.62932259411671,0
CustomerId_1604,-0.6683785926767708,0.045761004297341874,-0.03919775201472702,-0.12744848155932723,0
CustomerId_1605,-0.7055925061066672,-0.2534252027359722,-0.06253907884547369,0.0,0
CustomerId_1608,-0.593950765816978,-0.09867371633943042,-0.055822865103979706,-0.15626438453824265,0
CustomerId_1609,-0.7055925061066672,-0.21215813969689437,-0.06284268850776041,-0.16594973141922933,0
CustomerId_1610,-0.7055925061066672,-0.2534252027359722,-0.06301749407089519,0.0,0
CustomerId_1611,-0.7055925061066672,-0.21215813969689437,-0.056209277401435526,-0.10464972991784459,0
CustomerId_1612,-0.7055925061066672,-0.2534252027359722,-0.05584126568957284,0.0,0
CustomerId_1613,0.5968944639397062,-0.07804018481989153,-0.03376056297781179,-0.11002139478262007,0
CustomerId_1614,-0.7055925061066672,-0.21215813969689437,-0.06283348821496383,-0.16687243012811143,0
CustomerId_1615,-0.7055925061066672,-0.21215813969689437,-0.05952138280819968,-0.11438652722671924,0
CustomerId_1617,-0.7055925061066672,-0.2534252027359722,-0.06301749407089519,0.0,0
CustomerId_1618,-0.03574206436853229,-0.12962401361873876,-0.03744068009643863,-0.0606861184816719,0
CustomerId_1619,-0.7055925061066672,-0.2534252027359722,-0.0613614413675131,0.0,0
CustomerId_1620,-0.7055925061066672,-0.21215813969689437,-0.05584126568957284,-0.10403357451321088,0
CustomerId_1621,-0.7055925061066672,-0.2534252027359722,-0.06283348821496383,0.0,0
CustomerId_1622,2.3831623085747324,1.0361705172352091,0.057493461154218675,-0.11338225856780104,1
CustomerId_1623,-0.7055925061066672,-0.21215813969689437,-0.05584126568957284,-0.10403357451321088,0
CustomerId_1624,0.2991831565005352,-0.07804018481989153,-0.03560062153712521,-0.10417896574487852,0
CustomerId_1625,0.5596805505098098,-0.04708988754058317,-0.03376056297781179,-0.10159195329390834,0
CustomerId_1626,-0.7055925061066672,-0.12962401361873876,-0.06103943111963325,-0.16758311273373502,0
CustomerId_1627,-0.7055925061066672,-0.2534252027359722,-0.06301749407089519,0.0,0
CustomerId_1629,-0.7055925061066672,-0.2534252027359722,-0.06301749407089519,0.0,0
CustomerId_1632,2.420376222004629,0.43779810316858103,0.057911154447182825,-0.11235471123236335,1
CustomerId_1634,0.33639706993043156,-0.06772341906012208,-0.028645200182920483,-0.1088341326791597,0
CustomerId_1635,-0.7055925061066672,-0.20184137393712492,-0.05584126568957284,-0.09297365549822892,0
CustomerId_1636,1.0434614250984628,0.06639453581688078,-0.035358469830719566,-0.12572940735300545,1
CustomerId_1637,-0.7055925061066672,-0.2534252027359722,-0.05952138280819968,0.0,0
CustomerId_1638,-0.7055925061066672,-0.2327916712164333,-0.06339470607555443,-0.16593783076691973,0
CustomerId_1639,-0.593950765816978,-0.11930724785896933,-0.05678337567194131,-0.15729519102654885,0
CustomerId_1640,-0.7055925061066672,-0.18120784241758603,-0.06195946039928996,-0.16436975460293177,0
CustomerId_1641,-0.7055925061066672,-0.20184137393712492,-0.056209277401435526,-0.09491646648124456,0
CustomerId_1642,-0.29623945837780696,-0.16057431089804713,-0.05278308836399394,-0.1239612771994368,0
CustomerId_1643,-0.7055925061066672,-0.21215813969689437,-0.056209277401435526,-0.10464972991784459,0
CustomerId_1645,-0.7055925061066672,-0.21215813969689437,-0.05584126568957284,-0.10403357451321088,0
CustomerId_1646,-0.7055925061066672,-0.24310843697620274,-0.06338550578275787,-0.16283968826981937,0
CustomerId_1647,0.1503275027809496,-0.06772341906012208,-0.057166107852278505,-0.16450989332198515,0
CustomerId_1649,-0.7055925061066672,-0.2327916712164333,-0.06339470607555443,-0.16593783076691973,0
CustomerId_1651,-0.7055925061066672,-0.24310843697620274,-0.05584126568957284,-0.17381180786287367,0
CustomerId_1652,-0.7055925061066672,-0.2534252027359722,-0.0613614413675131,0.0,0
CustomerId_1653,0.37361098336032794,-0.20184137393712492,0.5478727473283639,6.836253123113353,0
CustomerId_1655,-0.4450951120973925,-0.17089107665781658,-0.048481031452319155,-0.106948641494631,0
CustomerId_1656,2.4575901354345255,0.6647669498835089,0.33026558204539946,0.048062278933368306,1
CustomerId_1657,-0.7055925061066672,-0.2327916712164333,-0.06099342965565042,-0.17381180786287367,0
CustomerId_1658,1.564456213117012,0.17987895917434474,-0.025098303303987934,-0.12960628671907978,1
CustomerId_1659,-0.7055925061066672,-0.2327916712164333,-0.002479567469483642,0.7759369598317573,0
CustomerId_1660,-0.7055925061066672,-0.2534252027359722,-0.06283348821496383,0.0,0
CustomerId_1661,0.4852527236500171,-0.05740665330035263,-0.04417860652893252,-0.1275423223539807,0
CustomerId_1663,0.8946057713788773,4.688305596193595,0.5601326894973574,-0.0911491717084047,1
CustomerId_1664,-0.7055925061066672,-0.2534252027359722,-0.06283348821496383,0.0,0
CustomerId_1666,-0.7055925061066672,-0.2534252027359722,-0.044800914333692314,0.0,0
CustomerId_1669,-0.7055925061066672,-0.2327916712164333,-0.06339470607555443,-0.16593783076691973,0
CustomerId_1670,-0.37066728523759973,-0.10899048209919988,0.02132527011235408,0.1604425001446443,0
CustomerId_1671,-0.7055925061066672,-0.24310843697620274,-0.05952138280819968,-0.17381180786287367,0
CustomerId_1672,-0.03574206436853229,-0.20184137393712492,-0.05574926276160717,-0.13483889672967667,0
CustomerId_1674,-0.7055925061066672,-0.2534252027359722,-0.05584126568957284,0.0,0
CustomerId_1676,1.8621675205561832,0.06639453581688078,-0.002847579181346326,-0.10830763171828299,1
CustomerId_1679,-0.7055925061066672,-0.22247490545666382,-0.05988939452006237,-0.10551907489742213,0
CustomerId_1680,0.6341083773696026,-0.1502575451382777,0.2102864037439272,1.3561346242399446,0
CustomerId_1681,-0.03574206436853229,-0.12962401361873876,-0.044800914333692314,-0.09042731856684832,0
CustomerId_1683,1.5272422996871158,-0.13994077937850824,-0.026584334596489453,-0.045695337275803806,1
CustomerId_1684,-0.4450951120973925,-0.12962401361873876,-0.04075278550320279,-0.11212103680093242,0
CustomerId_1686,-0.7055925061066672,-0.2534252027359722,-0.06283348821496383,0.0,0
CustomerId_1687,-0.7055925061066672,-0.2534252027359722,-0.06246547650310116,0.0,0
CustomerId_1688,0.33639706993043156,-0.09867371633943042,-0.02243353049839024,-0.09928675982554212,0
CustomerId_1690,-0.4078811986674961,-0.04708988754058317,0.6793099702786809,1.2637033486292215,0
CustomerId_1692,0.5224666370799135,-0.19152460817735548,-0.05880375997006745,-0.13531322374635968,0
CustomerId_1694,0.8573918579489809,-0.036773121780813725,-0.02640032874055811,-0.11006512465733267,1
CustomerId_1695,0.5596805505098098,0.7266675444421257,0.22580803371515965,0.15110136318793932,1
CustomerId_1696,-0.4078811986674961,-0.1502575451382777,-0.05249603922874104,-0.13894955883369542,0
CustomerId_1697,-0.2218116315180142,-0.16057431089804713,-0.052161148570945996,-0.10730524759125912,0
CustomerId_1698,0.038685762491260475,-0.24310843697620274,0.12043634429265286,3.4908761362172553,0
CustomerId_1699,1.3039588191077376,1.2940896612294455,0.1635489163373663,-0.07824215418890751,1
CustomerId_1701,0.4852527236500171,-0.0058228245015053744,-0.03744068009643863,-0.10981648552727713,0
CustomerId_1702,-0.6683785926767708,-0.11930724785896933,-0.0587559184475253,-0.16202876461881013,0
CustomerId_1703,-0.7055925061066672,-0.2327916712164333,-0.06339470607555443,-0.16593783076691973,0
CustomerId_1705,-0.7055925061066672,-0.2327916712164333,-0.06321990051241966,-0.16346288494716935,0
CustomerId_1707,-0.11016989122832506,-0.19152460817735548,-0.059153371096337,-0.1448317200147635,0
CustomerId_1708,-0.7055925061066672,-0.20184137393712492,-0.05584126568957284,-0.11083131750309565,0
CustomerId_1709,2.6436597025840074,5.14224328962345,0.25033895840450243,-0.14062710959537794,1
CustomerId_1710,-0.6683785926767708,-0.21215813969689437,-0.06210482502547572,-0.1619895844842278,0
CustomerId_1712,-0.7055925061066672,-0.2534252027359722,-0.06283348821496383,0.0,0
CustomerId_1713,1.3783866459675302,0.22114602221342253,-0.047445446495137565,-0.16353853876660565,1
CustomerId_1714,-0.4823090255272889,-0.19152460817735548,-0.052529160282808685,-0.09699453167389471,0
CustomerId_1716,-0.7055925061066672,-0.2534252027359722,-0.03376056297781179,0.0,0
CustomerId_1717,-0.03574206436853229,-0.13994077937850824,-0.048481031452319155,-0.09930273117906566,0
CustomerId_1719,-0.7055925061066672,-0.2534252027359722,-0.0613614413675131,0.0,0
CustomerId_1720,-0.7055925061066672,-0.20184137393712492,-0.056209277401435526,-0.09491646648124456,0
CustomerId_1721,-0.7055925061066672,-0.20184137393712492,-0.056209277401435526,-0.09491646648124456,0
CustomerId_1722,-0.7055925061066672,-0.2534252027359722,-0.06283348821496383,0.0,0
CustomerId_1723,-0.7055925061066672,-0.2534252027359722,-0.06290709055733637,0.0,0
CustomerId_1724,-0.7055925061066672,-0.2534252027359722,0.3048102119358576,0.0,0
CustomerId_1725,-0.5567368523870817,-0.05740665330035263,-0.05365159600398987,-0.15658254175427203,0
CustomerId_1726,-0.593950765816978,-0.20184137393712492,-0.06066957934921126,-0.151566639007385,0
CustomerId_1728,-0.7055925061066672,-0.2327916712164333,-0.06154544722344445,-0.14151076238200508,0
CustomerId_1729,-0.7055925061066672,-0.18120784241758603,-0.048481031452319155,-0.11119240294365769,0
CustomerId_1730,0.11311358935105324,0.38621427436973377,-0.0019533107215200032,-0.09619396028820289,0
CustomerId_1731,-0.4823090255272889,-0.026456356021044274,0.06486657580138755,0.2538971298537148,0
CustomerId_1732,-0.07295597779842868,-0.07804018481989153,-0.003951614316934378,0.09618114235961532,0
CustomerId_1733,1.8621675205561832,0.12829513037549747,0.0030406082084566202,-0.10665535069578914,1
CustomerId_1735,-0.14738380465822143,-0.2327916712164333,-0.06945769902849215,-0.0961697573746296,0
CustomerId_1736,-0.7055925061066672,-0.24310843697620274,-0.06302669436369175,-0.1699715660053047,0
CustomerId_1738,-0.7055925061066672,-0.21215813969689437,-0.05584126568957284,-0.10403357451321088,0
CustomerId_1739,1.266744905677841,-0.06772341906012208,-0.059009478516998684,-0.16937961291928944,1
CustomerId_1741,-0.7055925061066672,-0.2327916712164333,-0.05841734767261163,-0.12278304092705135,0
CustomerId_1742,-0.6683785926767708,-0.2327916712164333,-0.060625417943787736,-0.16186687701852842,0
CustomerId_1744,-0.7055925061066672,-0.2534252027359722,-0.0613614413675131,0.0,0
CustomerId_1748,-0.6683785926767708,-0.2327916712164333,-0.03964875036761474,0.1905085828896562,0
CustomerId_1749,-0.7055925061066672,-0.22247490545666382,-0.06285188880055698,-0.1638593165000845,0
CustomerId_1750,2.5692318757242143,-0.04708988754058317,-0.05396440595907315,-0.15932223394038458,1
CustomerId_1752,-0.7055925061066672,-0.22247490545666382,-0.06285188880055698,-0.1638593165000845,0
CustomerId_1753,-0.7055925061066672,-0.2534252027359722,0.028801428038844508,0.0,0
CustomerId_1754,-0.7055925061066672,-0.2534252027359722,-0.06301749407089519,0.0,0
CustomerId_1755,-0.7055925061066672,-0.2534252027359722,-0.0613614413675131,0.0,0
CustomerId_1756,-0.7055925061066672,-0.2534252027359722,-0.0613614413675131,0.0,0
CustomerId_1757,0.00147184906136409,-0.22247490545666382,-0.06285188880055698,-0.17067626351623302,0
CustomerId_1758,2.3459483951448363,0.6750837156432784,-0.021356912235335954,-0.13511009812300237,1
CustomerId_1759,0.37361098336032794,-0.16057431089804713,-0.054369218842122105,-0.1128165883965363,0
CustomerId_1762,-0.4823090255272889,-0.16057431089804713,-0.057625018456971266,-0.1533926807879649,0
CustomerId_1763,-0.4823090255272889,-0.12962401361873876,-0.048481031452319155,-0.11025883467185521,0
CustomerId_1764,-0.7055925061066672,-0.24310843697620274,-0.059153371096337,-0.10797909030454801,0
CustomerId_1767,0.7829640310891881,-0.04708988754058317,0.045339874369953535,0.014477784740150882,1
CustomerId_1768,2.1598788279953545,0.43779810316858103,0.01741220158011816,-0.10533060987303121,1
CustomerId_1769,-0.7055925061066672,-0.2534252027359722,-0.05952138280819968,0.0,0
CustomerId_1770,-0.5567368523870817,-0.18120784241758603,-0.0577549265912588,-0.12874442117479767,0
CustomerId_1773,-0.4450951120973925,-0.016139590261274823,-0.03368455015872655,-0.10086054152018901,0
CustomerId_1774,1.638884039976805,0.12829513037549747,0.002672596496593936,-0.10754524216727906,1
CustomerId_1776,-0.7055925061066672,-0.24310843697620274,-0.06302117418801381,-0.17008128720123522,0
CustomerId_1782,-0.4450951120973925,-0.06772341906012208,-0.0466748299704971,-0.12314587618122366,0
CustomerId_1784,-0.4450951120973925,-0.17089107665781658,-0.048481031452319155,-0.106948641494631,0
CustomerId_1786,1.0806753385283592,0.03544423853757243,-0.007999743147423903,-0.11107417452792646,1
CustomerId_1790,-0.03574206436853229,0.014810707018033525,0.007718037066231335,-0.05576339813517331,0
CustomerId_1791,-0.7055925061066672,-0.20184137393712492,-0.052161148570945996,-0.1064525645664793,0
CustomerId_1792,-0.7055925061066672,-0.2534252027359722,0.3048102119358576,0.0,0
CustomerId_1794,-0.6311646792468745,-0.17089107665781658,-0.05952138280819968,-0.13410127496362814,0
CustomerId_1795,-0.07295597779842868,-0.16057431089804713,-0.04884904316418184,-0.07944811421476074,0
CustomerId_1797,-0.7055925061066672,-0.2327916712164333,-0.06025740623192505,-0.16783934244070103,0
CustomerId_1798,-0.7055925061066672,-0.2534252027359722,-0.044800914333692314,0.0,0
CustomerId_1800,-0.7055925061066672,-0.21215813969689437,-0.05768132424888626,-0.10403357451321088,0
CustomerId_1801,-0.37066728523759973,-0.07804018481989153,-0.05883136084845715,-0.16561697808879708,0
CustomerId_1802,-0.7055925061066672,-0.2327916712164333,-0.055473253977710156,-0.12005961906332008,0
CustomerId_1805,1.0434614250984628,0.03544423853757243,0.06326360878744167,0.18729655468522147,1
CustomerId_1806,-0.5195229389571853,-0.05740665330035263,-0.04112079721506547,-0.12919153928940563,0
CustomerId_1807,-0.7055925061066672,-0.20184137393712492,-0.052161148570945996,-0.09368277579940393,0
CustomerId_1809,0.22475532964074238,-0.06772341906012208,-0.04253527967054665,-0.13173317451850938,0
CustomerId_1810,1.0062475116685665,-0.026456356021044274,-0.03192050441849837,-0.10157203134123324,1
CustomerId_1811,-0.6311646792468745,-0.2327916712164333,-0.06247467679589772,-0.16769003080514672,0
CustomerId_1812,1.0806753385283592,0.09734483309618913,0.08539942125305415,0.4164346479438814,1
CustomerId_1813,-0.593950765816978,-0.21215813969689437,-0.05610623412211397,-0.09922425456322899,0
CustomerId_1815,2.6436597025840074,0.5512825265260449,-0.035046763910771876,-0.16011592270217576,1
CustomerId_1817,-0.7055925061066672,-0.20184137393712492,-0.056209277401435526,-0.09491646648124456,0
CustomerId_1820,-0.33345337180770335,-0.16057431089804713,-0.0577549265912588,-0.15238405347946754,0
CustomerId_1821,-0.7055925061066672,-0.2534252027359722,-0.05952138280819968,0.0,0
CustomerId_1825,2.1598788279953545,-0.06772341906012208,-0.019040094503304426,-0.08258463007382436,1
CustomerId_1827,-0.7055925061066672,-0.20184137393712492,-0.056209277401435526,-0.09491646648124456,0
CustomerId_1828,-0.7055925061066672,-0.21215813969689437,-0.05988939452006237,-0.09455559396847749,0
CustomerId_1830,-0.7055925061066672,-0.17089107665781658,-0.06217106713361101,-0.16637115297203486,0
CustomerId_1831,0.2619692430706388,-0.11930724785896933,0.04602437615401812,0.2385812324860198,0
CustomerId_1833,-0.7055925061066672,-0.16057431089804713,0.22531968217351786,0.7978870863702895,0
CustomerId_1835,-0.7055925061066672,-0.20184137393712492,-0.056209277401435526,-0.09491646648124456,0
CustomerId_1836,-0.7055925061066672,-0.2534252027359722,-0.0613614413675131,0.0,0
CustomerId_1838,-0.7055925061066672,-0.2534252027359722,-0.06283348821496383,0.0,0
CustomerId_1839,0.07589967592115686,-0.08835695057966098,-0.05340208406334697,-0.14482169765120564,0
CustomerId_1841,0.5968944639397062,-0.036773121780813725,-0.022720211621931267,-0.10948638665625024,0
CustomerId_1843,-0.14738380465822143,-0.12962401361873876,-0.06284636862487904,-0.16439248369123038,0
CustomerId_1844,-0.4450951120973925,-0.16057431089804713,-0.0458405474197044,-0.11736515671431073,0
CustomerId_1845,0.187541416210846,-0.12962401361873876,-0.052749967309926295,-0.14347369354914372,0
CustomerId_1846,-0.03574206436853229,-0.09867371633943042,-0.049388180322060674,-0.06599516016287901,0
CustomerId_1848,0.7085362042293953,-0.10899048209919988,-0.03481307647373907,-0.0429460678613787,1
CustomerId_1849,2.4948040488644216,0.03544423853757243,-0.04103983463845568,-0.14629954906082274,1
CustomerId_1850,-0.7055925061066672,-0.2534252027359722,0.4924917688452842,0.0,0
CustomerId_1852,-0.7055925061066672,-0.2534252027359722,-0.06246547650310116,0.0,0
CustomerId_1853,-0.7055925061066672,-0.2534252027359722,-0.06283348821496383,0.0,0
CustomerId_1855,-0.6311646792468745,-0.21215813969689437,-0.06248387708869429,-0.16449878260052664,0
CustomerId_1856,-0.5195229389571853,-0.24310843697620274,-0.04089999018794786,0.26068412802207575,0
CustomerId_1858,0.8573918579489809,0.3139969140513476,1.297015788581637,2.9504427201025463,1
CustomerId_1859,-0.7055925061066672,-0.22247490545666382,-0.06321070021962309,-0.16649591862765725,0
CustomerId_1860,2.4948040488644216,0.22114602221342253,0.03981233845777602,-0.11320824529827979,1
CustomerId_1861,-0.7055925061066672,-0.21215813969689437,-0.056209277401435526,-0.10464972991784459,0
CustomerId_1862,-0.5567368523870817,-0.21215813969689437,-0.06230907152555951,-0.16844405975634094,0
CustomerId_1864,0.7829640310891881,0.014810707018033525,-0.022131392882950972,-0.1143595218717074,1
CustomerId_1867,0.9690335982386701,0.05607777005711133,-0.015359977384677585,-0.11309151954683992,1
CustomerId_1870,-0.7055925061066672,-0.22247490545666382,-0.05959498515057222,-0.10676306920287675,0
CustomerId_1871,-0.1845977180881178,-0.08835695057966098,-0.044800914333692314,-0.13223653245795228,0
CustomerId_1872,0.4108248967902243,-0.22247490545666382,-0.05584126568957284,-0.17381180786287367,0
CustomerId_1873,-0.7055925061066672,-0.2534252027359722,-0.06283348821496383,0.0,0
CustomerId_1874,1.8993814339860795,-0.036773121780813725,-0.029061053417325317,-0.10666333608252797,1
CustomerId_1875,2.420376222004629,0.736984310201895,0.16172011893643587,-0.08459419526070136,1
CustomerId_1876,-0.593950765816978,-0.2327916712164333,-0.059153371096337,-0.13464773301845734,0
CustomerId_1877,2.1970927414252506,-0.07804018481989153,0.003231974298625216,-0.0017357000257769003,1
CustomerId_1879,-0.7055925061066672,-0.2534252027359722,-0.06283348821496383,0.0,0
CustomerId_1881,1.8621675205561832,0.09734483309618913,0.02107318208972814,-0.11357939398892905,1
CustomerId_1882,-0.593950765816978,-0.22247490545666382,-0.06080942379971908,-0.15053642735815828,0
CustomerId_1884,-0.7055925061066672,-0.2534252027359722,-0.05952138280819968,0.0,0
CustomerId_1885,-0.7055925061066672,-0.2534252027359722,-0.007999743147423903,0.0,0
CustomerId_1886,-0.7055925061066672,-0.2327916712164333,-0.060625417943787736,-0.104933976537161,0
CustomerId_1887,-0.7055925061066672,-0.2534252027359722,-0.06283348821496383,0.0,0
CustomerId_1888,-0.7055925061066672,-0.2534252027359722,-0.05952138280819968,0.0,0
CustomerId_1889,2.420376222004629,0.42748133740881156,0.06124180764422487,-0.09639855027771253,1
CustomerId_1890,-0.7055925061066672,-0.17089107665781658,-0.03376056297781179,-0.06650115693506878,0
CustomerId_1891,-0.593950765816978,-0.1502575451382777,0.6760751473314078,6.061489287165948,0
CustomerId_1892,-0.7055925061066672,-0.2534252027359722,-0.05952138280819968,0.0,0
CustomerId_1895,-0.4823090255272889,-0.12962401361873876,-0.05917250770535386,-0.16417440454504353,0
CustomerId_1898,2.1598788279953545,0.344947211330656,0.017761076682963985,-0.11653761874123428,1
CustomerId_1899,-0.4823090255272889,-0.16057431089804713,-0.044800914333692314,-0.1082052425275476,0
CustomerId_1900,-0.7055925061066672,-0.2534252027359722,-0.052161148570945996,0.0,0
CustomerId_1901,0.038685762491260475,-0.08835695057966098,-0.03376056297781179,-0.10861563431222566,0
CustomerId_1903,-0.7055925061066672,-0.2534252027359722,-0.05952138280819968,0.0,0
CustomerId_1906,1.4900283862572195,0.17987895917434474,0.007013294638014296,-0.043534165680158464,1
CustomerId_1907,-0.7055925061066672,-0.24310843697620274,-0.059153371096337,-0.10797909030454801,0
CustomerId_1908,1.1178892519582555,1.3044064269892148,-0.015953580275912097,-0.15956797502223513,1
CustomerId_1911,-0.2590255449479106,0.15924542765480584,1.8564841214940349,1.1617979833589684,0
CustomerId_1913,-0.7055925061066672,-0.2534252027359722,-0.06301749407089519,0.0,0
CustomerId_1914,-0.7055925061066672,-0.21215813969689437,-0.05924537402430267,-0.14647676598288015,0
CustomerId_1915,0.671322290799499,-0.1502575451382777,-0.06149981377117347,-0.0911398817169485,0
CustomerId_1916,-0.29623945837780696,-0.09867371633943042,-0.058459669019475836,-0.16451029035339695,0
CustomerId_1917,0.1503275027809496,-0.19152460817735548,0.054562247869232396,0.4777815498455128,0
CustomerId_1918,-0.7055925061066672,-0.2534252027359722,-0.06301749407089519,0.0,0
CustomerId_1919,-0.7055925061066672,-0.21215813969689437,-0.056209277401435526,-0.10464972991784459,0
CustomerId_1922,-0.7055925061066672,-0.21215813969689437,-0.05584126568957284,-0.10403357451321088,0
CustomerId_1923,-0.7055925061066672,-0.21215813969689437,-0.05584126568957284,-0.10403357451321088,0
CustomerId_1925,-0.5195229389571853,0.20051249069388363,-0.041792418589214876,-0.1489274589384564,0
CustomerId_1927,-0.7055925061066672,-0.22247490545666382,-0.05628287974380806,-0.11041358806198114,0
CustomerId_1928,-0.6683785926767708,-0.2327916712164333,-0.06287028938615011,-0.1675407191695924,0
CustomerId_1929,1.2295309922479447,2.4083003632845457,0.26950390800329255,-0.09412588733887756,1
CustomerId_1930,-0.7055925061066672,-0.20184137393712492,-0.056209277401435526,-0.09491646648124456,0
CustomerId_1931,0.07589967592115686,-0.16057431089804713,-0.048481031452319155,-0.11004332719278538,0
CustomerId_1932,0.11311358935105324,0.06639453581688078,-0.05247395852602928,-0.1501995199662873,0
CustomerId_1935,-0.7055925061066672,-0.2534252027359722,-0.06283348821496383,0.0,0
CustomerId_1937,2.3459483951448363,0.42748133740881156,0.025320037244623516,-0.1049104205509802,1
CustomerId_1938,0.671322290799499,0.41716457164904214,-0.03606910044632641,-0.1509850491079119,1
CustomerId_1942,-0.4078811986674961,-0.19152460817735548,-0.06213426596242474,-0.165575464672012,0
CustomerId_1943,1.6016701265469087,0.27272985101226976,-0.04263332535082111,-0.13342755146734891,1
CustomerId_1944,0.07589967592115686,-0.20184137393712492,-0.038176703520164,0.05049382985153289,0
CustomerId_1945,-0.7055925061066672,-0.22247490545666382,-0.06068061970056714,-0.14498770032308758,0
CustomerId_1946,0.22475532964074238,-0.05740665330035263,-0.03376056297781179,-0.09868908310830711,0
CustomerId_1947,-0.5195229389571853,0.025127472777802976,-0.0026525329740591033,0.021184452090307487,0
CustomerId_1950,-0.2218116315180142,-0.17089107665781658,-0.04884904316418184,-0.1071712966795745,0
CustomerId_1951,-0.7055925061066672,-0.24310843697620274,-0.06246547650310116,-0.17381180786287367,0
CustomerId_1956,0.9318196848087736,0.3552639770904254,-0.01946698808906514,-0.13966015250573163,1
CustomerId_1961,-0.7055925061066672,-0.2534252027359722,-0.06283348821496383,0.0,0
CustomerId_1963,-0.593950765816978,-0.20184137393712492,-0.05788373069041074,-0.15140809573695527,0
CustomerId_1965,0.8573918579489809,-0.0058228245015053744,-0.01664801837619698,-0.11450819598770559,1
CustomerId_1966,-0.7055925061066672,-0.2534252027359722,-0.05952138280819968,0.0,0
CustomerId_1967,-0.6311646792468745,-0.21215813969689437,-0.0599077951056555,-0.05735079954073442,0
CustomerId_1968,-0.6683785926767708,-0.18120784241758603,-0.05670609321245015,-0.11983014231835273,0
CustomerId_1969,2.5692318757242143,0.8298352020398201,0.14990819422546406,0.034757085119353236,1
CustomerId_1970,0.671322290799499,-0.19152460817735548,-0.058141338888714617,-0.14811508141715626,0
CustomerId_1971,-0.7055925061066672,-0.20184137393712492,-0.056209277401435526,-0.09491646648124456,0
CustomerId_1972,-0.7055925061066672,-0.24310843697620274,-0.06338550578275787,-0.16283968826981937,0
CustomerId_1973,-0.4823090255272889,-0.16057431089804713,-0.048481031452319155,-0.10985714145154664,0
CustomerId_1974,0.22475532964074238,-0.0058228245015053744,-0.027504363876146163,-0.09390120253996363,0
CustomerId_1975,-0.7055925061066672,-0.20184137393712492,-0.056209277401435526,-0.09491646648124456,0
CustomerId_1976,-0.5195229389571853,1.2218723009110593,0.08554036973869755,-0.07544575550367474,0
CustomerId_1978,-0.7055925061066672,-0.20184137393712492,-0.05584126568957284,-0.09297365549822892,0
CustomerId_1979,-0.4450951120973925,1.6035926340225288,0.049619114555492824,-0.10244812145842119,0
CustomerId_1980,-0.7055925061066672,-0.24310843697620274,-0.026216322884626768,0.5540054584763934,0
CustomerId_1981,-0.5567368523870817,-0.18120784241758603,-0.0613743217774283,-0.1672738906504108,0
CustomerId_1983,-0.7055925061066672,-0.12962401361873876,-0.054369218842122105,-0.13595698727141725,0
CustomerId_1984,-0.7055925061066672,-0.2534252027359722,0.1355248244790229,0.0,0
CustomerId_1985,2.30873448171494,0.4893819319674283,0.0025195036244590593,-0.10027989077500271,1
CustomerId_1986,-0.7055925061066672,-0.24310843697620274,-0.06338550578275787,-0.16283968826981937,0
CustomerId_1987,2.606445789154111,4.120883479406275,0.787629286308523,-0.049691885843086425,1
CustomerId_1988,-0.6683785926767708,-0.016139590261274823,0.6406963414114888,0.4622928867282976,0
CustomerId_1990,-0.7055925061066672,-0.20184137393712492,-0.05584126568957284,-0.09297365549822892,0
CustomerId_1991,-0.7055925061066672,-0.22247490545666382,-0.05952138280819968,-0.10390589236919377,0
CustomerId_1994,-0.1845977180881178,-0.17089107665781658,-0.06209930484979778,-0.16685572291302594,0
CustomerId_1995,2.234306654855147,2.6043189127201654,0.2853632365616815,-0.059593982138750175,1
CustomerId_1996,-0.593950765816978,-0.09867371633943042,-0.043372292868241374,-0.13485974462739173,0
CustomerId_1997,-0.7055925061066672,-0.21215813969689437,-0.06200178174615417,-0.16928469483137823,0
CustomerId_1998,-0.7055925061066672,-0.2327916712164333,-0.05584126568957284,-0.14394948075201056,0
CustomerId_1999,-0.6683785926767708,-0.24310843697620274,-0.025848311172764083,0.5466907120810238,0
CustomerId_2,-0.7055925061066672,-0.2534252027359722,-0.06688161704545337,0.0,0
CustomerId_2001,-0.4078811986674961,-0.11930724785896933,-0.059606025501928096,-0.1633913851775305,0
CustomerId_2002,-0.7055925061066672,-0.24310843697620274,-0.06117743551158176,-0.14089544908371085,0
CustomerId_2003,-0.5567368523870817,-0.10899048209919988,-0.029133183712850404,-0.05025410731842028,0
CustomerId_2004,-0.4078811986674961,-0.24310843697620274,-0.06264948235903249,-0.1701544346651889,0
CustomerId_2006,0.37361098336032794,0.5100154634869671,0.2020723823351521,0.2326306304329945,0
CustomerId_2007,-0.7055925061066672,-0.2534252027359722,-0.06301749407089519,0.0,0
CustomerId_2008,-0.7055925061066672,-0.2534252027359722,-0.06301749407089519,0.0,0
CustomerId_2009,-0.2218116315180142,-0.10899048209919988,-0.03928073865575205,-0.11228009128893067,0
CustomerId_2012,0.07589967592115686,-0.08835695057966098,-0.046456967037074394,-0.12665646618654902,0
CustomerId_2013,2.3831623085747324,1.2425058324305982,0.06615682486317813,-0.09957721155358201,1
CustomerId_2014,-0.7055925061066672,-0.20184137393712492,-0.05584126568957284,-0.09297365549822892,0
CustomerId_2015,-0.4823090255272889,-0.16057431089804713,-0.048481031452319155,-0.10985714145154664,0
CustomerId_2016,0.038685762491260475,-0.10899048209919988,-0.05776302284891978,-0.15720405203893215,0
CustomerId_2017,-0.6683785926767708,0.6131831210846617,-0.019052974913219622,-0.11671902549678634,0
CustomerId_2018,-0.29623945837780696,-0.17089107665781658,-0.052161148570945996,-0.09867971209539038,0
CustomerId_2019,-0.7055925061066672,-0.2534252027359722,-0.06246547650310116,0.0,0
CustomerId_2020,-0.7055925061066672,-0.21215813969689437,-0.05768132424888626,-0.10403357451321088,0
CustomerId_2022,-0.6311646792468745,-0.22247490545666382,-0.0626770832374222,-0.16865514943210919,0
CustomerId_2025,-0.7055925061066672,-0.20184137393712492,-0.056209277401435526,-0.09491646648124456,0
CustomerId_2029,-0.7055925061066672,-0.2534252027359722,-0.06283348821496383,0.0,0
CustomerId_2030,-0.7055925061066672,-0.2534252027359722,-0.06246547650310116,0.0,0
CustomerId_2032,1.9738092608458724,0.42748133740881156,0.024753299208354982,-0.11525993600375832,1
CustomerId_2033,0.8946057713788773,0.5203322292467366,-0.024431466082092748,-0.1523899587141885,1
CustomerId_2034,0.8573918579489809,-0.10899048209919988,-0.04332886748624158,-0.12434736854874807,1
CustomerId_2035,-0.2590255449479106,-0.16057431089804713,-0.05522300601364353,-0.13813277731122794,0
CustomerId_2036,-0.7055925061066672,-0.2534252027359722,-0.044800914333692314,0.0,0
CustomerId_2039,-0.7055925061066672,-0.2534252027359722,-0.06301749407089519,0.0,0
CustomerId_2040,-0.7055925061066672,-0.2534252027359722,-0.007999743147423903,0.0,0
CustomerId_2041,1.564456213117012,-0.19152460817735548,-0.05198450294925191,-0.12783317712413353,1
CustomerId_2042,0.22475532964074238,-0.05740665330035263,-0.03008044585918495,-0.09895194773502614,0
CustomerId_2046,-0.7055925061066672,-0.2534252027359722,-0.0613614413675131,0.0,0
CustomerId_2048,-0.7055925061066672,-0.2534252027359722,-0.06356951163868921,0.0,0
CustomerId_2049,-0.7055925061066672,-0.2534252027359722,-0.06283348821496383,0.0,0
CustomerId_2051,2.420376222004629,0.3655807428501949,0.050955733092978094,-0.1103130015024589,1
CustomerId_2052,1.638884039976805,1.76866088617884,0.039188190594456905,-0.13004937195177174,1
CustomerId_2053,-0.7055925061066672,-0.2534252027359722,-0.06283348821496383,0.0,0
CustomerId_2054,-0.7055925061066672,-0.18120784241758603,-0.06140560277293662,-0.16142996163531925,0
CustomerId_2055,0.5968944639397062,-0.13994077937850824,-0.05047197481349628,-0.13027328066191135,0
CustomerId_2056,-0.14738380465822143,-0.05740665330035263,-0.04742299778071394,-0.12722855168385983,0
CustomerId_2057,-0.7055925061066672,-0.20184137393712492,-0.056209277401435526,-0.09491646648124456,0
CustomerId_2059,-0.7055925061066672,-0.2534252027359722,-0.06279668704377757,0.0,0
CustomerId_2061,-0.4823090255272889,-0.11930724785896933,-0.048481031452319155,-0.1193586511333733,0
CustomerId_2062,1.7133118668365976,-0.08835695057966098,-0.04685993986156403,-0.11597648676627938,1
CustomerId_2063,0.8201779445190845,-0.016139590261274823,-0.02640032874055811,-0.11223959716364959,1
CustomerId_2064,1.936595347415976,0.14892866189503637,-0.03335759015332215,-0.14293911170996182,1
CustomerId_2065,-0.4823090255272889,-0.19152460817735548,-0.060662219114974,-0.1651532041762818,0
CustomerId_2067,-0.7055925061066672,-0.2534252027359722,-0.06246547650310116,0.0,0
CustomerId_2068,2.606445789154111,0.963953156916823,0.046406372310931594,-0.12209017322700928,1
CustomerId_2069,2.1970927414252506,0.25209631949273087,0.02347077839251353,-0.11699802580904962,1
CustomerId_2071,-0.7055925061066672,-0.2534252027359722,-0.05952138280819968,0.0,0
CustomerId_2072,1.266744905677841,0.08702806733641968,-0.011311848554188061,-0.1011031103734316,1
CustomerId_2073,-0.7055925061066672,-0.2534252027359722,-0.06283348821496383,0.0,0
CustomerId_2074,-0.7055925061066672,-0.20184137393712492,-0.056209277401435526,-0.09491646648124456,0
CustomerId_2075,0.7085362042293953,-0.19152460817735548,-0.0584688693122724,-0.15211928113989062,0
CustomerId_2076,-0.7055925061066672,-0.2534252027359722,-0.06264948235903249,0.0,0
CustomerId_2078,0.2619692430706388,-0.18120784241758603,-0.041146558034895864,-0.041699984369456745,0
CustomerId_2081,-0.7055925061066672,-0.2534252027359722,-0.06172945307937579,0.0,0
CustomerId_2083,-0.7055925061066672,-0.2534252027359722,-0.06283348821496383,0.0,0
CustomerId_2085,-0.7055925061066672,-0.2534252027359722,-0.0613614413675131,0.0,0
CustomerId_2086,2.1598788279953545,-0.2327916712164333,-0.044256257000135545,-0.015422024866855774,1
CustomerId_2089,-0.7055925061066672,-0.20184137393712492,-0.059550823745148695,-0.1594762982806846,0
CustomerId_2093,0.2991831565005352,-0.0058228245015053744,-0.003583602605071694,-0.07355618800910572,0
CustomerId_2094,2.532017962294318,1.3456734900282925,0.11806068148789448,-0.09471032843888887,1
CustomerId_2095,-0.7055925061066672,-0.2534252027359722,-0.05952138280819968,0.0,0
CustomerId_2097,-0.11016989122832506,-0.2327916712164333,-0.02640032874055811,0.42567022517223263,0
CustomerId_2098,-0.7055925061066672,-0.2534252027359722,-0.05952138280819968,0.0,0
CustomerId_2099,-0.7055925061066672,-0.21215813969689437,-0.05584126568957284,-0.10596186684705346,0
CustomerId_2101,-0.7055925061066672,-0.2534252027359722,-0.06301749407089519,0.0,0
CustomerId_2102,-0.7055925061066672,-0.19152460817735548,-0.04884904316418184,-0.07624703001672319,0
CustomerId_2103,-0.7055925061066672,-0.20184137393712492,-0.056209277401435526,-0.09491646648124456,0
CustomerId_2104,-0.7055925061066672,-0.20184137393712492,-0.056209277401435526,-0.09491646648124456,0
CustomerId_2105,-0.7055925061066672,-0.2534252027359722,-0.06283348821496383,0.0,0
CustomerId_2106,-0.07295597779842868,-0.11930724785896933,-0.044800914333692314,-0.08338214360155363,0
CustomerId_2107,-0.7055925061066672,-0.19152460817735548,-0.048481031452319155,-0.08706407891052712,0
CustomerId_2108,-0.7055925061066672,-0.24310843697620274,-0.048297025596387815,-0.1701544346651889,0
CustomerId_2109,-0.7055925061066672,-0.2327916712164333,-0.06283348821496383,-0.16186687701852842,0
CustomerId_2110,-0.7055925061066672,-0.2534252027359722,-0.06283348821496383,0.0,0
CustomerId_2111,1.6016701265469087,0.8814190308386674,0.027832821213221923,-0.11423254196910317,1
CustomerId_2115,-0.7055925061066672,-0.2534252027359722,-0.06246547650310116,0.0,0
CustomerId_2116,-0.7055925061066672,-0.2534252027359722,-0.06246547650310116,0.0,0
CustomerId_2117,-0.03574206436853229,-0.11930724785896933,-0.044800914333692314,-0.09826024349366393,0
CustomerId_2120,-0.7055925061066672,-0.21215813969689437,-0.05584126568957284,-0.10403357451321088,0
CustomerId_2122,-0.7055925061066672,-0.2534252027359722,-0.06301749407089519,0.0,0
CustomerId_2123,-0.7055925061066672,-0.22247490545666382,-0.06228147064716981,-0.16088104091580957,0
CustomerId_2126,-0.14738380465822143,-0.07804018481989153,-0.05941097929464088,-0.1611746661538462,0
CustomerId_2127,-0.29623945837780696,-0.17089107665781658,-0.056338081500587465,-0.14784168809011583,0
CustomerId_2130,-0.37066728523759973,0.03544423853757243,-0.02512112003012342,-0.09495329237693736,0
CustomerId_2133,1.0434614250984628,-0.17089107665781658,-0.04119439955743801,-0.08611396053042848,1
CustomerId_2134,0.038685762491260475,-0.08835695057966098,-0.03376056297781179,-0.11147373983156098,0
CustomerId_2135,2.1970927414252506,0.5822328238053534,-0.01488154743878762,-0.1334177095604849,1
CustomerId_2136,-0.7055925061066672,-0.24310843697620274,-0.06285188880055698,-0.16613132414773568,0
CustomerId_2137,1.1178892519582555,0.14892866189503637,-0.002847579181346326,-0.11538534257476256,1
CustomerId_2138,0.5596805505098098,-0.11930724785896933,-0.03376056297781179,-0.10562318684827994,0
CustomerId_2139,-0.7055925061066672,-0.2534252027359722,-0.06283348821496383,0.0,0
CustomerId_2140,-0.03574206436853229,-0.12962401361873876,-0.044800914333692314,-0.09042731856684832,0
CustomerId_2141,-0.7055925061066672,-0.2534252027359722,-0.05952138280819968,0.0,0
CustomerId_2142,0.5596805505098098,0.025127472777802976,-0.016942427745687126,-0.10133148978445343,0
CustomerId_2143,-0.7055925061066672,-0.2534252027359722,0.12080435600451554,0.0,0
CustomerId_2144,-0.7055925061066672,-0.22247490545666382,-0.056945300825160895,-0.1049987417901534,0
CustomerId_2145,0.22475532964074238,-0.06772341906012208,-0.03744068009643863,-0.09810407418027438,0
CustomerId_2147,-0.7055925061066672,-0.2534252027359722,-0.05952138280819968,0.0,0
CustomerId_2148,0.671322290799499,-0.2327916712164333,-0.05988939452006237,-0.030099843420700146,0
CustomerId_2149,-0.4450951120973925,-0.17089107665781658,-0.048481031452319155,-0.106948641494631,0
CustomerId_2150,1.7133118668365976,-0.0058228245015053744,-0.054318801237596914,-0.15960489271593986,1
CustomerId_2151,-0.7055925061066672,-0.2534252027359722,-0.06099342965565042,0.0,0
CustomerId_2152,-0.7055925061066672,-0.2327916712164333,-0.06321990051241966,-0.16346288494716935,0
CustomerId_2153,-0.7055925061066672,-0.2534252027359722,-0.06301749407089519,0.0,0
CustomerId_2154,2.420376222004629,1.0464872829949785,0.0501174024133549,-0.12562550218450708,1
CustomerId_2155,-0.7055925061066672,-0.21215813969689437,-0.056209277401435526,-0.10464972991784459,0
CustomerId_2156,-0.6311646792468745,-0.18120784241758603,-0.06170737237666402,-0.16894379055419714,0
CustomerId_2157,-0.7055925061066672,-0.2534252027359722,-0.06283348821496383,0.0,0
CustomerId_2158,-0.7055925061066672,-0.2327916712164333,0.019601135242277405,0.9487098508203144,0
CustomerId_2159,-0.7055925061066672,-0.2327916712164333,-0.06172945307937579,-0.16783934244070103,0
CustomerId_2165,-0.7055925061066672,-0.2327916712164333,-0.06182145600734146,-0.13999346403203664,0
CustomerId_2166,-0.7055925061066672,-0.2534252027359722,-0.044800914333692314,0.0,0
CustomerId_2167,0.33639706993043156,-0.16057431089804713,-0.048481031452319155,-0.11004332719278538,0
CustomerId_2169,0.4108248967902243,-0.22247490545666382,-0.01646401252026564,0.30386409480172866,0
CustomerId_2170,-0.7055925061066672,-0.24310843697620274,-0.06172945307937579,-0.17381180786287367,0
CustomerId_2171,-0.07295597779842868,-0.08835695057966098,-0.04112079721506547,-0.09745520557302516,0
CustomerId_2172,-0.7055925061066672,-0.17089107665781658,-0.05989307463718099,-0.15561519489690176,0
CustomerId_2173,-0.7055925061066672,-0.19152460817735548,-0.04884904316418184,-0.10924916856341844,0
CustomerId_2175,-0.7055925061066672,-0.20184137393712492,-0.05584126568957284,-0.11083131750309565,0
CustomerId_2176,-0.7055925061066672,-0.2327916712164333,-0.05960234538480947,-0.10435421758055079,0
CustomerId_2178,-0.14738380465822143,-0.0058228245015053744,0.07000880345124484,0.17085014390830733,0
CustomerId_2179,-0.6311646792468745,-0.24310843697620274,-0.06283348821496383,-0.17381180786287367,0
CustomerId_2181,-0.7055925061066672,-0.2534252027359722,-0.06283348821496383,0.0,0
CustomerId_2183,-0.7055925061066672,-0.19152460817735548,-0.056209277401435526,-0.12297062433463844,0
CustomerId_2184,-0.4823090255272889,-0.20184137393712492,-0.06307711196821693,-0.10751430324736916,0
CustomerId_2186,0.187541416210846,0.7060340129225867,-0.003962397060091951,-0.14024735132421526,0
CustomerId_2187,0.2991831565005352,0.11797836461572803,-0.04646064715419302,-0.15790724820876847,0
CustomerId_2188,-0.7055925061066672,-0.18120784241758603,-0.061757053957765484,-0.16544661955469625,0
CustomerId_2190,-0.7055925061066672,-0.2534252027359722,-0.06283348821496383,0.0,0
CustomerId_2191,-0.7055925061066672,-0.2327916712164333,-0.047745008028593786,-0.0663074302637665,0
CustomerId_2192,-0.7055925061066672,-0.22247490545666382,-0.05952138280819968,-0.10390589236919377,0
CustomerId_2198,-0.7055925061066672,-0.2534252027359722,-0.02640032874055811,0.0,0
CustomerId_2204,2.1598788279953545,-0.19152460817735548,0.01699782039256078,0.4135881151593921,1
CustomerId_2205,-0.7055925061066672,-0.18120784241758603,-0.020162530224485616,0.1849484003527894,0
CustomerId_2206,-0.7055925061066672,-0.20184137393712492,-0.056209277401435526,-0.09491646648124456,0
CustomerId_2207,-0.7055925061066672,-0.2534252027359722,-0.0613614413675131,0.0,0
CustomerId_2211,-0.7055925061066672,-0.17089107665781658,-0.03412857468967448,-0.06670911007460419,0
CustomerId_2212,0.4480388102201207,-0.036773121780813725,-0.02119296301770113,-0.12170301106321418,0
CustomerId_2213,-0.2218116315180142,0.22114602221342253,0.022939295878241436,-0.06106414922367823,0
CustomerId_2214,2.606445789154111,1.2528225981903676,0.6029950135780042,0.4701437594067709,1
CustomerId_2215,-0.7055925061066672,-0.24310843697620274,-0.019040094503304426,0.4113679037666878,0
CustomerId_2216,2.5692318757242143,2.1710147508098485,0.6239190554793809,0.34821351431167885,1
CustomerId_2217,-0.03574206436853229,-0.12962401361873876,-0.044800914333692314,-0.09722833975794898,0
CustomerId_2218,-0.7055925061066672,-0.2534252027359722,-0.06246547650310116,0.0,0
CustomerId_2219,-0.1845977180881178,-0.21215813969689437,-0.05906136816837133,-0.11633167615926428,0
CustomerId_2221,1.2295309922479447,0.43779810316858103,0.12406861988873755,-0.07454098120256206,1
CustomerId_2223,-0.7055925061066672,-0.21215813969689437,-0.05584126568957284,-0.08882213494988303,0
CustomerId_2224,-0.7055925061066672,-0.17089107665781658,-0.052234750913318535,-0.10382790827891691,0
CustomerId_2226,-0.7055925061066672,-0.2534252027359722,-0.05952138280819968,0.0,0
CustomerId_2227,-0.7055925061066672,-0.2534252027359722,-0.06283348821496383,0.0,0
CustomerId_2230,1.7877396936963905,0.06639453581688078,-0.011679860266050744,-0.09636637149734004,1
CustomerId_2231,-0.7055925061066672,-0.21215813969689437,-0.05584126568957284,-0.10403357451321088,0
CustomerId_2232,-0.7055925061066672,-0.20184137393712492,-0.056209277401435526,-0.09491646648124456,0
CustomerId_2233,2.5692318757242143,1.2631393639501372,0.025964057740383215,-0.1517820515845186,1
CustomerId_2239,-0.7055925061066672,-0.21215813969689437,-0.056209277401435526,-0.10464972991784459,0
CustomerId_2243,-0.7055925061066672,-0.19152460817735548,-0.052529160282808685,-0.09699453167389471,0
CustomerId_2244,-0.7055925061066672,-0.2534252027359722,-0.06283348821496383,0.0,0
CustomerId_2245,-0.7055925061066672,-0.2534252027359722,-0.05952138280819968,0.0,0
CustomerId_2246,-0.6683785926767708,-0.04708988754058317,-0.05687905871702561,-0.1574529987654814,0
CustomerId_2247,-0.33345337180770335,-0.05740665330035263,-0.05810748181122325,-0.16554203468616788,0
CustomerId_2250,-0.4078811986674961,-0.18120784241758603,-0.044800914333692314,-0.10113609886683053,0
CustomerId_2253,-0.1845977180881178,-0.08835695057966098,-0.05988939452006237,-0.13214240031166682,0
CustomerId_2254,-0.7055925061066672,-0.2534252027359722,-0.06246547650310116,0.0,0
CustomerId_2256,-0.7055925061066672,-0.24310843697620274,-0.06246547650310116,-0.17381180786287367,0
CustomerId_2258,-0.7055925061066672,-0.20184137393712492,-0.056209277401435526,-0.09491646648124456,0
CustomerId_2260,0.22475532964074238,-0.036773121780813725,-0.022720211621931267,-0.10066434390917847,0
CustomerId_2261,-0.7055925061066672,-0.24310843697620274,-0.06172945307937579,-0.17381180786287367,0
CustomerId_2262,-0.7055925061066672,-0.1502575451382777,-0.03780869180830132,-0.10691631702265904,0
CustomerId_2263,0.2619692430706388,-0.20184137393712492,-0.05977347083082562,-0.1653751587212667,0
CustomerId_2265,-0.6683785926767708,-0.17089107665781658,-0.05584126568957284,-0.1311511628100639,0
CustomerId_2266,1.5272422996871158,0.5306489950065061,8.683831695789017,9.068676505179367,1
CustomerId_2267,0.22475532964074238,-0.09867371633943042,-0.014417499390597253,0.05623354635501772,0
CustomerId_2268,-0.7055925061066672,-0.24310843697620274,-0.06302669436369175,-0.1699715660053047,0
CustomerId_2269,-0.7055925061066672,-0.20184137393712492,-0.056209277401435526,-0.09491646648124456,0
CustomerId_2272,-0.6311646792468745,-0.18120784241758603,-0.055473253977710156,-0.12531096517727427,0
CustomerId_2273,-0.29623945837780696,-0.08835695057966098,-0.004929789447065393,-0.07857530425048932,0
CustomerId_2275,-0.7055925061066672,-0.2534252027359722,-0.06283348821496383,0.0,0
CustomerId_2276,2.4575901354345255,0.4893819319674283,-0.04543757459521476,-0.16726901707944025,1
CustomerId_2277,-0.7055925061066672,-0.21215813969689437,-0.05584126568957284,-0.10403357451321088,0
CustomerId_2279,-0.7055925061066672,-0.19152460817735548,-0.048481031452319155,-0.07536313174710801,0
CustomerId_2280,-0.7055925061066672,-0.2534252027359722,-0.06283348821496383,0.0,0
CustomerId_2281,-0.7055925061066672,-0.19152460817735548,-0.06248387708869429,-0.16654840132107898,0
CustomerId_2282,-0.6683785926767708,-0.19152460817735548,-0.06864807326239425,-0.15718057120268725,0
CustomerId_2283,-0.7055925061066672,-0.2534252027359722,-0.06283348821496383,0.0,0
CustomerId_2284,1.0806753385283592,-0.0058228245015053744,-0.05751019880287011,-0.16640294825753615,1
CustomerId_2286,-0.7055925061066672,-0.2534252027359722,-0.06301749407089519,0.0,0
CustomerId_2287,-0.07295597779842868,-0.1502575451382777,-0.020410938129992926,0.1340632267208517,0
CustomerId_2288,2.5692318757242143,0.4584316346881199,0.03671367984389222,-0.10020929944381744,1
CustomerId_2289,-0.03574206436853229,-0.04708988754058317,-0.044800914333692314,-0.11407435687189264,0
CustomerId_2290,-0.7055925061066672,-0.21215813969689437,-0.05584126568957284,-0.10596186684705346,0
CustomerId_2291,-0.7055925061066672,-0.22247490545666382,-0.06301749407089519,-0.16493772105212567,0
CustomerId_2292,-0.7055925061066672,-0.2327916712164333,1.0621783149492616,15.787364864473643,0
CustomerId_2294,-0.07295597779842868,-0.10899048209919988,-0.05438393931059661,-0.14401143340890807,0
CustomerId_2295,-0.7055925061066672,-0.22247490545666382,-0.06103023082683669,-0.16005243481628847,0
CustomerId_2296,-0.7055925061066672,-0.22247490545666382,-0.06246547650310116,-0.17381180786287367,0
CustomerId_2297,-0.33345337180770335,-0.06772341906012208,-0.055473253977710156,-0.14972575698538831,0
CustomerId_2298,-0.4823090255272889,-0.04708988754058317,-0.013854073459735482,0.026613309647429473,0
CustomerId_2299,-0.593950765816978,-0.19152460817735548,-0.05584126568957284,-0.11403385184185354,0
CustomerId_2300,-0.7055925061066672,-0.24310843697620274,-0.06284268850776041,-0.16631419280761991,0
CustomerId_2301,0.7829640310891881,2.1710147508098485,0.2209488438728959,-0.07729037137721666,1
CustomerId_2302,-0.7055925061066672,-0.20184137393712492,-0.052161148570945996,-0.1064525645664793,0
CustomerId_2303,-0.7055925061066672,-0.1502575451382777,4.748183620965906,19.445964200141262,0
CustomerId_2305,-0.7055925061066672,-0.2327916712164333,-0.06172945307937579,-0.09346050343881589,0
CustomerId_2306,0.8201779445190845,0.3655807428501949,0.011070623761300387,-0.1291072495411865,1
CustomerId_2307,-0.7055925061066672,-0.22247490545666382,-0.06246547650310116,-0.17381180786287367,0
CustomerId_2308,1.5272422996871158,1.2218723009110593,-0.010172852305973054,-0.15581055555876908,1
CustomerId_2309,-0.7055925061066672,-0.2534252027359722,-0.05952138280819968,0.0,0
CustomerId_2310,-0.4823090255272889,-0.17089107665781658,-0.048481031452319155,-0.106948641494631,0
CustomerId_2311,0.038685762491260475,-0.12962401361873876,-0.06086094543937985,-0.16298497734009784,0
CustomerId_2313,-0.7055925061066672,-0.19152460817735548,-0.048481031452319155,-0.10928864434778744,0
CustomerId_2315,0.8573918579489809,-0.0058228245015053744,-0.02640032874055811,-0.11261224873047472,1
CustomerId_2317,-0.7055925061066672,-0.2534252027359722,-0.06283348821496383,0.0,0
CustomerId_2321,-0.11016989122832506,0.0044939412582640755,-0.047511320591560983,-0.149175672588121,0
CustomerId_2322,-0.6683785926767708,-0.21215813969689437,-0.05584126568957284,-0.11656953564992155,0
CustomerId_2323,0.187541416210846,-0.11930724785896933,-0.051534424625643845,-0.1349166147861174,0
CustomerId_2324,-0.37066728523759973,1.4075740845869091,0.1282013914129555,-0.04509102697589933,0
CustomerId_2325,-0.593950765816978,-0.1502575451382777,0.2054470497329329,0.18534962118258203,0
CustomerId_2326,-0.593950765816978,-0.17089107665781658,-0.05660488999168791,-0.1487908573525303,0
CustomerId_2327,-0.7055925061066672,-0.22247490545666382,-0.05988939452006237,-0.10551907489742213,0
CustomerId_2328,-0.7055925061066672,-0.21215813969689437,-0.05584126568957284,-0.10403357451321088,0
CustomerId_2329,1.0806753385283592,0.05607777005711133,0.06057592725278052,0.042055186580358866,1
CustomerId_2330,-0.7055925061066672,-0.21215813969689437,-0.05584126568957284,-0.10403357451321088,0
CustomerId_2332,-0.4450951120973925,-0.10899048209919988,-0.044875988722912305,-0.1078227319999311,0
CustomerId_2333,-0.7055925061066672,-0.2534252027359722,-0.06283348821496383,0.0,0
CustomerId_2334,-0.7055925061066672,-0.22247490545666382,-0.05988939452006237,-0.10551907489742213,0
CustomerId_2335,-0.7055925061066672,-0.2534252027359722,-0.0613614413675131,0.0,0
CustomerId_2336,-0.7055925061066672,-0.22247490545666382,-0.05988939452006237,-0.10551907489742213,0
CustomerId_2338,-0.7055925061066672,-0.19152460817735548,-0.048481031452319155,-0.10928864434778744,0
CustomerId_2340,-0.2218116315180142,-0.20184137393712492,-0.062285150764288436,-0.16489291505627277,0
CustomerId_2341,-0.7055925061066672,-0.21215813969689437,-0.06706562290138471,-0.12364309831662366,0
CustomerId_2342,-0.7055925061066672,-0.2534252027359722,-0.06301749407089519,0.0,0
CustomerId_2343,0.7829640310891881,0.39653104012950324,-0.016394826318435453,-0.13106391242148382,1
CustomerId_2344,-0.7055925061066672,-0.2327916712164333,-0.0359686332489879,0.3223343788146491,0
CustomerId_2345,-0.7055925061066672,-0.20184137393712492,-0.056209277401435526,-0.09491646648124456,0
CustomerId_2346,-0.4450951120973925,-0.24310843697620274,-0.058877362312439986,-0.11346515010107515,0
CustomerId_2347,-0.7055925061066672,-0.2534252027359722,-0.05584126568957284,0.0,0
CustomerId_2348,1.7505257802664942,0.11797836461572803,-0.028196225894448007,-0.11861697626502493,1
CustomerId_2349,1.1178892519582555,4.729572659232672,0.3507857310930068,-0.1029181932389588,1
CustomerId_2352,-0.7055925061066672,-0.20184137393712492,-0.05584126568957284,-0.11083131750309565,0
CustomerId_2353,2.122664914565458,0.30368014829157813,2.2477567496284236,1.6012982778873726,1
CustomerId_2356,-0.7055925061066672,-0.2534252027359722,-0.0613614413675131,0.0,0
CustomerId_2357,-0.7055925061066672,-0.2534252027359722,-0.06246547650310116,0.0,0
CustomerId_2359,-0.14738380465822143,-0.2327916712164333,-0.022720211621931267,0.39357240724352516,0
CustomerId_2360,-0.5567368523870817,-0.0058228245015053744,-0.04627664129826168,-0.14380671086760907,0
CustomerId_2361,-0.7055925061066672,-0.2534252027359722,-0.06283348821496383,0.0,0
CustomerId_2362,-0.7055925061066672,-0.22247490545666382,-0.06285188880055698,-0.1638593165000845,0
CustomerId_2363,2.1598788279953545,0.014810707018033525,-0.004319626028797062,-0.08380333842475812,1
CustomerId_2365,-0.7055925061066672,-0.2534252027359722,-0.06301749407089519,0.0,0
CustomerId_2366,-0.37066728523759973,-0.20184137393712492,0.341611383122126,-0.08934839185446491,0
CustomerId_2368,-0.4823090255272889,-0.17089107665781658,-0.048481031452319155,-0.106948641494631,0
CustomerId_2369,-0.7055925061066672,-0.21215813969689437,-0.06183985659293459,-0.1625366536185768,0
CustomerId_2371,-0.7055925061066672,-0.18120784241758603,-0.045168926045555,-0.11188282541957625,0
CustomerId_2372,-0.7055925061066672,-0.2534252027359722,-0.0613614413675131,0.0,0
CustomerId_2373,1.0434614250984628,-0.1502575451382777,-0.011385450896560597,0.03086781496381324,1
CustomerId_2374,-0.4078811986674961,-0.20184137393712492,-0.06266788294462564,-0.16664173937195587,0
CustomerId_2375,-0.4450951120973925,-0.2327916712164333,-0.055105242265847475,-0.1260320844854927,0
CustomerId_2376,-0.7055925061066672,-0.2534252027359722,-0.06301749407089519,0.0,0
CustomerId_2381,-0.593950765816978,-0.1502575451382777,-0.06084990508802397,-0.1648284827261224,0
CustomerId_2384,0.00147184906136409,-0.18120784241758603,-0.052805169066705696,-0.11509957545958757,0
CustomerId_2386,-0.7055925061066672,-0.2327916712164333,-0.06317279501330124,-0.16294145482094136,0
CustomerId_2388,-0.6683785926767708,-0.24310843697620274,-0.024560270181244688,0.5210890996972307,0
CustomerId_2389,-0.7055925061066672,-0.2534252027359722,-0.06283348821496383,0.0,0
CustomerId_2391,-0.7055925061066672,-0.21215813969689437,-0.05584126568957284,-0.10403357451321088,0
CustomerId_2393,-0.2218116315180142,-0.04708988754058317,-0.004761240083032283,-0.06840305031904195,0
CustomerId_2396,-0.7055925061066672,-0.24310843697620274,-0.0620054618632728,-0.16466837486866176,0
CustomerId_2397,-0.7055925061066672,-0.2534252027359722,-0.06301749407089519,0.0,0
CustomerId_2398,-0.7055925061066672,-0.2534252027359722,-0.044800914333692314,0.0,0
CustomerId_2400,-0.7055925061066672,-0.18120784241758603,-0.04700898460486842,-0.05756223015739542,0
CustomerId_2401,-0.4823090255272889,-0.11930724785896933,-0.03499340221255178,-0.0954190317081413,0
CustomerId_2402,0.8201779445190845,-0.06772341906012208,-0.056717133563806026,-0.16145415089843507,1
CustomerId_2403,0.22475532964074238,-0.04708988754058317,-0.03376056297781179,-0.09983740126132887,0
CustomerId_2404,-0.7055925061066672,-0.21215813969689437,-0.06100078988988767,-0.1501950755009359,0
CustomerId_2405,-0.7055925061066672,-0.2534252027359722,-0.06246547650310116,0.0,0
CustomerId_2406,0.37361098336032794,-0.036773121780813725,-0.05634728179338403,-0.1587109042344779,0
CustomerId_2407,-0.6683785926767708,-0.20184137393712492,-0.06212322561106886,-0.16289141982182492,0
CustomerId_2408,-0.7055925061066672,-0.19152460817735548,-0.04148880892692816,-0.07443580820320146,0
CustomerId_2409,-0.7055925061066672,-0.2534252027359722,-0.06283348821496383,0.0,0
CustomerId_2414,2.3831623085747324,0.08702806733641968,0.01776475680008261,-0.0788852771470401,1
CustomerId_2415,-0.7055925061066672,-0.2534252027359722,-0.0613614413675131,0.0,0
CustomerId_2416,-0.6683785926767708,0.32431367981111703,-0.021055326637464487,-0.08938823816474911,0
CustomerId_2417,2.4948040488644216,1.0155369857156702,0.3147999634567125,0.06228856189205779,1
CustomerId_2419,0.038685762491260475,-0.11930724785896933,-0.02640032874055811,-0.07410502650028708,0
CustomerId_2420,-0.593950765816978,-0.07804018481989153,-0.060662219114974,-0.17148849939621771,0
CustomerId_2422,-0.1845977180881178,-0.12962401361873876,-0.06095846854302346,-0.16595533339784815,0
CustomerId_2423,0.1503275027809496,-0.2327916712164333,-0.050696461957732517,0.02042470488398229,0
CustomerId_2424,1.0434614250984628,0.13861189613526692,-0.0435791154503082,-0.15235561576610343,1
CustomerId_2425,2.3831623085747324,0.09734483309618913,0.0030406082084566202,-0.11157889059771159,1
CustomerId_2426,0.038685762491260475,-0.20184137393712492,-0.061665051029799814,-0.16480412509837042,0
CustomerId_2427,1.9738092608458724,0.42748133740881156,0.09327707995718677,-0.10306087312019989,1
CustomerId_2428,-0.7055925061066672,-0.24310843697620274,-0.06283348821496383,-0.17381180786287367,0
CustomerId_2431,-0.7055925061066672,-0.21215813969689437,-0.05584126568957284,-0.10403357451321088,0
CustomerId_2432,-0.7055925061066672,-0.24310843697620274,-0.04369687919810426,0.16998127271949373,0
CustomerId_2433,1.1178892519582555,0.045761004297341874,0.017761076682963985,-0.07645436746109678,1
CustomerId_2434,-0.7055925061066672,-0.20184137393712492,-0.056614090284484477,-0.10235106566182114,0
CustomerId_2435,-0.07295597779842868,-0.13994077937850824,-0.048481031452319155,-0.08402596506176858,0
CustomerId_2436,-0.7055925061066672,-0.2534252027359722,-0.06228147064716981,0.0,0
CustomerId_2437,0.07589967592115686,-0.07804018481989153,-0.04112079721506547,-0.09903958263228302,0
CustomerId_2438,-0.7055925061066672,-0.17089107665781658,-0.045168926045555,-0.10212148806902396,0
CustomerId_2440,1.8621675205561832,-0.17089107665781658,-0.050339490597225714,-0.10887102962001616,1
CustomerId_2441,1.4156005593974266,0.05607777005711133,-0.052626683386452294,-0.15349187474716278,1
CustomerId_2443,-0.6683785926767708,-0.22247490545666382,-0.06285188880055698,-0.1638593165000845,0
CustomerId_2444,-0.7055925061066672,-0.2534252027359722,-0.06283348821496383,0.0,0
CustomerId_2445,0.5596805505098098,0.30368014829157813,6.466710728577217,12.083908794550936,0
CustomerId_2446,-0.2590255449479106,0.37589750860996435,0.014310230860827597,-0.11689551506479977,0
CustomerId_2447,-0.6311646792468745,-0.17089107665781658,-0.058564552357356706,-0.15519644294885926,0
CustomerId_2451,-0.7055925061066672,-0.2534252027359722,-0.06283348821496383,0.0,0
CustomerId_2454,-0.33345337180770335,-0.10899048209919988,-0.05952874304243694,-0.16484698009542761,0
CustomerId_2455,-0.7055925061066672,-0.24310843697620274,-0.04443290262182963,0.18461076551023275,0
CustomerId_2456,-0.7055925061066672,-0.2534252027359722,-0.058785359384474316,0.0,0
CustomerId_2457,0.9318196848087736,-0.036773121780813725,-0.04376422534137513,-0.148743041612857,1
CustomerId_2458,-0.7055925061066672,-0.2534252027359722,-0.06301749407089519,0.0,0
CustomerId_2459,1.7505257802664942,3.852647569652269,0.23787440172371332,-0.11773129051799504,1
CustomerId_2461,-0.6311646792468745,-0.19152460817735548,-0.0611958360971749,-0.16956907479121733,0
CustomerId_2462,-0.7055925061066672,-0.21215813969689437,-0.05584126568957284,-0.10403357451321088,0
CustomerId_2463,-0.593950765816978,-0.19152460817735548,-0.06073582145734654,-0.16141110637066072,0
CustomerId_2465,-0.7055925061066672,-0.2534252027359722,-0.06283348821496383,0.0,0
CustomerId_2468,-0.7055925061066672,-0.24310843697620274,-0.06253907884547369,-0.17234885858379978,0
CustomerId_2469,0.8201779445190845,0.025127472777802976,-0.019040094503304426,-0.1110230969381308,1
CustomerId_2470,-0.7055925061066672,-0.24310843697620274,-0.0556572598336415,-0.031174253153168057,0
CustomerId_2471,-0.7055925061066672,-0.24310843697620274,-0.06264948235903249,-0.1701544346651889,0
CustomerId_2474,-0.2218116315180142,-0.1502575451382777,-0.048481031452319155,-0.11309100100509438,0
CustomerId_2477,1.1178892519582555,2.934455417032788,0.1619114482254333,-0.11820816424872713,1
CustomerId_2480,-0.7055925061066672,-0.2534252027359722,-0.05952138280819968,0.0,0
CustomerId_2481,-0.7055925061066672,-0.20184137393712492,-0.05584126568957284,-0.11083131750309565,0
CustomerId_2482,0.5968944639397062,-0.16057431089804713,-0.06461282484181992,-0.16526018939725345,0
CustomerId_2485,-0.7055925061066672,-0.2534252027359722,-0.0613614413675131,0.0,0
CustomerId_2488,-0.7055925061066672,-0.24310843697620274,-0.03376056297781179,-0.17381180786287367,0
CustomerId_2489,-0.7055925061066672,-0.2534252027359722,-0.05952138280819968,0.0,0
CustomerId_2490,-0.7055925061066672,-0.2534252027359722,-0.0613614413675131,0.0,0
CustomerId_2491,2.4575901354345255,0.6131831210846617,0.051323744804840775,-0.11776377573564897,1
CustomerId_2492,-0.7055925061066672,-0.20184137393712492,-0.056209277401435526,-0.09491646648124456,0
CustomerId_2493,-0.7055925061066672,-0.2534252027359722,-0.06283348821496383,0.0,0
CustomerId_2494,-0.7055925061066672,-0.2327916712164333,-0.06176625425056206,-0.14033934932588712,0
CustomerId_2495,-0.29623945837780696,-0.20184137393712492,-0.06211586537683161,-0.1650927242535948,0
CustomerId_2496,-0.7055925061066672,-0.24310843697620274,-0.052161148570945996,-0.17381180786287367,0
CustomerId_2497,-0.7055925061066672,-0.24310843697620274,0.04002578525065637,1.870659809642907,0
CustomerId_2498,-0.7055925061066672,-0.20184137393712492,-0.057000502581940296,-0.14540568613631832,0
CustomerId_2501,0.038685762491260475,-0.18120784241758603,-0.01940810621516711,0.12217729294668986,0
CustomerId_2503,-0.7055925061066672,-0.2534252027359722,-0.06264948235903249,0.0,0
CustomerId_2504,-0.7055925061066672,-0.20184137393712492,-0.05584126568957284,-0.11083131750309565,0
CustomerId_2505,-0.33345337180770335,-0.22247490545666382,-0.06099342965565042,-0.15400338098415553,0
CustomerId_2506,0.5968944639397062,-0.17089107665781658,-0.048481031452319155,-0.1059557336774426,0
CustomerId_2508,-0.2218116315180142,-0.11930724785896933,-0.04112079721506547,-0.11011713332940391,0
CustomerId_2512,-0.7055925061066672,-0.2534252027359722,-0.06283348821496383,0.0,0
CustomerId_2513,-0.7055925061066672,-0.20184137393712492,-0.056209277401435526,-0.09491646648124456,0
CustomerId_2514,0.2991831565005352,-0.09867371633943042,-0.0599077951056555,-0.16602727995855074,0
CustomerId_2515,0.9318196848087736,-0.13994077937850824,-0.058244382168036166,-0.14119683317760193,1
CustomerId_2519,1.341172732537634,0.045761004297341874,-0.049910756952905685,-0.16117677809777634,1
CustomerId_2520,1.341172732537634,-0.11930724785896933,-0.05435081825652897,-0.15211242469632516,1
CustomerId_2522,-0.7055925061066672,-0.2534252027359722,-0.06283348821496383,0.0,0
CustomerId_2523,-0.7055925061066672,-0.21215813969689437,-0.06210482502547572,-0.1619895844842278,0
CustomerId_2525,-0.7055925061066672,-0.2534252027359722,-0.05584126568957284,0.0,0
CustomerId_2526,-0.7055925061066672,-0.2534252027359722,-0.06283348821496383,0.0,0
CustomerId_2527,0.07589967592115686,-0.21215813969689437,-0.06173681331361304,-0.16909303100323533,0
CustomerId_2528,1.3783866459675302,6.029485144963623,0.560649856356038,0.06279893345322349,1
CustomerId_2529,1.341172732537634,0.38621427436973377,-0.012783895401638797,-0.13066541631486173,1
CustomerId_2530,-0.7055925061066672,-0.13994077937850824,-0.054369218842122105,-0.13460635522049874,0
CustomerId_2531,2.532017962294318,1.1083878775535954,0.005986817970701303,-0.14510808847733467,1
CustomerId_2532,-0.7055925061066672,-0.2534252027359722,-0.05952138280819968,0.0,0
CustomerId_2534,-0.7055925061066672,-0.2534252027359722,-0.06283348821496383,0.0,0
CustomerId_2535,-0.11016989122832506,-0.11930724785896933,0.00859758505758315,0.12074434254404309,0
CustomerId_2536,-0.7055925061066672,-0.2534252027359722,-0.06301749407089519,0.0,0
CustomerId_2537,2.1970927414252506,-0.10899048209919988,-0.035407047376685444,-0.09571980052176599,1
CustomerId_2538,-0.7055925061066672,-0.22247490545666382,-0.05988939452006237,-0.10551907489742213,0
CustomerId_2539,-0.7055925061066672,-0.18120784241758603,-0.048481031452319155,-0.11174412651696597,0
CustomerId_2541,-0.7055925061066672,-0.2534252027359722,-0.06283348821496383,0.0,0
CustomerId_2543,-0.7055925061066672,-0.22247490545666382,-0.05988939452006237,-0.10551907489742213,0
CustomerId_2544,1.6016701265469087,1.170288472112212,0.003219093888710022,-0.15954233731271394,1
CustomerId_2545,-0.14738380465822143,-0.17089107665781658,-0.06106703199802296,-0.16328948591913792,0
CustomerId_2546,0.22475532964074238,0.8607854993191285,-0.009935484751821622,-0.14715872196208546,0
CustomerId_2548,0.33639706993043156,0.08702806733641968,-0.048848675152469975,-0.1473560681158468,0
CustomerId_2549,-0.7055925061066672,-0.19152460817735548,-0.05400120713025942,-0.11595062485324738,0
CustomerId_2550,0.2991831565005352,-0.13994077937850824,-0.044800914333692314,-0.11291768404502309,0
CustomerId_2552,-0.6683785926767708,-0.19152460817735548,-0.059335904905420886,-0.16392199867850274,0
CustomerId_2554,-0.4823090255272889,-0.21215813969689437,-0.025130688334631848,0.12742220216306616,0
CustomerId_2555,-0.6311646792468745,-0.2327916712164333,-0.047561002172662445,0.06659383599904119,0
CustomerId_2556,-0.7055925061066672,-0.2534252027359722,-0.044800914333692314,0.0,0
CustomerId_2557,-0.7055925061066672,-0.24310843697620274,-0.06264948235903249,-0.1701544346651889,0
CustomerId_2558,-0.7055925061066672,-0.2534252027359722,-0.06301749407089519,0.0,0
CustomerId_2559,-0.7055925061066672,-0.2534252027359722,-0.06283348821496383,0.0,0
CustomerId_2560,-0.7055925061066672,-0.21215813969689437,-0.05584126568957284,-0.10403357451321088,0
CustomerId_2561,-0.7055925061066672,-0.2534252027359722,-0.048481031452319155,0.0,0
CustomerId_2562,-0.7055925061066672,-0.04708988754058317,0.010492845373675974,0.07950113972452919,0
CustomerId_2564,1.6016701265469087,0.09734483309618913,-0.002847579181346326,-0.11109984546531745,1
CustomerId_2565,-0.6683785926767708,-0.22247490545666382,-0.06248387708869429,-0.16038786972424512,0
CustomerId_2569,-0.7055925061066672,-0.16057431089804713,-0.06110567322776854,-0.1647667773088434,0
CustomerId_2570,-0.7055925061066672,-0.2534252027359722,-0.06301749407089519,0.0,0
CustomerId_2571,-0.593950765816978,-0.13994077937850824,-0.058825840672779205,-0.15777280633256954,0
CustomerId_2572,-0.7055925061066672,-0.24310843697620274,-0.05584126568957284,-0.17381180786287367,0
CustomerId_2574,0.07589967592115686,0.3346304455708865,-0.019031814239787517,-0.110629219057258,0
CustomerId_2576,-0.7055925061066672,-0.2534252027359722,-0.06504155848613995,0.0,0
CustomerId_2577,-0.7055925061066672,-0.19152460817735548,-0.015359977384677585,-0.0012440216900548385,0
CustomerId_2579,-0.7055925061066672,-0.2534252027359722,-0.06283348821496383,0.0,0
CustomerId_2580,-0.5567368523870817,-0.17089107665781658,-0.055104336957036294,-0.1346717261001766,0
CustomerId_2582,-0.7055925061066672,-0.20184137393712492,-0.048481031452319155,-0.07210438663156038,0
CustomerId_2584,0.8201779445190845,-0.22247490545666382,-0.010734806189987373,0.559760433175054,1
CustomerId_2587,-0.6311646792468745,-0.24310843697620274,-0.051793136859083315,-0.03483162635085281,0
CustomerId_2588,-0.03574206436853229,1.541692039463912,0.08532913101608838,-0.11765407134773466,0
CustomerId_2589,-0.1845977180881178,-0.08835695057966098,-0.03744068009643863,-0.08056870440683311,0
CustomerId_2591,-0.7055925061066672,-0.2534252027359722,-0.05952138280819968,0.0,0
CustomerId_2592,-0.7055925061066672,-0.20184137393712492,-0.048481031452319155,-0.07210438663156038,0
CustomerId_2594,-0.7055925061066672,-0.2327916712164333,0.32505085608830525,5.500030343201115,0
CustomerId_2595,0.6341083773696026,0.5512825265260449,-0.008066353267271049,-0.12973249982318008,1
CustomerId_2596,-0.7055925061066672,-0.22247490545666382,-0.06306349553487801,-0.16531185695172393,0
CustomerId_2597,-0.7055925061066672,-0.2327916712164333,-0.06143504370988564,-0.15143298709869069,0
CustomerId_2598,-0.7055925061066672,-0.08835695057966098,-0.054858674418899474,-0.1493730293960297,0
CustomerId_2599,-0.7055925061066672,-0.20184137393712492,-0.05584126568957284,-0.09297365549822892,0
CustomerId_2600,-0.7055925061066672,-0.2534252027359722,-0.06356951163868921,0.0,0
CustomerId_2601,1.3783866459675302,-0.13994077937850824,-0.05516780425686413,-0.15072317231541182,1
CustomerId_2602,-0.5195229389571853,-0.12962401361873876,-0.06088302614209161,-0.16607598192305528,0
CustomerId_2603,2.1598788279953545,-0.11930724785896933,-0.03376056297781179,-0.08050551338446842,1
CustomerId_2604,-0.4450951120973925,0.4893819319674283,0.030065180257380968,-0.09438262600386345,0
CustomerId_2605,0.5968944639397062,-0.1502575451382777,-0.04112079721506547,-0.10964790711507792,0
CustomerId_2607,0.187541416210846,1.3147231927489842,-0.010428620445717619,-0.1589877961394389,0
CustomerId_2609,0.038685762491260475,0.27272985101226976,-0.019544270548556304,-0.07944723435686549,0
CustomerId_2610,-0.7055925061066672,-0.2327916712164333,-0.06321990051241966,-0.16346288494716935,0
CustomerId_2612,1.266744905677841,5.224777415701606,0.18912037574141524,-0.13206541798201463,1
CustomerId_2613,-0.7055925061066672,-0.2534252027359722,-0.06301749407089519,0.0,0
CustomerId_2614,-0.4823090255272889,-0.19152460817735548,-0.048481031452319155,-0.10928864434778744,0
CustomerId_2615,-0.4450951120973925,-0.12962401361873876,-0.05237091524670773,-0.13728346673392083,0
CustomerId_2616,-0.6311646792468745,-0.21215813969689437,-0.06250963790852468,-0.1619003098881514,0
CustomerId_2617,-0.4450951120973925,-0.16057431089804713,-0.04112079721506547,-0.09889763030083393,0
CustomerId_2618,-0.7055925061066672,-0.20184137393712492,-0.056209277401435526,-0.09491646648124456,0
CustomerId_2619,-0.7055925061066672,-0.2534252027359722,-0.06301749407089519,0.0,0
CustomerId_2621,-0.7055925061066672,-0.2534252027359722,-0.06246547650310116,0.0,0
CustomerId_2623,-0.6683785926767708,-0.10899048209919988,-0.045335267339316934,-0.12559932088613904,0
CustomerId_2625,-0.7055925061066672,-0.2534252027359722,-0.06283348821496383,0.0,0
CustomerId_2626,-0.7055925061066672,-0.2534252027359722,-0.06246547650310116,0.0,0
CustomerId_2627,-0.7055925061066672,-0.21215813969689437,-0.05584126568957284,-0.10403357451321088,0
CustomerId_2628,-0.7055925061066672,-0.2534252027359722,-0.05952138280819968,0.0,0
CustomerId_2630,-0.6683785926767708,-0.21215813969689437,-0.004687637740659747,0.28284166414065115,0
CustomerId_2631,-0.7055925061066672,-0.2534252027359722,-0.06283348821496383,0.0,0
CustomerId_2632,-0.593950765816978,0.045761004297341874,-0.052185069332217074,-0.15287228059713234,0
CustomerId_2633,-0.4823090255272889,-0.18120784241758603,-0.05621663763567278,-0.13273296355599307,0
CustomerId_2634,-0.03574206436853229,-0.22247490545666382,-0.06007340037599371,-0.1174083617283616,0
CustomerId_2635,-0.7055925061066672,-0.2534252027359722,-0.06318309934123338,0.0,0
CustomerId_2636,-0.7055925061066672,-0.2534252027359722,-0.03302453955408642,0.0,0
CustomerId_2637,-0.7055925061066672,-0.19152460817735548,-0.04884904316418184,-0.07624703001672319,0
CustomerId_2638,-0.7055925061066672,-0.21215813969689437,-0.05584126568957284,-0.10403357451321088,0
CustomerId_2639,-0.6311646792468745,-0.20184137393712492,-0.061032070885396,-0.15731567618818215,0
CustomerId_2641,-0.5567368523870817,-0.17089107665781658,-0.04294974182068064,-0.08614310921861533,0
CustomerId_2642,1.7505257802664942,-0.04708988754058317,-0.05901113456970207,-0.1664921124168751,1
CustomerId_2643,2.420376222004629,1.2940896612294455,0.1537696859162824,-0.11802834904117115,1
CustomerId_2644,2.532017962294318,-0.16057431089804713,-0.06174417354785029,-0.1704821204485574,1
CustomerId_2645,-0.7055925061066672,-0.24310843697620274,-0.0626770832374222,-0.16229108229016667,0
CustomerId_2647,1.4528144728273231,0.32431367981111703,-0.0449135259175223,-0.16374670464879548,1
CustomerId_2648,-0.7055925061066672,-0.2327916712164333,-0.0633891858998765,-0.16592204766679927,0
CustomerId_2649,2.606445789154111,3.4399769392614914,0.28893786680322003,-0.10703565771503659,1
CustomerId_2651,0.11311358935105324,0.19019572493411419,-0.038296307326519376,-0.12941823501539945,0
CustomerId_2652,-0.7055925061066672,-0.24310843697620274,-0.06246547650310116,-0.17381180786287367,0
CustomerId_2653,-0.5195229389571853,-0.20184137393712492,-0.048481031452319155,-0.08182808423984304,0
CustomerId_2654,-0.29623945837780696,-0.1502575451382777,-0.060353089277009345,-0.1666004141887037,0
CustomerId_2655,-0.7055925061066672,-0.2534252027359722,-0.06283348821496383,0.0,0
CustomerId_2656,-0.2590255449479106,-0.21215813969689437,0.05105693631374033,1.2031909544663464,0
CustomerId_2659,1.0062475116685665,0.3655807428501949,-0.022319078856000943,-0.146531591538492,1
CustomerId_2662,2.532017962294318,0.9226860938777451,0.30201049659575413,0.06731151104357128,1
CustomerId_2663,-0.593950765816978,-0.19152460817735548,-0.06137064166030967,-0.16266645971181712,0
CustomerId_2664,-0.29623945837780696,-0.17089107665781658,-0.052161148570945996,-0.09957523987011925,0
CustomerId_2665,-0.07295597779842868,-0.04708988754058317,-0.047156189289613494,-0.12031047585017991,0
CustomerId_2666,-0.7055925061066672,-0.2534252027359722,-0.06228147064716981,0.0,0
CustomerId_2667,-0.7055925061066672,-0.2327916712164333,-0.0359686332489879,0.3223343788146491,0
CustomerId_2668,-0.5567368523870817,-0.22247490545666382,-0.061556487574800325,-0.16484181893085012,0
CustomerId_2669,-0.7055925061066672,-0.2327916712164333,-0.06283716833208247,-0.17076585049756562,0
CustomerId_2670,-0.29623945837780696,-0.17089107665781658,-0.052161148570945996,-0.09867971209539038,0
CustomerId_2671,1.9738092608458724,-0.21215813969689437,-0.06010615341834949,-0.15180294247570372,1
CustomerId_2672,0.00147184906136409,0.0044939412582640755,0.006079372916234769,-0.00819620248912834,0
CustomerId_2674,-0.4450951120973925,-0.2327916712164333,-0.026216322884626768,0.12182523053467104,0
CustomerId_2675,1.8249536071262868,0.26241308525250034,-0.05664537127999281,-0.1688603780656509,1
CustomerId_2676,0.37361098336032794,-0.036773121780813725,-0.052786768481112564,-0.15717660244057244,0
CustomerId_2677,0.5968944639397062,-0.16057431089804713,-0.048481031452319155,-0.11004332719278538,0
CustomerId_2678,-0.6311646792468745,-0.20184137393712492,-0.05952138280819968,-0.12009280967395591,0
CustomerId_2679,-0.4823090255272889,-0.16057431089804713,-0.044800914333692314,-0.1082052425275476,0
CustomerId_2681,-0.07295597779842868,-0.20184137393712492,-0.046640972893005735,-0.11046424585656714,0
CustomerId_2682,-0.4823090255272889,-0.13994077937850824,-0.048481031452319155,-0.12467695583058779,0
CustomerId_2683,1.638884039976805,0.5100154634869671,0.228773840101061,-0.032140353709010965,1
CustomerId_2684,-0.7055925061066672,-0.2534252027359722,-0.06283348821496383,0.0,0
CustomerId_2685,0.33639706993043156,-0.11930724785896933,-0.03376056297781179,-0.08050551338446842,0
CustomerId_2686,-0.1845977180881178,-0.22247490545666382,-0.0628408484492011,-0.16388906386801333,0
CustomerId_2687,-0.7055925061066672,-0.21215813969689437,-0.05584126568957284,-0.10403357451321088,0
CustomerId_2689,0.2991831565005352,-0.026456356021044274,-0.020880153062617847,-0.1109653296648799,0
CustomerId_2690,-0.7055925061066672,-0.2534252027359722,-0.06283348821496383,0.0,0
CustomerId_2691,-0.29623945837780696,-0.21215813969689437,-0.05882216055566058,-0.14863802551636088,0
CustomerId_2693,-0.07295597779842868,-0.19152460817735548,-0.061390882304462116,-0.16076368428008023,0
CustomerId_2694,-0.7055925061066672,-0.2534252027359722,-0.06283348821496383,0.0,0
CustomerId_2696,2.3831623085747324,2.4702009578431627,0.015964811517362225,-0.1538278483690703,1
CustomerId_2697,0.4108248967902243,0.28304661677203924,-0.05172137457527009,-0.15693363979135735,0
CustomerId_2698,-0.7055925061066672,-0.2534252027359722,-0.06301749407089519,0.0,0
CustomerId_2700,1.7877396936963905,-0.19152460817735548,-0.059447780465827146,-0.06381647723999868,1
CustomerId_2701,-0.03574206436853229,-0.04708988754058317,-0.04112079721506547,-0.11163339015533583,0
CustomerId_2703,-0.7055925061066672,-0.2534252027359722,0.12080435600451554,0.0,0
CustomerId_2704,0.33639706993043156,-0.016139590261274823,-0.02640032874055811,-0.11199450140342461,0
CustomerId_2705,-0.7055925061066672,-0.2534252027359722,-0.004319626028797062,0.0,0
CustomerId_2706,2.3831623085747324,1.3353567242685231,0.00028935265057119364,-0.1382580180714088,1
CustomerId_2707,-0.4078811986674961,-0.22247490545666382,-0.061558364434530825,-0.1645595443847578,0
CustomerId_2708,-0.7055925061066672,-0.22247490545666382,-0.06303589465648832,-0.16494943589057187,0
CustomerId_2709,-0.29623945837780696,-0.11930724785896933,-0.06024820593912848,-0.16539004399192084,0
CustomerId_2710,2.5692318757242143,1.5313752737041426,0.183406092286053,-0.045467570403666384,1
CustomerId_2712,-0.7055925061066672,-0.2534252027359722,-0.06301749407089519,0.0,0
CustomerId_2713,-0.7055925061066672,-0.24310843697620274,-0.05768132424888626,-0.13723807588602607,0
CustomerId_2717,-0.7055925061066672,-0.2534252027359722,-0.06283348821496383,0.0,0
CustomerId_2719,-0.7055925061066672,-0.2534252027359722,-0.06301749407089519,0.0,0
CustomerId_2720,-0.7055925061066672,-0.20184137393712492,-0.056209277401435526,-0.09491646648124456,0
CustomerId_2722,-0.4450951120973925,-0.22247490545666382,-0.04958506658790721,0.006626840361905727,0
CustomerId_2723,-0.7055925061066672,-0.22247490545666382,-0.061401922655817995,-0.1579784933829801,0
CustomerId_2724,-0.7055925061066672,-0.2534252027359722,-0.05584126568957284,0.0,0
CustomerId_2727,-0.14738380465822143,-0.22247490545666382,-0.061117633608404075,-0.1464072495623167,0
CustomerId_2728,2.6436597025840074,5.781882766729156,0.3971725401393338,-0.11931540650156625,1
CustomerId_2730,-0.7055925061066672,-0.2534252027359722,-0.05952138280819968,0.0,0
CustomerId_2731,-0.7055925061066672,-0.24310843697620274,0.6728219237985418,-0.17381180786287367,0
CustomerId_2732,-0.7055925061066672,-0.2534252027359722,-0.06283348821496383,0.0,0
CustomerId_2733,0.8201779445190845,-0.17089107665781658,-0.048481031452319155,-0.1059557336774426,1
CustomerId_2734,-0.7055925061066672,-0.22247490545666382,-0.05584126568957284,-0.07351705831050968,0
CustomerId_2735,0.187541416210846,-0.08835695057966098,-0.05863447458261061,-0.165555130923514,0
CustomerId_2736,-0.14738380465822143,-0.18120784241758603,-0.04194882356675651,-0.05488540146123831,0
CustomerId_2737,-0.03574206436853229,-0.11930724785896933,-0.044800914333692314,-0.09826024349366393,0
CustomerId_2738,0.5224666370799135,-0.036773121780813725,-0.039324900061175574,-0.1450712604702803,0
CustomerId_2739,2.5692318757242143,0.3655807428501949,0.0704213445802429,0.22375689011236424,1
CustomerId_2740,-0.4823090255272889,-0.22247490545666382,-0.06176625425056206,-0.15473027154085736,0
CustomerId_2741,-0.7055925061066672,-0.2534252027359722,-0.06283348821496383,0.0,0
CustomerId_2742,-0.7055925061066672,-0.2534252027359722,-0.06283348821496383,0.0,0
CustomerId_2743,1.0806753385283592,0.5925495895651228,0.003975284354245461,-0.13165137410708602,1
CustomerId_2745,0.5968944639397062,-0.026456356021044274,-0.03526573087933017,-0.12311225844937684,0
CustomerId_2746,0.5596805505098098,-0.09867371633943042,-0.044892917261657984,-0.1141271172060479,0
CustomerId_2747,0.07589967592115686,-0.11930724785896933,-0.01776824602710699,-0.08647887009566033,0
CustomerId_2749,0.5224666370799135,-0.06772341906012208,-0.04320006338708964,-0.0910775957499901,0
CustomerId_2750,2.5692318757242143,0.05607777005711133,-0.03968518352708914,-0.14052000376365548,1
CustomerId_2751,-0.7055925061066672,-0.24310843697620274,-0.06298805313394616,0.04255839051215669,0
CustomerId_2753,-0.7055925061066672,0.3346304455708865,0.03947413569457421,-0.06033559208954237,0
CustomerId_2754,-0.7055925061066672,-0.2534252027359722,-0.06301749407089519,0.0,0
CustomerId_2756,-0.4450951120973925,-0.12962401361873876,-0.04112079721506547,-0.1080416392189638,0
CustomerId_2757,-0.4823090255272889,-0.17089107665781658,-0.04884904316418184,-0.1071712966795745,0
CustomerId_2758,2.122664914565458,-0.18120784241758603,-0.044800914333692314,-0.10198242419247468,1
CustomerId_2759,-0.7055925061066672,-0.20184137393712492,-0.054369218842122105,-0.11174412651696597,0
CustomerId_2760,-0.7055925061066672,-0.20184137393712492,-0.056209277401435526,-0.09491646648124456,0
CustomerId_2761,-0.593950765816978,-0.19152460817735548,-0.048481031452319155,-0.08523302051871764,0
CustomerId_2762,0.1503275027809496,-0.13994077937850824,-0.05761692219931029,-0.15641856832837844,0
CustomerId_2764,0.8573918579489809,-0.17089107665781658,-0.06393752335055189,0.026546011131759167,1
CustomerId_2767,-0.7055925061066672,-0.2534252027359722,-0.06301749407089519,0.0,0
CustomerId_2769,-0.7055925061066672,-0.2327916712164333,-0.06246547650310116,-0.13464773301845734,0
CustomerId_2771,-0.7055925061066672,-0.2534252027359722,-0.06283348821496383,0.0,0
CustomerId_2772,0.33639706993043156,0.42748133740881156,-0.03598519377602172,-0.15363116043815095,0
CustomerId_2773,2.5692318757242143,0.014810707018033525,-0.053171340720009064,-0.13530853403152904,1
CustomerId_2774,0.6341083773696026,2.0987973904914625,0.182275192295499,-0.05528144237182743,1
CustomerId_2775,1.7877396936963905,-0.04708988754058317,-0.013906331122819984,-0.04807149057538371,1
CustomerId_2776,-0.37066728523759973,-0.10899048209919988,0.024753299208354982,0.17040270547009412,0
CustomerId_2777,-0.7055925061066672,-0.20184137393712492,-0.05584126568957284,-0.09297365549822892,0
CustomerId_2778,-0.7055925061066672,-0.21215813969689437,-0.05584126568957284,-0.10403357451321088,0
CustomerId_2782,0.8201779445190845,0.22114602221342253,9.651451355514717e-05,-0.11997940029856498,1
CustomerId_2783,0.4852527236500171,-0.16057431089804713,-0.057092505509905966,-0.1519091802716122,0
CustomerId_2785,-0.7055925061066672,-0.20184137393712492,-0.056209277401435526,-0.09491646648124456,0
CustomerId_2786,-0.6311646792468745,-0.20184137393712492,-0.06047158904822913,-0.14551638574924705,0
CustomerId_2787,-0.6311646792468745,0.07671130157665022,-0.054737230553984786,-0.1649549976290097,0
CustomerId_2788,-0.7055925061066672,-0.2534252027359722,-0.05584126568957284,0.0,0
CustomerId_2790,-0.7055925061066672,-0.22247490545666382,-0.0628408484492011,-0.16388906386801333,0
CustomerId_2791,-0.7055925061066672,-0.2534252027359722,-0.06246547650310116,0.0,0
CustomerId_2793,2.532017962294318,0.6544501841237395,-0.0018297507892621073,-0.11801100047475839,1
CustomerId_2794,-0.7055925061066672,-0.21215813969689437,-0.05584126568957284,-0.10403357451321088,0
CustomerId_2796,-0.7055925061066672,-0.2534252027359722,-0.06283348821496383,0.0,0
CustomerId_2797,0.7829640310891881,-0.016139590261274823,0.0206584328904589,0.04522354090232338,1
CustomerId_2798,0.5968944639397062,0.21082925645365308,-0.051099434782222154,-0.16394806083712307,1
CustomerId_2799,-0.7055925061066672,-0.24310843697620274,-0.06285188880055698,-0.16613132414773568,0
CustomerId_2800,-0.4450951120973925,-0.17089107665781658,-0.048481031452319155,-0.106948641494631,0
CustomerId_2801,-0.7055925061066672,-0.21215813969689437,-0.056209277401435526,-0.10464972991784459,0
CustomerId_2802,1.1923170788180484,0.24177955373296142,-0.023137904914895414,-0.15203093867061265,1
CustomerId_2803,0.2991831565005352,-0.17089107665781658,-0.06174417354785029,-0.16330145649314923,0
CustomerId_2804,-0.7055925061066672,-0.2534252027359722,-0.05952138280819968,0.0,0
CustomerId_2806,-0.7055925061066672,-0.22247490545666382,-0.06313231372499634,-0.16599880948110615,0
CustomerId_2807,0.11311358935105324,0.03544423853757243,-0.013551567832584356,-0.10079007346592858,0
CustomerId_2808,0.2619692430706388,-0.13994077937850824,-0.05872095733489834,-0.15781620793270748,0
CustomerId_2809,2.420376222004629,0.4687484004478894,-0.01783647539848633,-0.1397254193916695,1
CustomerId_2810,-0.593950765816978,-0.21215813969689437,0.054562247869232396,0.5195474429838384,0
CustomerId_2811,-0.7055925061066672,-0.2534252027359722,-0.06172945307937579,0.0,0
CustomerId_2812,-0.7055925061066672,-0.24310843697620274,-0.05400120713025942,-0.13723807588602607,0
CustomerId_2815,2.420376222004629,0.39653104012950324,-0.04902016861019799,-0.16675646503314379,1
CustomerId_2816,2.5692318757242143,2.0575303274523846,0.023403947465639265,-0.15437196031290654,1
CustomerId_2817,-0.7055925061066672,-0.2534252027359722,-0.06688161704545337,0.0,0
CustomerId_2818,0.7085362042293953,0.7060340129225867,0.0008205775566449782,-0.1482915644539411,1
CustomerId_2820,2.420376222004629,-0.10899048209919988,-0.10364929916594227,0.2582522378682576,1
CustomerId_2822,1.155103165388152,-0.10899048209919988,-0.009287784138943298,-0.0364098664166973,1
CustomerId_2824,-0.7055925061066672,-0.20184137393712492,-0.056209277401435526,-0.09491646648124456,0
CustomerId_2825,-0.07295597779842868,-0.22247490545666382,-0.059926195691248636,-0.1404474221198628,0
CustomerId_2826,-0.7055925061066672,-0.2534252027359722,-0.058049335960748946,0.0,0
CustomerId_2827,-0.7055925061066672,-0.2534252027359722,-0.05952138280819968,0.0,0
CustomerId_2828,-0.07295597779842868,-0.07804018481989153,-0.03928073865575205,-0.08797982737457402,0
CustomerId_2829,-0.7055925061066672,-0.19152460817735548,-0.05731331253702358,-0.12048793018232803,0
CustomerId_2831,-0.7055925061066672,-0.1502575451382777,-0.050689101723495264,-0.13229276466012765,0
CustomerId_2832,-0.7055925061066672,-0.24310843697620274,-0.03560062153712521,0.4479416357435354,0
CustomerId_2833,-0.7055925061066672,-0.24310843697620274,-0.05975028609297827,-0.09611457165125864,0
CustomerId_2834,-0.7055925061066672,-0.2534252027359722,-0.06356951163868921,0.0,0
CustomerId_2835,0.5596805505098098,-0.17089107665781658,0.07029474855136214,0.8252000139653565,0
CustomerId_2836,0.33639706993043156,-0.06772341906012208,-0.03560062153712521,-0.12019403662853591,0
CustomerId_2838,1.7877396936963905,0.22114602221342253,-0.04825201040379277,-0.16418786009387687,1
CustomerId_2839,-0.7055925061066672,-0.22247490545666382,-0.06213426596242474,-0.1581149006584091,0
CustomerId_2840,-0.7055925061066672,-0.2534252027359722,-0.06246547650310116,0.0,0
CustomerId_2841,-0.7055925061066672,-0.2534252027359722,-0.06301749407089519,0.0,0
CustomerId_2843,-0.593950765816978,-0.13994077937850824,-0.055844945806691464,-0.14221039614243042,0
CustomerId_2844,-0.29623945837780696,-0.026456356021044274,-0.018587440097713327,-0.10419821175491104,0
CustomerId_2845,2.420376222004629,1.1083878775535954,0.20141695347632466,-0.08452907458535475,1
CustomerId_2846,1.4900283862572195,1.2425058324305982,0.03255183539443712,-0.14394085810453336,1
CustomerId_2847,-0.7055925061066672,-0.22247490545666382,-0.04535293190148634,0.02545630346493897,0
CustomerId_2849,2.2715205682850432,-0.13994077937850824,0.023732434719647897,0.060352497466394525,1
CustomerId_2850,0.5224666370799135,-0.18120784241758603,-0.05756797664163255,-0.13488959404728038,0
CustomerId_2851,-0.7055925061066672,-0.2534252027359722,-0.06290709055733637,0.0,0
CustomerId_2852,1.3039588191077376,0.9845866884363619,0.16342305633190926,-0.08433704400350711,1
CustomerId_2853,0.7457501176592918,-0.20184137393712492,-0.06110383316920922,-0.161913253655055,1
CustomerId_2854,-0.7055925061066672,-0.026456356021044274,-0.05594246891033508,-0.1585166568551669,0
CustomerId_2855,-0.7055925061066672,-0.16057431089804713,-0.04112079721506547,-0.11488886320925028,0
CustomerId_2857,1.341172732537634,0.21082925645365308,-0.05105343331823932,-0.16229206026744342,1
CustomerId_2858,2.4575901354345255,0.03544423853757243,-0.028829206038851824,-0.11697885139107803,1
CustomerId_2859,2.30873448171494,1.2528225981903676,0.009342705730825764,-0.1318063510048329,1
CustomerId_2860,-0.7055925061066672,-0.24310843697620274,-0.06246547650310116,-0.17381180786287367,0
CustomerId_2862,0.187541416210846,-0.09867371633943042,-0.0316341913066692,-0.12407007634878817,0
CustomerId_2864,-0.7055925061066672,-0.20184137393712492,-0.05584126568957284,-0.11185917329121467,0
CustomerId_2865,-0.7055925061066672,-0.2534252027359722,-0.06283348821496383,0.0,0
CustomerId_2866,2.606445789154111,0.13861189613526692,-0.03472475366289202,-0.1504425898120179,1
CustomerId_2868,-0.7055925061066672,-0.24310843697620274,-0.06282796803928589,-0.17370208666694312,0
CustomerId_2869,-0.7055925061066672,-0.2534252027359722,-0.06283348821496383,0.0,0
CustomerId_2870,-0.7055925061066672,-0.24310843697620274,-0.06139824253869937,-0.13650660124648914,0
CustomerId_2871,0.7829640310891881,-0.09867371633943042,-0.056441124779909015,-0.16109669864056483,1
CustomerId_2872,-0.7055925061066672,-0.20184137393712492,-0.056209277401435526,-0.09491646648124456,0
CustomerId_2874,-0.7055925061066672,-0.2534252027359722,-0.06283348821496383,0.0,0
CustomerId_2875,-0.7055925061066672,-0.2534252027359722,-0.05952138280819968,0.0,0
CustomerId_2876,0.4108248967902243,3.852647569652269,0.5635371658437991,0.3453137979610187,1
CustomerId_2877,-0.7055925061066672,-0.08835695057966098,1.371676164625779,5.23660025769695,0
CustomerId_2878,-0.4823090255272889,-0.17089107665781658,-0.048481031452319155,-0.106948641494631,0
CustomerId_2879,1.6016701265469087,0.025127472777802976,-0.05629760021228257,-0.16530907574503106,1
CustomerId_2880,-0.7055925061066672,-0.2534252027359722,-0.05952138280819968,0.0,0
CustomerId_2881,-0.7055925061066672,-0.22247490545666382,-0.06137984195310624,-0.1465228852642962,0
CustomerId_2883,2.532017962294318,0.5822328238053534,0.05675177035013061,-0.08277340583490127,1
CustomerId_2884,-0.2590255449479106,-0.17089107665781658,-0.061704336280041155,-0.16961618375957066,0
CustomerId_2885,-0.7055925061066672,-0.2327916712164333,-0.02805638144394019,0.3478053510660578,0
CustomerId_2886,0.8946057713788773,-0.07804018481989153,-0.03486459811339984,-0.1176199508604556,1
CustomerId_2887,-0.6311646792468745,-0.21215813969689437,-0.0599629968624349,-0.13130287175531571,0
CustomerId_2888,-0.7055925061066672,-0.21215813969689437,-0.05584126568957284,-0.10403357451321088,0
CustomerId_2889,-0.37066728523759973,0.28304661677203924,0.8258533379775372,0.18764306266078176,0
CustomerId_2890,-0.7055925061066672,-0.21215813969689437,-0.05584126568957284,-0.10403357451321088,0
CustomerId_2892,-0.7055925061066672,-0.2534252027359722,-0.0613614413675131,0.0,0
CustomerId_2893,-0.7055925061066672,-0.2327916712164333,-0.046141396994152144,0.13444168910363063,0
CustomerId_2894,-0.6683785926767708,-0.11930724785896933,0.08069107941148297,0.04346161283427787,0
CustomerId_2895,1.341172732537634,0.014810707018033525,-0.03969107171447895,-0.11002571852947443,1
CustomerId_2896,-0.7055925061066672,-0.24310843697620274,-0.051425125147220634,0.031001091207472853,0
CustomerId_2898,-0.7055925061066672,-0.24310843697620274,-0.06285188880055698,-0.16613132414773568,0
CustomerId_2900,-0.7055925061066672,-0.2534252027359722,-0.06246547650310116,0.0,0
CustomerId_2901,-0.7055925061066672,-0.24310843697620274,-0.004319626028797062,-0.17381180786287367,0
CustomerId_2902,-0.6311646792468745,-0.09867371633943042,-0.04075278550320279,-0.08623379791608861,0
CustomerId_2904,0.00147184906136409,-0.20184137393712492,-0.052529160282808685,-0.11477798253788778,0
CustomerId_2906,-0.7055925061066672,-0.2534252027359722,-0.06283348821496383,0.0,0
CustomerId_2907,1.4156005593974266,-0.05740665330035263,-0.051125195602052545,-0.142633139009864,1
CustomerId_2908,-0.2218116315180142,0.03544423853757243,-0.040809459306829644,-0.13248701946117528,0
CustomerId_2909,-0.7055925061066672,-0.2534252027359722,-0.06301749407089519,0.0,0
CustomerId_2910,0.07589967592115686,-0.19152460817735548,-0.061690811849630205,-0.15928125503380763,0
CustomerId_2911,1.4900283862572195,0.4893819319674283,-0.042472136221025254,-0.16372283687084543,1
CustomerId_2912,-0.7055925061066672,-0.2534252027359722,-0.0613614413675131,0.0,0
CustomerId_2913,0.8201779445190845,-0.0058228245015053744,-0.04408329149556008,-0.14790459112481852,1
CustomerId_2914,0.5224666370799135,-0.16057431089804713,-0.014216196984208365,0.0043182356801655586,0
CustomerId_2915,0.8946057713788773,-0.16057431089804713,-0.010506638928632508,0.1964131261854442,1
CustomerId_2917,1.8993814339860795,0.10766159885595858,0.001773175872801536,-0.09669809755843164,1
CustomerId_2918,-0.7055925061066672,-0.21215813969689437,-0.06094190801598964,-0.15523200644327906,0
CustomerId_2919,-0.7055925061066672,-0.21215813969689437,-0.05584126568957284,-0.10403357451321088,0
CustomerId_2920,-0.7055925061066672,-0.2327916712164333,-0.0633891858998765,-0.16592204766679927,0
CustomerId_2921,2.122664914565458,-0.026456356021044274,-0.03133168567951808,-0.12106478231715205,1
CustomerId_2922,-0.7055925061066672,-0.21215813969689437,-0.05584126568957284,-0.10403357451321088,0
CustomerId_2923,-0.1845977180881178,0.045761004297341874,-0.04522044768521578,-0.13621642845241733,0
CustomerId_2924,-0.7055925061066672,-0.2534252027359722,-0.06301749407089519,0.0,0
CustomerId_2925,-0.7055925061066672,-0.2534252027359722,-0.0613614413675131,0.0,0
CustomerId_2926,1.0434614250984628,-0.0058228245015053744,-0.04564734127097649,-0.14443859993121394,1
CustomerId_2927,-0.7055925061066672,-0.2534252027359722,-0.0613614413675131,0.0,0
CustomerId_2928,-0.7055925061066672,-0.2534252027359722,-0.05952138280819968,0.0,0
CustomerId_2930,-0.7055925061066672,-0.21215813969689437,-0.05584126568957284,-0.10403357451321088,0
CustomerId_2931,-0.7055925061066672,-0.22247490545666382,-0.06320518004394515,-0.16649687860113008,0
CustomerId_2932,0.8201779445190845,0.045761004297341874,-0.0438661645855611,-0.15355167262737918,1
CustomerId_2933,-0.6683785926767708,-0.10899048209919988,0.4608471777656357,0.5560462279303547,0
CustomerId_2934,1.936595347415976,-0.12962401361873876,-0.03541661568119387,-0.11143961896713274,1
CustomerId_2935,-0.29623945837780696,-0.17089107665781658,-0.059705388664131026,-0.13254062048039036,0
CustomerId_2936,0.671322290799499,-0.07804018481989153,-0.05189250002128624,-0.15323265408140163,0
CustomerId_2937,0.22475532964074238,-0.19152460817735548,-0.06139824253869937,-0.16851177057196715,0
CustomerId_2938,-0.593950765816978,-0.20184137393712492,-0.03773508946592878,0.002261497037496245,0
CustomerId_2939,2.4575901354345255,0.13861189613526692,0.11798833038534227,0.060430691585073935,1
CustomerId_2940,1.4900283862572195,-0.13994077937850824,-0.050302689426039444,-0.13221501278481176,1
CustomerId_2941,1.4528144728273231,0.014810707018033525,0.02714537533546243,0.006124989473220263,1
CustomerId_2943,0.2619692430706388,0.0044939412582640755,-0.034578285001570674,-0.13570896945465422,0
CustomerId_2944,-0.7055925061066672,-0.2534252027359722,-0.06283348821496383,0.0,0
CustomerId_2945,-0.2218116315180142,-0.13994077937850824,-0.04606319450538132,-0.11219177453753354,0
CustomerId_2946,-0.7055925061066672,-0.20184137393712492,-0.05628287974380806,-0.12941103614626587,0
CustomerId_2947,-0.7055925061066672,-0.2534252027359722,-0.05952138280819968,0.0,0
CustomerId_2948,-0.7055925061066672,-0.2534252027359722,-0.06246547650310116,0.0,0
CustomerId_2949,-0.7055925061066672,-0.2327916712164333,-0.05768132424888626,-0.17381180786287367,0
CustomerId_2950,0.2619692430706388,-0.12962401361873876,-0.03600727447873348,-0.06899636725391196,0
CustomerId_2953,1.4156005593974266,-0.036773121780813725,-0.06340206630979169,-0.15336175087412166,1
CustomerId_2954,-0.6311646792468745,-0.2327916712164333,-0.019040094503304426,0.005362154802304944,0
CustomerId_2955,0.7085362042293953,-0.19152460817735548,-0.06031260798870445,-0.16514860758218694,0
CustomerId_2956,-0.5567368523870817,-0.016139590261274823,-0.03433466124831758,-0.13031338393304445,0
CustomerId_2957,0.5224666370799135,-0.016139590261274823,0.05166047552119513,0.03325180454326999,0
CustomerId_2959,2.3459483951448363,-0.036773121780813725,-0.03987912569924078,-0.12836491330128777,1
CustomerId_2961,0.6341083773696026,0.15924542765480584,-0.05129448098950938,-0.16308937200357834,1
CustomerId_2962,0.6341083773696026,-0.06772341906012208,-0.026728595187539624,-0.06659883161014278,0
CustomerId_2963,2.606445789154111,1.2115555351512899,0.053204431857143845,-0.1108713379091768,1
CustomerId_2965,0.8573918579489809,-0.18120784241758603,-0.04075278550320279,-0.061994580797046284,1
CustomerId_2966,-0.7055925061066672,-0.2534252027359722,-0.05988939452006237,0.0,0
CustomerId_2968,-0.7055925061066672,-0.20184137393712492,-0.05584126568957284,-0.09297365549822892,0
CustomerId_2969,-0.7055925061066672,-0.22247490545666382,-0.06177545454335862,-0.15515158658282685,0
CustomerId_2970,-0.33345337180770335,-0.016139590261274823,-0.046199358838770514,-0.14630217485839223,0
CustomerId_2971,-0.7055925061066672,-0.21215813969689437,-0.05584126568957284,-0.10403357451321088,0
CustomerId_2972,-0.6683785926767708,-0.17089107665781658,-0.06234587269674578,-0.1668172310263971,0
CustomerId_2973,-0.03574206436853229,0.3552639770904254,-0.017527566367548795,-0.1538108647100658,0
CustomerId_2974,-0.7055925061066672,-0.24310843697620274,-0.06215266654801787,-0.1507703567174597,0
CustomerId_2975,1.0062475116685665,0.17987895917434474,-0.04980219349790619,-0.15732737482939158,1
CustomerId_2977,2.0482370877056653,0.736984310201895,-0.01597860507231876,-0.1527855042868718,1
CustomerId_2979,-0.7055925061066672,-0.2327916712164333,-0.0359686332489879,0.3223343788146491,0
CustomerId_2980,-0.7055925061066672,-0.21215813969689437,-0.05584126568957284,-0.10403357451321088,0
CustomerId_2981,2.1598788279953545,0.6028663553248922,0.02350393624775236,-0.11672288438768814,1
CustomerId_2982,-0.7055925061066672,-0.2534252027359722,-0.06283348821496383,0.0,0
CustomerId_2983,-0.7055925061066672,-0.2534252027359722,-0.06264948235903249,0.0,0
CustomerId_2984,-0.7055925061066672,-0.24310843697620274,-0.0628408484492011,-0.16635076653959677,0
CustomerId_2985,-0.7055925061066672,-0.2327916712164333,-0.06287028938615011,-0.15788647771598416,0
CustomerId_2986,-0.4823090255272889,-0.13994077937850824,-0.033794420055303157,-0.03750048984160447,0
CustomerId_2987,2.2715205682850432,0.20051249069388363,-0.010770871337749914,-0.08404991066473633,1
CustomerId_2988,-0.7055925061066672,-0.2534252027359722,-0.06246547650310116,0.0,0
CustomerId_2989,-0.7055925061066672,-0.2534252027359722,-0.06246547650310116,0.0,0
CustomerId_2991,0.038685762491260475,-0.08835695057966098,-0.03376056297781179,-0.10861563431222566,0
CustomerId_2992,-0.7055925061066672,-0.19152460817735548,-0.05584126568957284,-0.116082879158779,0
CustomerId_2993,-0.2218116315180142,-0.11930724785896933,-0.04120359985023458,-0.11677733277499242,0
CustomerId_2994,0.1503275027809496,-0.036773121780813725,-0.04957586629511064,-0.1451918528261886,0
CustomerId_2995,-0.7055925061066672,-0.21215813969689437,-0.05584126568957284,-0.10403357451321088,0
CustomerId_2996,-0.14738380465822143,-0.06772341906012208,-0.041122269261912925,-0.12013516222427777,0
CustomerId_2997,0.7829640310891881,-0.12962401361873876,-0.059226973438709536,-0.16262331709536207,1
CustomerId_3,-0.7055925061066672,-0.2534252027359722,-0.06688161704545337,0.0,0
CustomerId_3000,2.0854510011355614,0.44811486892835045,-0.02945482594901839,-0.14398393332138323,1
CustomerId_3001,-0.7055925061066672,-0.22247490545666382,-0.06301749407089519,-0.1660533476946352,0
CustomerId_3002,2.420376222004629,0.08702806733641968,-0.04667961412275132,-0.13820760355238645,1
CustomerId_3003,1.6016701265469087,-0.10899048209919988,-0.0476916463303737,-0.1064989283951665,1
CustomerId_3004,-0.7055925061066672,-0.2534252027359722,-0.06283348821496383,0.0,0
CustomerId_3005,-0.7055925061066672,-0.19152460817735548,-0.06265316247615112,-0.16794032018354177,0
CustomerId_3007,-0.5195229389571853,-0.20184137393712492,-0.05327990417500856,-0.07789527759848988,0
CustomerId_3008,1.936595347415976,0.4996986977271977,0.06726807302831868,-0.06484690026037712,1
CustomerId_3009,1.6760979534067013,0.14892866189503637,-0.058086137131935216,-0.16977389049227298,1
CustomerId_3011,2.4575901354345255,0.13861189613526692,0.06154674214867428,-0.03289760501495633,1
CustomerId_3012,-0.7055925061066672,-0.21215813969689437,-0.056209277401435526,-0.10464972991784459,0
CustomerId_3013,1.155103165388152,0.25209631949273087,-0.04662809248309054,-0.15104789387504994,1
CustomerId_3014,-0.7055925061066672,-0.2534252027359722,-0.06301749407089519,0.0,0
CustomerId_3015,-0.7055925061066672,-0.2327916712164333,-0.06320886016106378,-0.16346650468730506,0
CustomerId_3016,-0.7055925061066672,-0.2534252027359722,-0.019040094503304426,0.0,0
CustomerId_3020,-0.7055925061066672,-0.2327916712164333,-0.06283716833208247,-0.17076585049756562,0
CustomerId_3022,2.4575901354345255,0.8298352020398201,0.24714240867526316,-0.012549124795748075,1
CustomerId_3026,-0.4823090255272889,-0.22247490545666382,-0.060625417943787736,-0.16863950108404802,0
CustomerId_3027,-0.7055925061066672,-0.24310843697620274,-0.026032317028695427,0.5503480852787087,0
CustomerId_3030,-0.1845977180881178,1.149654940592673,0.22675474384392638,0.09178435517890483,0
CustomerId_3031,-0.29623945837780696,-0.1502575451382777,-0.06120503638997146,-0.16342795215284628,0
CustomerId_3032,-0.7055925061066672,-0.2534252027359722,-0.06301749407089519,0.0,0
CustomerId_3033,-0.4450951120973925,-0.18120784241758603,-0.060662219114974,-0.16081250475478007,0
CustomerId_3034,0.8201779445190845,0.871102265078898,-0.03343671267137263,-0.16239258609562576,1
CustomerId_3035,1.8621675205561832,0.41716457164904214,-0.005499103565316965,-0.1055569623790038,1
CustomerId_3036,1.1923170788180484,0.17987895917434474,-0.04468131052733695,-0.14986340605450021,1
CustomerId_3037,-0.7055925061066672,-0.2534252027359722,-0.044800914333692314,0.0,0
CustomerId_3038,-0.7055925061066672,-0.2327916712164333,-0.06209746479123847,-0.17381180786287367,0
CustomerId_3040,-0.7055925061066672,-0.22247490545666382,-0.060625417943787736,-0.08075818989761774,0
CustomerId_3041,-0.2218116315180142,0.6647669498835089,0.1190487561330746,0.060173079444318565,0
CustomerId_3042,-0.7055925061066672,-0.2534252027359722,-0.0613614413675131,0.0,0
CustomerId_3043,1.1923170788180484,-0.12962401361873876,-0.05775124647414017,-0.1592929752675205,1
CustomerId_3044,-0.07295597779842868,-0.11930724785896933,-0.0648446722202934,-0.15686382449222777,0
CustomerId_3045,-0.7055925061066672,-0.24310843697620274,-0.004319626028797062,-0.17381180786287367,0
CustomerId_3046,-0.7055925061066672,-0.20184137393712492,-0.05584126568957284,-0.11096398812876057,0
CustomerId_3047,-0.7055925061066672,-0.21215813969689437,-0.056209277401435526,-0.10464972991784459,0
CustomerId_3048,1.8249536071262868,0.5306489950065061,-0.012188084440133112,-0.14064115007212621,1
CustomerId_3049,-0.7055925061066672,-0.21215813969689437,0.052354177598056294,0.5336190950510148,0
CustomerId_3050,-0.7055925061066672,-0.2534252027359722,-0.05584126568957284,0.0,0
CustomerId_3051,-0.1845977180881178,-0.12962401361873876,-0.04112079721506547,-0.1080416392189638,0
CustomerId_3052,0.33639706993043156,-0.13994077937850824,-0.0592637746098958,-0.16665563732311425,0
CustomerId_3053,-0.7055925061066672,-0.2534252027359722,-0.02640032874055811,0.0,0
CustomerId_3054,-0.593950765816978,-0.06772341906012208,-0.05599583060855517,-0.14994090448652567,0
CustomerId_3057,-0.593950765816978,-0.18120784241758603,-0.06154544722344445,-0.1667971115380249,0
CustomerId_3058,-0.7055925061066672,0.025127472777802976,-0.035387174744244854,-0.12297721732761564,0
CustomerId_3061,-0.03574206436853229,-0.11930724785896933,-0.04112079721506547,-0.0919119149914211,0
CustomerId_3062,-0.7055925061066672,-0.2534252027359722,-0.06301749407089519,0.0,0
CustomerId_3063,-0.6311646792468745,-0.16057431089804713,0.054194236157369714,0.2556647989206092,0
CustomerId_3064,0.22475532964074238,-0.026456356021044274,-0.03376056297781179,-0.09571981221052062,0
CustomerId_3066,1.3783866459675302,6.050118676483161,0.3486462950060931,-0.11989414372919484,1
CustomerId_3067,-0.7055925061066672,-0.2534252027359722,-0.06246547650310116,0.0,0
CustomerId_3068,-0.4823090255272889,-0.07804018481989153,-0.04929249727697638,-0.15025249589515638,0
CustomerId_3069,-0.7055925061066672,-0.2534252027359722,-0.06283348821496383,0.0,0
CustomerId_3072,-0.7055925061066672,-0.22247490545666382,-0.05952138280819968,-0.10390589236919377,0
CustomerId_3073,-0.5195229389571853,-0.1502575451382777,-0.05958394479921634,-0.15689981852622406,0
CustomerId_3074,0.22475532964074238,-0.036773121780813725,-0.02640032874055811,-0.10005887086847706,0
CustomerId_3075,2.2715205682850432,0.21082925645365308,1.8835959123186705,1.9337116676201047,1
CustomerId_3076,-0.7055925061066672,-0.22247490545666382,-0.0628408484492011,-0.16388906386801333,0
CustomerId_3077,0.33639706993043156,-0.05740665330035263,-0.02640032874055811,-0.10413454147877321,0
CustomerId_3078,0.187541416210846,5.647764811852153,0.8340625752340581,0.0595009160205811,1
CustomerId_3079,1.2295309922479447,-0.18120784241758603,-0.0595655442136232,-0.1603783687835528,1
CustomerId_3081,-0.7055925061066672,-0.24310843697620274,-0.055105242265847475,-0.15918231507213462,0
CustomerId_3083,0.37361098336032794,0.014810707018033525,-0.053485990733651664,-0.15688190835675936,0
CustomerId_3084,-0.03574206436853229,-0.11930724785896933,-0.044800914333692314,-0.09826024349366393,0
CustomerId_3085,0.5968944639397062,-0.12962401361873876,-0.04112079721506547,-0.1073671621681605,0
CustomerId_3087,-0.7055925061066672,-0.24310843697620274,-0.06253907884547369,-0.17381180786287367,0
CustomerId_3088,1.638884039976805,0.6647669498835089,0.3328560164852009,0.03309687630278466,1
CustomerId_3089,0.00147184906136409,-0.07804018481989153,0.034809955258426555,0.09025015479952306,0
CustomerId_3090,-0.7055925061066672,-0.22247490545666382,0.6751035964120904,10.160134625703577,0
CustomerId_3091,1.8249536071262868,1.5829591025029899,0.04290547689598188,-0.1434045374659356,1
CustomerId_3092,2.4948040488644216,0.5822328238053534,-0.0010669545134987287,-0.11502784922376852,1
CustomerId_3093,-0.7055925061066672,-0.21215813969689437,-0.05584126568957284,-0.10403357451321088,0
CustomerId_3096,-0.4823090255272889,-0.2327916712164333,-0.06172945307937579,-0.1659109787523731,0
CustomerId_3097,1.4900283862572195,0.27272985101226976,-0.03734867716847296,-0.11359509036845675,1
CustomerId_3098,-0.7055925061066672,-0.2534252027359722,-0.044800914333692314,0.0,0
CustomerId_3102,1.0062475116685665,1.76866088617884,0.5631102722580383,0.08225973399920514,1
CustomerId_3103,2.3459483951448363,0.5306489950065061,0.5918633953175817,0.31575713437282343,1
CustomerId_3104,2.1598788279953545,-0.08835695057966098,-0.03950154568286966,-0.13575511768099152,1
CustomerId_3105,2.606445789154111,1.789294417698379,-0.0044859673225589956,-0.1664353846918422,1
CustomerId_3107,-0.7055925061066672,-0.2534252027359722,-0.05952138280819968,0.0,0
CustomerId_3109,-0.7055925061066672,-0.21215813969689437,-0.05584126568957284,-0.10403357451321088,0
CustomerId_3110,0.4852527236500171,-0.05740665330035263,-0.03339255126594911,-0.09820519281167,0
CustomerId_3111,2.4575901354345255,0.8917357965984368,0.14412893830237247,-0.07129906067762955,1
CustomerId_3112,-0.6683785926767708,0.0044939412582640755,-0.04653056937944693,-0.13650554211272475,0
CustomerId_3113,1.3039588191077376,-0.12962401361873876,-0.014593408988867615,-0.053380684643201046,1
CustomerId_3115,-0.5567368523870817,-0.20184137393712492,-0.06212506566962817,-0.16901033010058417,0
CustomerId_3116,0.671322290799499,0.08702806733641968,-0.05589278732923362,-0.16481404385168277,1
CustomerId_3117,-0.7055925061066672,-0.2534252027359722,-0.06283348821496383,0.0,0
CustomerId_3118,-0.7055925061066672,-0.2534252027359722,-0.06301749407089519,0.0,0
CustomerId_3120,2.606445789154111,0.28304661677203924,-0.02691848923086077,-0.14123664506208053,1
CustomerId_3121,0.7085362042293953,0.5100154634869671,-0.026278884875643425,-0.1287594756504642,1
CustomerId_3123,2.5692318757242143,0.32431367981111703,-0.04674806430115778,-0.15835602485462752,1
CustomerId_3124,0.8946057713788773,0.6544501841237395,-0.004748727684828952,-0.1301406848264745,1
CustomerId_3125,-0.593950765816978,-0.1502575451382777,-0.05739427511363337,-0.14946856204449932,0
CustomerId_3126,0.4108248967902243,-0.13994077937850824,-0.03261972667103747,-0.011098790911530772,0
CustomerId_3127,-0.7055925061066672,-0.20184137393712492,-0.046640972893005735,-0.1454819168918768,0
CustomerId_3128,-0.7055925061066672,-0.2534252027359722,-0.05584126568957284,0.0,0
CustomerId_3130,-0.7055925061066672,-0.24310843697620274,-0.06128783902514057,-0.15333051795583902,0
CustomerId_3133,0.5596805505098098,-0.21215813969689437,-0.007352042534545579,0.2857796537523688,0
CustomerId_3135,2.1598788279953545,-0.1502575451382777,-0.04112079721506547,-0.08883426902191065,1
CustomerId_3137,-0.4823090255272889,-0.17089107665781658,-0.048481031452319155,-0.106948641494631,0
CustomerId_3138,-0.7055925061066672,-0.2534252027359722,-0.06301749407089519,0.0,0
CustomerId_3140,-0.2590255449479106,0.29336338253180866,-0.04576326496021323,-0.15535825528066452,0
CustomerId_3141,-0.7055925061066672,-0.21215813969689437,-0.06175521389920617,-0.16498257262506086,0
CustomerId_3143,1.341172732537634,-0.19152460817735548,-0.059550823745148695,-0.16351459255482667,1
CustomerId_3145,-0.7055925061066672,-0.2534252027359722,-0.06301749407089519,0.0,0
CustomerId_3147,-0.7055925061066672,-0.20184137393712492,-0.05584126568957284,-0.11083131750309565,0
CustomerId_3148,-0.7055925061066672,-0.2534252027359722,-0.0613614413675131,0.0,0
CustomerId_3149,-0.7055925061066672,-0.2534252027359722,-0.06283348821496383,0.0,0
CustomerId_3150,0.8573918579489809,0.3346304455708865,-0.04634288340639696,-0.1630174653644435,1
CustomerId_3151,-0.7055925061066672,-0.2327916712164333,-0.06320886016106378,-0.16346650468730506,0
CustomerId_3152,-0.7055925061066672,-0.2534252027359722,-0.06264948235903249,0.0,0
CustomerId_3153,-0.2218116315180142,0.045761004297341874,-0.05073142307035947,-0.15192516865672884,0
CustomerId_3156,1.7505257802664942,-0.026456356021044274,-0.03209715004019246,-0.09681340949375133,1
CustomerId_3158,-0.7055925061066672,-0.2534252027359722,-0.06283348821496383,0.0,0
CustomerId_3159,0.2991831565005352,-0.18120784241758603,-0.05562781889669248,-0.10859858595048934,0
CustomerId_3160,-0.7055925061066672,-0.24310843697620274,-0.048481031452319155,-0.17381180786287367,0
CustomerId_3162,-0.5567368523870817,-0.19152460817735548,-0.058851601492609595,-0.15065839740425882,0
CustomerId_3163,0.8946057713788773,0.19019572493411419,-0.029530452355806168,-0.12684847789389936,1
CustomerId_3164,0.22475532964074238,-0.0058228245015053744,-0.024560270181244688,-0.10371226091814659,0
CustomerId_3165,2.122664914565458,-0.06772341906012208,-0.0269310016290641,-0.037042653280912705,1
CustomerId_3166,-0.7055925061066672,-0.2534252027359722,-0.06283348821496383,0.0,0
CustomerId_3167,0.9690335982386701,-0.17089107665781658,-0.06383816018834897,-0.11676462225686043,1
CustomerId_3168,-0.7055925061066672,-0.19152460817735548,-0.060084440727349586,-0.15312180491610083,0
CustomerId_3169,-0.7055925061066672,-0.22247490545666382,-0.05492123640991613,-0.12117019135245714,0
CustomerId_3170,-0.7055925061066672,-0.2534252027359722,-0.06283348821496383,0.0,0
CustomerId_3171,-0.7055925061066672,-0.2327916712164333,-0.041797938764892816,0.19003172681796213,0
CustomerId_3172,2.4948040488644216,-0.05740665330035263,-0.021468971801598142,-0.0960846178378004,1
CustomerId_3174,-0.7055925061066672,-0.13994077937850824,0.018301538683005526,0.1582265386687663,0
CustomerId_3175,-0.4078811986674961,-0.19152460817735548,-0.054590025869239715,-0.11906802187968503,0
CustomerId_3177,-0.7055925061066672,-0.21215813969689437,-0.05584126568957284,-0.10403357451321088,0
CustomerId_3178,-0.7055925061066672,-0.21215813969689437,0.052354177598056294,0.5336190950510148,0
CustomerId_3179,-0.7055925061066672,-0.21215813969689437,-0.05584126568957284,-0.10403357451321088,0
CustomerId_3180,2.4948040488644216,0.5719160580455839,0.008762822316209496,-0.11213058780518792,1
CustomerId_3181,0.5968944639397062,-0.07804018481989153,-0.04814246067740549,-0.11793642758831313,0
CustomerId_3183,-0.37066728523759973,-0.17089107665781658,-0.048481031452319155,-0.106948641494631,0
CustomerId_3184,-0.7055925061066672,-0.20184137393712492,-0.052161148570945996,-0.1064525645664793,0
CustomerId_3187,1.341172732537634,0.4584316346881199,-0.0397260328271059,-0.1534066546769484,1
CustomerId_3188,-0.7055925061066672,-0.2534252027359722,-0.0613614413675131,0.0,0
CustomerId_3189,-0.7055925061066672,-0.24310843697620274,-0.05657728911329821,-0.056775865536961366,0
CustomerId_319,-0.7055925061066672,-0.2534252027359722,-0.0403847737913401,0.0,0
CustomerId_3190,0.7457501176592918,0.08702806733641968,-0.004319626028797062,-0.10261572885036295,1
CustomerId_3191,-0.7055925061066672,-0.21215813969689437,-0.05584126568957284,-0.10403357451321088,0
CustomerId_3192,0.038685762491260475,-0.08835695057966098,-0.03560062153712521,-0.10807477744459694,0
CustomerId_3193,-0.7055925061066672,-0.17089107665781658,-0.040662990645508296,-0.043418003984295836,0
CustomerId_3194,-0.7055925061066672,-0.2534252027359722,-0.05952138280819968,0.0,0
CustomerId_3196,-0.6683785926767708,-0.1502575451382777,-0.06190241858395125,-0.16694401205897294,0
CustomerId_3197,-0.7055925061066672,-0.2534252027359722,-0.03376056297781179,0.0,0
CustomerId_3198,1.564456213117012,0.06639453581688078,0.034582524020495414,0.014415144440932434,1
CustomerId_320,-0.7055925061066672,-0.24310843697620274,-0.048481031452319155,-0.17381180786287367,0
CustomerId_3200,1.564456213117012,0.19019572493411419,0.027904215485323285,-0.031226017533538968,1
CustomerId_3201,-0.7055925061066672,-0.24310843697620274,-0.048481031452319155,-0.17381180786287367,0
CustomerId_3202,-0.7055925061066672,-0.2534252027359722,-0.06283348821496383,0.0,0
CustomerId_3203,-0.7055925061066672,-0.22247490545666382,-0.03412857468967448,0.2438659759592455,0
CustomerId_3204,2.2715205682850432,4.131200245166045,0.19290245050481364,-0.13904465649849593,1
CustomerId_3205,1.1178892519582555,0.045761004297341874,-0.05245187782331752,-0.15214604350282535,1
CustomerId_3206,-0.7055925061066672,-0.21215813969689437,-0.008367754859286588,0.3005425871416145,0
CustomerId_3208,0.11311358935105324,-0.05740665330035263,-0.008386155444879723,-0.03278604182937825,0
CustomerId_3209,1.564456213117012,0.6957172471628172,-0.03452740738240566,-0.16037830697918196,1
CustomerId_321,-0.7055925061066672,-0.2534252027359722,0.010400842445710302,0.0,0
CustomerId_3210,-0.7055925061066672,-0.13994077937850824,-0.03560062153712521,-0.10363389514751567,0
CustomerId_3211,-0.7055925061066672,-0.20184137393712492,-0.056209277401435526,-0.09491646648124456,0
CustomerId_3212,-0.4823090255272889,-0.21215813969689437,-0.06248387708869429,-0.16449878260052664,0
CustomerId_3213,2.3831623085747324,0.344947211330656,-0.005339018470656698,-0.14223697020288967,1
CustomerId_3214,-0.7055925061066672,-0.2534252027359722,-0.06301749407089519,0.0,0
CustomerId_3215,-0.7055925061066672,-0.22247490545666382,-0.05952138280819968,-0.10390589236919377,0
CustomerId_3217,1.1923170788180484,-0.16057431089804713,-0.05294133340009489,-0.13326409542372658,1
CustomerId_3218,-0.6683785926767708,1.077437580274287,0.04384022664411309,-0.04611139700434405,0
CustomerId_3219,-0.7055925061066672,-0.18120784241758603,-0.048481031452319155,-0.08089272683783719,0
CustomerId_322,-0.7055925061066672,-0.2534252027359722,-0.06301749407089519,0.0,0
CustomerId_3220,-0.4823090255272889,-0.19152460817735548,-0.05916073133057425,-0.1246019027783894,0
CustomerId_3221,-0.4450951120973925,0.045761004297341874,-0.05346575008949921,-0.1613377597880944,0
CustomerId_3222,1.266744905677841,-0.10899048209919988,-0.03122091415424741,-0.0754593075836839,1
CustomerId_3223,2.3459483951448363,0.20051249069388363,-0.03996156032269802,-0.14617736695069858,1
CustomerId_3224,0.8573918579489809,0.19019572493411419,-0.017741454774483387,-0.09111430111171359,1
CustomerId_3225,2.3831623085747324,2.7384368675971684,0.19026093603940566,-0.13006226178927155,1
CustomerId_3226,-0.7055925061066672,-0.21215813969689437,-0.0563564820861806,-0.11441174330183712,0
CustomerId_3229,2.2715205682850432,-0.16057431089804713,-0.05832166462752733,-0.13509216513513328,1
CustomerId_323,0.9690335982386701,-0.17089107665781658,0.21170324883459854,0.09012792068665697,1
CustomerId_3230,1.1923170788180484,-0.09867371633943042,-0.0550960419730509,-0.14750964570661057,1
CustomerId_3231,-0.7055925061066672,-0.2534252027359722,-0.0613614413675131,0.0,0
CustomerId_3232,0.7457501176592918,-0.12962401361873876,-0.04075094544464348,-0.08124500814324287,1
CustomerId_3233,2.30873448171494,1.190922003631751,0.13012204453716683,-0.0790977566729008,1
CustomerId_3234,-0.7055925061066672,-0.2327916712164333,-0.06283348821496383,-0.16186687701852842,0
CustomerId_3235,1.3783866459675302,1.428207616106448,-0.009967869782465538,-0.1604842276824493,1
CustomerId_3236,-0.7055925061066672,-0.2534252027359722,-0.06301749407089519,0.0,0
CustomerId_3237,-0.7055925061066672,-0.24310843697620274,-0.05952138280819968,-0.17381180786287367,0
CustomerId_3238,2.4575901354345255,0.4996986977271977,-0.02572817374942651,-0.14352976725284397,1
CustomerId_324,-0.7055925061066672,-0.2534252027359722,-0.06283348821496383,0.0,0
CustomerId_3240,-0.7055925061066672,-0.22247490545666382,-0.06285188880055698,-0.1638593165000845,0
CustomerId_3241,2.4575901354345255,0.13861189613526692,-0.019420986625082307,-0.11423012635758106,1
CustomerId_3242,-0.7055925061066672,-0.21215813969689437,-0.056209277401435526,-0.10464972991784459,0
CustomerId_3243,2.3831623085747324,0.22114602221342253,-0.02127834173485327,-0.11602510904958434,1
CustomerId_3245,0.8573918579489809,-0.0058228245015053744,-0.02640032874055811,-0.1153128886200588,1
CustomerId_3246,1.6760979534067013,-0.13994077937850824,-0.05793010016610543,-0.1530849195670918,1
CustomerId_3247,1.3039588191077376,-0.16057431089804713,-0.06029420740311132,-0.1692320522129727,1
CustomerId_3248,-0.7055925061066672,-0.2534252027359722,-0.06283348821496383,0.0,0
CustomerId_3249,-0.7055925061066672,-0.21215813969689437,-0.05584126568957284,-0.10403357451321088,0
CustomerId_3250,2.3831623085747324,0.09734483309618913,-0.05343078897687226,-0.1621832922919495,1
CustomerId_3251,-0.5195229389571853,-0.21215813969689437,-0.0583150404167138,-0.12443433651376691,0
CustomerId_3252,0.00147184906136409,-0.24310843697620274,-0.05768132424888626,-0.13723807588602607,0
CustomerId_3253,-0.4078811986674961,-0.2327916712164333,-0.06284268850776041,-0.17067626351623302,0
CustomerId_3254,-0.7055925061066672,-0.2534252027359722,-0.06246547650310116,0.0,0
CustomerId_3255,-0.7055925061066672,-0.18120784241758603,-0.04112079721506547,-0.06875266573503826,0
CustomerId_3256,-0.7055925061066672,-0.2534252027359722,-0.06301749407089519,0.0,0
CustomerId_3257,1.3783866459675302,-0.09867371633943042,-0.03376056297781179,-0.06957491791552936,1
CustomerId_3258,-0.7055925061066672,-0.21215813969689437,0.08179511454707103,0.669429669273312,0
CustomerId_3259,-0.4823090255272889,-0.1502575451382777,-0.04884904316418184,-0.09621153410646144,0
CustomerId_3260,-0.7055925061066672,-0.2534252027359722,-0.06283348821496383,0.0,0
CustomerId_3261,-0.7055925061066672,-0.21215813969689437,-0.05613567505906299,-0.10416942926226382,0
CustomerId_3262,-0.4823090255272889,-0.20184137393712492,-0.061556487574800325,-0.16661452857649517,0
CustomerId_3263,0.5968944639397062,-0.12962401361873876,-0.04112079721506547,-0.1080416392189638,0
CustomerId_3265,0.11311358935105324,3.068573371909791,0.09448020224619384,-0.1198510602303063,1
CustomerId_3266,-0.7055925061066672,-0.20184137393712492,-0.052529160282808685,-0.10663816409383639,0
CustomerId_3267,0.33639706993043156,-0.13994077937850824,-0.048481031452319155,-0.11507259594422227,0
CustomerId_3268,-0.7055925061066672,-0.2327916712164333,-0.0633891858998765,-0.16592204766679927,0
CustomerId_3269,-0.7055925061066672,-0.21215813969689437,-0.05584126568957284,-0.10403357451321088,0
CustomerId_327,-0.7055925061066672,-0.2534252027359722,-0.06301749407089519,0.0,0
CustomerId_3270,0.4852527236500171,-0.026456356021044274,-0.025443498289715132,-0.1050109439337282,0
CustomerId_3271,-0.7055925061066672,-0.2534252027359722,-0.05949194187125067,0.0,0
CustomerId_3272,1.7133118668365976,0.03544423853757243,-0.03523555391895743,-0.08440286629949756,1
CustomerId_3273,-0.5567368523870817,-0.22247490545666382,-0.06301749407089519,-0.1660533476946352,0
CustomerId_3274,-0.7055925061066672,-0.2534252027359722,-0.06283348821496383,0.0,0
CustomerId_3275,-0.7055925061066672,-0.20184137393712492,-0.056209277401435526,-0.11066163468900565,0
CustomerId_3276,2.2715205682850432,0.27272985101226976,-0.05319526148128014,-0.1682380002264246,1
CustomerId_3278,-0.7055925061066672,-0.21215813969689437,-0.05584126568957284,-0.10403357451321088,0
CustomerId_3279,0.8573918579489809,-0.21215813969689437,-0.01977795798558911,0.07785406003437642,1
CustomerId_328,2.6436597025840074,0.43779810316858103,0.02824839843884286,0.05358831930903509,1
CustomerId_3280,0.07589967592115686,-0.20184137393712492,-0.06187297764700223,-0.1660978421799052,0
CustomerId_3282,-0.7055925061066672,-0.2534252027359722,-0.06283348821496383,0.0,0
CustomerId_3285,0.8201779445190845,-0.17089107665781658,-0.048481031452319155,-0.1059557336774426,1
CustomerId_3287,-0.7055925061066672,-0.2327916712164333,-0.06182145600734146,-0.13999346403203664,0
CustomerId_3288,-0.7055925061066672,-0.21215813969689437,-0.05584126568957284,-0.10403357451321088,0
CustomerId_3289,0.7085362042293953,0.08702806733641968,-0.01940810621516711,-0.10203868436002007,1
CustomerId_329,0.9318196848087736,-0.20184137393712492,-0.06002187873633293,-0.1561306873655642,1
CustomerId_3290,-0.5567368523870817,-0.16057431089804713,-0.05117561320657773,-0.11403027153436625,0
CustomerId_3291,-0.7055925061066672,-0.2327916712164333,-0.05644627694387509,-0.049439501498825776,0
CustomerId_3292,1.7505257802664942,0.3655807428501949,-0.03462355044212979,-0.1539080140090066,1
CustomerId_3293,-0.7055925061066672,-0.24310843697620274,-0.056945300825160895,-0.12260858309528705,0
CustomerId_3294,-0.7055925061066672,-0.2534252027359722,-0.06209746479123847,0.0,0
CustomerId_3295,0.5596805505098098,-0.24310843697620274,-0.06805925452341395,-0.06555356121140478,0
CustomerId_3296,-0.7055925061066672,-0.2534252027359722,-0.06283348821496383,0.0,0
CustomerId_3297,0.5596805505098098,-0.17089107665781658,-0.048481031452319155,-0.106948641494631,0
CustomerId_3298,0.2991831565005352,-0.20184137393712492,-0.057442116636175516,-0.13010607062725413,0
CustomerId_3299,0.7457501176592918,-0.04708988754058317,0.012883081442224107,0.05731667773199224,1
CustomerId_330,0.1503275027809496,-0.036773121780813725,-0.026041517321491993,-0.10979734507950605,0
CustomerId_3301,-0.7055925061066672,-0.2327916712164333,-0.0633891858998765,-0.16592204766679927,0
CustomerId_3302,-0.7055925061066672,-0.2327916712164333,-0.06321990051241966,-0.16346288494716935,0
CustomerId_3303,-0.7055925061066672,-0.20184137393712492,-0.05404610455910667,-0.10449758545120792,0
CustomerId_3306,-0.03574206436853229,-0.2327916712164333,-0.06283348821496383,-0.16186687701852842,0
CustomerId_3307,2.3831623085747324,0.23146278797319197,-0.01692623523036517,-0.12146205321549344,1
CustomerId_3308,0.2991831565005352,-0.08835695057966098,-0.03376056297781179,-0.10861563431222566,0
CustomerId_3309,-0.2590255449479106,-0.24310843697620274,-0.04112079721506547,0.11877804795190706,0
CustomerId_331,-0.6311646792468745,-0.21215813969689437,-0.06094190801598964,-0.13996077689713016,0
CustomerId_3310,0.4852527236500171,0.17987895917434474,-0.05089518828213836,-0.1672548448532266,0
CustomerId_3311,-0.7055925061066672,-0.20184137393712492,-0.056209277401435526,-0.09491646648124456,0
CustomerId_3313,-0.7055925061066672,-0.2327916712164333,-0.06176625425056206,-0.14033934932588712,0
CustomerId_3314,-0.7055925061066672,-0.24310843697620274,-0.06283348821496383,-0.17381180786287367,0
CustomerId_3315,-0.7055925061066672,-0.2534252027359722,-0.054590025869239715,0.0,0
CustomerId_3317,-0.4823090255272889,-0.17089107665781658,-0.048481031452319155,-0.106948641494631,0
CustomerId_3318,-0.5195229389571853,-0.16057431089804713,-0.05942569976311538,-0.16300354844592424,0
CustomerId_332,-0.7055925061066672,-0.2534252027359722,-0.06283348821496383,0.0,0
CustomerId_3320,-0.4450951120973925,-0.17089107665781658,-0.048481031452319155,-0.106948641494631,0
CustomerId_3321,-0.7055925061066672,-0.21215813969689437,-0.05584126568957284,-0.10403357451321088,0
CustomerId_3322,-0.7055925061066672,-0.20184137393712492,-0.05731331253702358,-0.11083131750309565,0
CustomerId_3323,-0.5567368523870817,-0.06772341906012208,-0.006019840137602663,-0.0789741355774531,0
CustomerId_3326,-0.7055925061066672,-0.20184137393712492,-0.05584126568957284,-0.09297365549822892,0
CustomerId_3327,-0.7055925061066672,-0.2534252027359722,-0.05952138280819968,0.0,0
CustomerId_3328,0.2619692430706388,0.3552639770904254,-0.038990009403380536,-0.15477386413761055,0
CustomerId_3329,0.37361098336032794,0.06639453581688078,-0.04764490884296714,-0.1347574825068094,0
CustomerId_3330,2.532017962294318,0.9742699226765924,0.582512217719151,0.42424308915286113,1
CustomerId_3331,-0.7055925061066672,-0.2327916712164333,-0.05400120713025942,0.0303032598804156,0
CustomerId_3332,0.187541416210846,-0.1502575451382777,-0.05099859957317178,-0.08778607175490792,0
CustomerId_3333,-0.7055925061066672,-0.2534252027359722,-0.06246547650310116,0.0,0
CustomerId_3334,0.4852527236500171,-0.12962401361873876,-0.05980364779119836,-0.1697439403252226,0
CustomerId_3336,-0.7055925061066672,-0.22247490545666382,-0.06302117418801381,-0.1649732148229461,0
CustomerId_3339,-0.7055925061066672,-0.2327916712164333,-0.06283348821496383,-0.16186687701852842,0
CustomerId_334,0.33639706993043156,0.07671130157665022,0.010400842445710302,-0.0773680696298979,0
CustomerId_3340,1.155103165388152,-0.12962401361873876,-0.046499656395650464,-0.08014627886384099,1
CustomerId_3341,-0.37066728523759973,-0.17089107665781658,-0.06467354677427725,-0.13945931370553252,0
CustomerId_3343,-0.7055925061066672,-0.2534252027359722,-0.06283348821496383,0.0,0
CustomerId_3344,-0.4823090255272889,-0.17089107665781658,-0.048481031452319155,-0.106948641494631,0
CustomerId_3345,-0.593950765816978,-0.21215813969689437,-0.06283716833208247,-0.1659606618762608,0
CustomerId_3346,-0.7055925061066672,-0.18120784241758603,-0.04112079721506547,-0.047116683850260584,0
CustomerId_3347,-0.7055925061066672,-0.24310843697620274,-0.06209746479123847,-0.16649706146750415,0
CustomerId_3349,0.00147184906136409,-0.16057431089804713,-0.05479022424049301,-0.12451031316483159,0
CustomerId_335,2.30873448171494,0.8298352020398201,0.2306458236763785,0.05299482328240389,1
CustomerId_3352,0.8573918579489809,-0.07804018481989153,-0.03008044585918495,-0.10877271919550112,1
CustomerId_3353,2.4575901354345255,1.3972573188271398,-0.008278696025015818,-0.1472507964995366,1
CustomerId_3354,0.7085362042293953,-0.21215813969689437,-0.05812293830312148,-0.10290176441675933,0
CustomerId_3355,-0.7055925061066672,-0.21215813969689437,-0.05584126568957284,-0.10403357451321088,0
CustomerId_3356,-0.7055925061066672,-0.2534252027359722,-0.0613614413675131,0.0,0
CustomerId_3357,0.1503275027809496,-0.20184137393712492,-0.06100815012412492,-0.16066044442783325,0
CustomerId_3359,-0.7055925061066672,-0.2327916712164333,-0.06339470607555443,-0.16593783076691973,0
CustomerId_336,0.33639706993043156,0.11797836461572803,-0.013681843978583746,-0.11605632217873946,0
CustomerId_3360,-0.7055925061066672,-0.20184137393712492,-0.056209277401435526,-0.09491646648124456,0
CustomerId_3361,-0.7055925061066672,-0.24310843697620274,-0.06246547650310116,-0.17381180786287367,0
CustomerId_3363,1.7133118668365976,0.10766159885595858,-0.036575668567705395,-0.14606147527557606,1
CustomerId_3364,-0.7055925061066672,-0.2534252027359722,-0.06246547650310116,0.0,0
CustomerId_3365,-0.5567368523870817,-0.21215813969689437,-0.05511260250008473,-0.12831422640440338,0
CustomerId_3366,1.0806753385283592,-0.19152460817735548,-0.04211442883709472,-0.07006881374302697,1
CustomerId_337,0.4480388102201207,-0.19152460817735548,0.007603953435553903,0.20157815907405438,0
CustomerId_3371,2.5692318757242143,2.8209709936753242,0.3974621947975066,-0.06295314906600169,1
CustomerId_3373,0.038685762491260475,-0.13994077937850824,-0.051425125147220634,-0.1170742436503979,0
CustomerId_3374,2.122664914565458,0.7060340129225867,0.05651565403579952,-0.10666372136431719,1
CustomerId_3375,-0.7055925061066672,-0.2534252027359722,-0.06309109641326771,0.0,0
CustomerId_3376,-0.593950765816978,-0.24310843697620274,-0.06246547650310116,-0.17381180786287367,0
CustomerId_3377,-0.29623945837780696,-0.21215813969689437,-0.06248387708869429,-0.16449878260052664,0
CustomerId_3378,-0.7055925061066672,-0.2534252027359722,-0.03376056297781179,0.0,0
CustomerId_3379,1.0434614250984628,0.19019572493411419,-0.028490635263938156,-0.1399984051667833,1
CustomerId_338,-0.7055925061066672,-0.24310843697620274,-0.042960855774378894,0.15535177992875468,0
CustomerId_3380,-0.7055925061066672,-0.21215813969689437,-0.05584126568957284,-0.10403357451321088,0
CustomerId_3381,-0.593950765816978,-0.2327916712164333,-0.06320149992682653,-0.16485310972961473,0
CustomerId_3385,1.6760979534067013,-0.016139590261274823,0.04292645356355805,-0.08181403670646924,1
CustomerId_3386,-0.4823090255272889,-0.20184137393712492,-0.06212322561106886,-0.16289141982182492,0
CustomerId_3387,-0.7055925061066672,-0.22247490545666382,-0.06025740623192505,-0.17381180786287367,0
CustomerId_3388,-0.7055925061066672,-0.21215813969689437,-0.056209277401435526,-0.10464972991784459,0
CustomerId_3389,2.3831623085747324,0.7266675444421257,-0.0014859358474543945,-0.15574525985939805,1
CustomerId_3390,0.4480388102201207,0.3346304455708865,-0.0463760044604646,-0.16437378791082724,0
CustomerId_3391,0.37361098336032794,0.9845866884363619,0.018546413676078954,-0.13911358299905602,1
CustomerId_3392,0.7829640310891881,-0.20184137393712492,-0.06265316247615112,-0.16667464921016314,1
CustomerId_3397,-0.07295597779842868,-0.06772341906012208,-0.04983605057539756,-0.14218972850179534,0
CustomerId_3398,-0.5567368523870817,-0.09867371633943042,-0.04668513429842926,-0.14434237797738594,0
CustomerId_3399,0.8946057713788773,0.20051249069388363,-0.04622327960004159,-0.16312705321129328,1
CustomerId_340,0.9690335982386701,-0.17089107665781658,-0.06033468869141621,-0.1639492195648932,1
CustomerId_3400,-0.7055925061066672,-0.24310843697620274,-0.06302117418801381,-0.17008128720123522,0
CustomerId_3401,-0.6311646792468745,-0.09867371633943042,-0.04409359582349224,-0.08397568636434276,0
CustomerId_3402,-0.7055925061066672,-0.24310843697620274,-0.06209746479123847,-0.16649706146750415,0
CustomerId_3403,0.5968944639397062,0.0044939412582640755,-0.04161349129490724,-0.12712155855580404,0
CustomerId_3404,-0.6683785926767708,-0.20184137393712492,-0.060647498646499494,-0.15163727350429795,0
CustomerId_3405,2.1970927414252506,1.6861267601006844,0.020311397846172387,-0.1299715973001983,1
CustomerId_3407,-0.593950765816978,-0.12962401361873876,-0.05269108543602826,-0.13483861335215722,0
CustomerId_3408,-0.7055925061066672,-0.20184137393712492,-0.056209277401435526,-0.09491646648124456,0
CustomerId_341,2.0110231742757687,0.08702806733641968,0.019817158117140802,-0.043058465668505054,1
CustomerId_3410,-0.5567368523870817,-0.20184137393712492,-0.06139824253869937,-0.15589242088513736,0
CustomerId_3412,-0.7055925061066672,-0.20184137393712492,-0.056209277401435526,-0.09491646648124456,0
CustomerId_3413,-0.2590255449479106,-0.20184137393712492,-0.05939257870904774,-0.15412508145494194,0
CustomerId_3414,-0.7055925061066672,-0.2534252027359722,-0.06283348821496383,0.0,0
CustomerId_3415,0.4480388102201207,4.59545470435567,0.44793732691349275,-0.09601186321710593,1
CustomerId_3416,-0.5567368523870817,-0.22247490545666382,-0.06180305542174832,-0.16126963047631118,0
CustomerId_3417,-0.7055925061066672,-0.21215813969689437,-0.056209277401435526,-0.10464972991784459,0
CustomerId_3418,-0.7055925061066672,-0.21215813969689437,-0.05584126568957284,-0.10403357451321088,0
CustomerId_3419,2.532017962294318,0.42748133740881156,-0.024639392699295166,-0.1373034155507874,1
CustomerId_3420,-0.03574206436853229,-0.036773121780813725,-0.044800914333692314,-0.11536512765572159,0
CustomerId_3421,-0.7055925061066672,-0.2534252027359722,-0.02640032874055811,0.0,0
CustomerId_3422,2.0110231742757687,1.0877543460340564,0.011972878075274135,-0.14525288198872363,1
CustomerId_3424,-0.33345337180770335,-0.24310843697620274,-0.06283348821496383,-0.17381180786287367,0
CustomerId_3425,-0.7055925061066672,-0.2534252027359722,-0.06283348821496383,0.0,0
CustomerId_3426,-0.7055925061066672,-0.2534252027359722,-0.06246547650310116,0.0,0
CustomerId_3427,2.4948040488644216,0.9330028596375146,0.028303508192694296,-0.1269113641903328,1
CustomerId_3428,-0.7055925061066672,-0.19152460817735548,-0.05587806686075911,-0.17184386982499616,0
CustomerId_343,0.5968944639397062,-0.07804018481989153,-0.03376056297781179,-0.11002139478262007,0
CustomerId_3430,1.9738092608458724,-0.04708988754058317,-0.03861647751583991,-0.10851688507291583,1
CustomerId_3431,1.3783866459675302,-0.18120784241758603,-0.06025740623192505,-0.16278496414184776,1
CustomerId_3432,0.038685762491260475,0.7473010759616645,-0.022957332608235754,-0.13574778446984334,0
CustomerId_3433,0.5224666370799135,-0.016139590261274823,-0.049547124580414166,-0.14811445103676854,0
CustomerId_3434,-0.7055925061066672,-0.20184137393712492,-0.056209277401435526,-0.09491646648124456,0
CustomerId_3435,0.6341083773696026,-0.22247490545666382,-0.05701890316753343,-0.12813904057809114,0
CustomerId_3436,-0.4823090255272889,-0.19152460817735548,-0.06127164650981861,-0.16024294024915825,0
CustomerId_3437,-0.7055925061066672,-0.20184137393712492,-0.056209277401435526,-0.09491646648124456,0
CustomerId_3438,2.3831623085747324,0.09734483309618913,-0.048265744600879484,-0.1545774061390668,1
CustomerId_3439,2.606445789154111,0.11797836461572803,-0.015359977384677585,-0.09934329774111438,1
CustomerId_3440,0.11311358935105324,-0.036773121780813725,-0.056080473302283586,-0.16123143733311454,0
CustomerId_3441,-0.2218116315180142,-0.19152460817735548,-0.05731368054873544,-0.13279045101141906,0
CustomerId_3442,2.420376222004629,1.077437580274287,0.008544591371074923,-0.14810487996926627,1
CustomerId_3443,-0.7055925061066672,-0.2327916712164333,-0.06247283673733841,-0.1677198931322576,0
CustomerId_3444,0.7457501176592918,0.03544423853757243,-0.05917508378733689,-0.16528402087280483,1
CustomerId_3445,1.8993814339860795,0.29336338253180866,-0.0534639100309399,-0.16824796272146456,1
CustomerId_3447,1.341172732537634,-0.04708988754058317,-0.04944006997343331,-0.14386008920134064,1
CustomerId_3448,-0.7055925061066672,-0.2534252027359722,-0.06283348821496383,0.0,0
CustomerId_3449,0.8946057713788773,-0.07804018481989153,-0.059611545677606036,-0.16679924640662758,1
CustomerId_345,1.6016701265469087,-0.21215813969689437,-0.06211586537683161,-0.16929676620750816,1
CustomerId_3451,1.5272422996871158,-0.19152460817735548,-0.051866739201455854,-0.08608362964776592,1
CustomerId_3452,2.532017962294318,1.077437580274287,0.12052393108007617,-0.10600056730247885,1
CustomerId_3453,2.0482370877056653,0.11797836461572803,-0.05512548290999992,-0.16585854309443648,1
CustomerId_3454,2.420376222004629,0.6234998868444311,0.05986161652005505,-0.11682667775196509,1
CustomerId_3456,-0.7055925061066672,-0.2534252027359722,-0.06283348821496383,0.0,0
CustomerId_3457,-0.7055925061066672,-0.2327916712164333,-0.05644627694387509,-0.049439501498825776,0
CustomerId_3458,-0.7055925061066672,-0.24310843697620274,-0.06209746479123847,-0.16649706146750415,0
CustomerId_3459,-0.2218116315180142,-0.16057431089804713,-0.06450426138682043,-0.1346480912651215,0
CustomerId_3461,-0.11016989122832506,-0.1502575451382777,-0.062321951935474705,-0.16840228887497813,0
CustomerId_3462,-0.7055925061066672,-0.19152460817735548,-0.061015510358362175,-0.1608204354307586,0
CustomerId_3463,1.0434614250984628,0.9433196253972841,0.0644212816300337,-0.09805243897575887,1
CustomerId_3464,1.8249536071262868,-0.05740665330035263,-0.02204859024778187,-0.10401020761087543,1
CustomerId_3465,-0.7055925061066672,-0.20184137393712492,-0.05584126568957284,-0.11083131750309565,0
CustomerId_3466,-0.7055925061066672,-0.2327916712164333,-0.06320149992682653,-0.16485310972961473,0
CustomerId_3467,0.9318196848087736,0.20051249069388363,0.33204013452000136,0.5966145000512821,1
CustomerId_3468,0.5596805505098098,0.0044939412582640755,-0.03376056297781179,-0.09279542151895534,0
CustomerId_347,-0.593950765816978,-0.20184137393712492,-0.06099342965565042,-0.17381180786287367,0
CustomerId_3470,0.7829640310891881,-0.17089107665781658,-0.060722941047431346,-0.16380757172198893,1
CustomerId_3471,0.33639706993043156,0.0044939412582640755,0.014890585330435049,-0.0674718665320013,0
CustomerId_3473,-0.7055925061066672,-0.21215813969689437,-0.055105242265847475,-0.12088720393166119,0
CustomerId_3474,2.532017962294318,0.27272985101226976,-0.048191774246795084,-0.147125054665785,1
CustomerId_3475,-0.6683785926767708,-0.11930724785896933,-0.03169380920399096,-0.08283489138760187,0
CustomerId_3476,-0.6683785926767708,-0.07804018481989153,0.16462284811492398,0.3947127447771525,0
CustomerId_3477,1.7133118668365976,0.09734483309618913,0.008448264305494866,-0.09896629473634712,1
CustomerId_3478,-0.7055925061066672,-0.20184137393712492,-0.06157856827751208,-0.16514286122574864,0
CustomerId_3479,-0.1845977180881178,-0.22247490545666382,-0.06248019697157566,-0.1604020601308743,0
CustomerId_348,-0.4823090255272889,-0.21215813969689437,-0.06176625425056206,-0.16490852643305642,0
CustomerId_3482,-0.6683785926767708,-0.1502575451382777,-0.04884904316418184,-0.11769980967375335,0
CustomerId_3483,-0.7055925061066672,-0.21215813969689437,-0.06287028938615011,-0.16509067896067217,0
CustomerId_3485,-0.7055925061066672,-0.2534252027359722,-0.06301749407089519,0.0,0
CustomerId_3486,-0.7055925061066672,-0.24310843697620274,-0.06209746479123847,-0.16649706146750415,0
CustomerId_3487,1.3783866459675302,0.871102265078898,-0.03239707958536055,-0.16419340054779058,1
CustomerId_3488,-0.7055925061066672,-0.2534252027359722,-0.052161148570945996,0.0,0
CustomerId_3489,-0.7055925061066672,-0.21215813969689437,-0.05584126568957284,-0.10403357451321088,0
CustomerId_349,2.3459483951448363,0.14892866189503637,-0.04232603557141577,-0.1518350837140635,1
CustomerId_3490,-0.7055925061066672,-0.2534252027359722,-0.06283348821496383,0.0,0
CustomerId_3491,0.8946057713788773,-0.036773121780813725,-0.04552736945290926,-0.14174331848755317,1
CustomerId_3492,-0.593950765816978,-0.22247490545666382,-0.06724962875731605,-0.12287049389095388,0
CustomerId_3493,0.5224666370799135,-0.20184137393712492,-0.057350113708209846,-0.11074019763707853,0
CustomerId_3494,1.638884039976805,-0.19152460817735548,-0.05832534474464596,-0.14362067235376122,1
CustomerId_3495,-0.7055925061066672,-0.24310843697620274,-0.06283348821496383,-0.17381180786287367,0
CustomerId_3496,-0.4450951120973925,0.13861189613526692,-0.026714757947173585,-0.08665681267029504,0
CustomerId_3497,-0.33345337180770335,0.3346304455708865,0.02096829875184728,-0.05235589521284791,0
CustomerId_3498,-0.1845977180881178,-0.17089107665781658,0.17378737017309803,0.4711479483288846,0
CustomerId_350,0.22475532964074238,-0.07804018481989153,-0.03744068009643863,-0.10110551527850412,0
CustomerId_3500,0.4852527236500171,-0.22247490545666382,-0.06250227767428743,-0.16031416814360105,0
CustomerId_3501,-0.593950765816978,2.7900206963960157,0.19769525103425734,-0.07952071889675087,0
CustomerId_3503,-0.7055925061066672,-0.2327916712164333,-0.0633891858998765,-0.16592204766679927,0
CustomerId_3504,1.1178892519582555,0.10766159885595858,-0.030871671039689724,-0.14480606287590123,1
CustomerId_3505,-0.7055925061066672,-0.2534252027359722,-0.06264948235903249,0.0,0
CustomerId_3506,0.11311358935105324,-0.08835695057966098,-0.052847490413569904,-0.1535779381031947,0
CustomerId_3507,1.1178892519582555,-0.1502575451382777,-0.06086462555649848,-0.16573918521896377,1
CustomerId_3508,-0.2590255449479106,-0.11930724785896933,-0.052565961453994954,-0.15285657559727392,0
CustomerId_3509,1.7133118668365976,0.1695621934145753,-0.051147957126431255,-0.14836487537759233,1
CustomerId_351,-0.37066728523759973,-0.24310843697620274,-0.06299909348530204,-0.023493769438030065,0
CustomerId_3510,-0.7055925061066672,-0.24310843697620274,-0.05773284588854704,-0.1382621403813778,0
CustomerId_3511,2.420376222004629,0.22114602221342253,-0.023496716333961533,-0.12675516509301502,1
CustomerId_3512,-0.7055925061066672,-0.2327916712164333,-0.06320886016106378,-0.16346650468730506,0
CustomerId_3513,-0.6683785926767708,-0.20184137393712492,-0.061777294601917936,-0.16316504434596762,0
CustomerId_3515,2.234306654855147,0.6234998868444311,0.016379891927172142,-0.11828617482837714,1
CustomerId_3516,-0.7055925061066672,-0.24310843697620274,-0.0628408484492011,-0.16635076653959677,0
CustomerId_3517,0.37361098336032794,-0.04708988754058317,-0.03720147248372789,-0.11296857070984637,0
CustomerId_3519,0.07589967592115686,-0.016139590261274823,-0.05584310574813215,-0.16284306192016937,0
CustomerId_352,2.30873448171494,0.24177955373296142,0.006843641238845598,-0.10086693844714945,1
CustomerId_3520,-0.7055925061066672,-0.2534252027359722,-0.06283348821496383,0.0,0
CustomerId_3521,-0.03574206436853229,0.045761004297341874,-0.05467466856296813,-0.16500881258099107,0
CustomerId_3522,-0.7055925061066672,-0.2327916712164333,-0.06320886016106378,-0.16346650468730506,0
CustomerId_3523,-0.7055925061066672,-0.2534252027359722,-0.06283348821496383,0.0,0
CustomerId_3524,2.30873448171494,0.19019572493411419,-0.051737935102303914,-0.16330668872395315,1
CustomerId_3525,0.7085362042293953,0.9020525623582063,0.01578485379026137,-0.1277749738011755,1
CustomerId_3526,-0.5567368523870817,-0.16057431089804713,-0.054976438166695535,-0.13878829254445346,0
CustomerId_3527,-0.7055925061066672,-0.2534252027359722,-0.06154544722344445,0.0,0
CustomerId_3528,-0.7055925061066672,-0.24310843697620274,-0.022720211621931267,0.484515367720383,0
CustomerId_3530,2.532017962294318,1.0052202199559008,0.07357649299189763,-0.13061212642940942,1
CustomerId_3533,-0.7055925061066672,-0.2534252027359722,-0.06283348821496383,0.0,0
CustomerId_3534,0.2619692430706388,-0.22247490545666382,-0.041783218296418304,0.22449522020885465,0
CustomerId_3535,1.5272422996871158,0.7473010759616645,0.03448132079973318,-0.10630116383552823,1
CustomerId_3536,-0.7055925061066672,-0.20184137393712492,-0.05584126568957284,-0.09297365549822892,0
CustomerId_3537,-0.7055925061066672,-0.2534252027359722,-0.03376056297781179,0.0,0
CustomerId_3540,0.038685762491260475,-0.1502575451382777,0.03616166227609819,0.0983955928511067,0
CustomerId_3541,0.671322290799499,-0.11930724785896933,-0.056742894383636416,-0.1552009394681261,0
CustomerId_3542,-0.5195229389571853,-0.21215813969689437,0.053458212733644345,0.5264810927956677,0
CustomerId_3543,0.9318196848087736,1.1806052378719814,0.03896811959076302,-0.13675711233232382,1
CustomerId_3545,-0.6683785926767708,-0.20184137393712492,-0.06069902028616027,-0.15347821624083158,0
CustomerId_3547,-0.7055925061066672,-0.24310843697620274,-0.05952138280819968,-0.17381180786287367,0
CustomerId_3548,-0.7055925061066672,-0.22247490545666382,-0.06099342965565042,-0.13200454990766533,0
CustomerId_3549,2.532017962294318,0.24177955373296142,0.08011437561805719,0.008253295048273164,1
CustomerId_355,-0.7055925061066672,-0.19152460817735548,-0.04884904316418184,-0.10924916856341844,0
CustomerId_3550,-0.29623945837780696,-0.16057431089804713,-0.049253856047230794,-0.08413444899132909,0
CustomerId_3551,2.532017962294318,1.3044064269892148,0.10300510154856496,-0.12058471228882994,1
CustomerId_3554,-0.7055925061066672,-0.2534252027359722,-0.05952138280819968,0.0,0
CustomerId_3555,2.122664914565458,1.0258537514754398,0.042714478817525145,-0.1101021717879687,1
CustomerId_3556,-0.4450951120973925,0.06639453581688078,-0.019426506800760246,-0.10522575171462248,0
CustomerId_3557,0.00147184906136409,-0.08835695057966098,-0.04884904316418184,-0.13741870132525152,0
CustomerId_3558,2.30873448171494,-0.026456356021044274,-0.04627296118114305,-0.1448836746320532,1
CustomerId_3559,-0.7055925061066672,-0.21215813969689437,-0.05584126568957284,-0.10403357451321088,0
CustomerId_356,0.187541416210846,-0.05740665330035263,-0.051848338615862716,-0.1523320854070613,0
CustomerId_3561,2.2715205682850432,-0.016139590261274823,-0.053756479341870736,-0.16086217070510067,1
CustomerId_3562,1.4156005593974266,-0.19152460817735548,-0.06252067825988056,-0.16955221841544835,1
CustomerId_3564,-0.29623945837780696,-0.22247490545666382,-0.05841734767261163,-0.09219418356421416,0
CustomerId_3566,-0.7055925061066672,-0.2534252027359722,-0.06301749407089519,0.0,0
CustomerId_3567,-0.7055925061066672,-0.2534252027359722,-0.05952138280819968,0.0,0
CustomerId_3569,-0.11016989122832506,-0.19152460817735548,-0.06210850514259435,-0.1651153860632659,0
CustomerId_357,-0.7055925061066672,-0.20184137393712492,-0.056209277401435526,-0.11066163468900565,0
CustomerId_3570,-0.7055925061066672,-0.24310843697620274,-0.0556572598336415,-0.031174253153168057,0
CustomerId_3571,-0.6683785926767708,-0.16057431089804713,-0.06046717290768678,-0.160353995278299,0
CustomerId_3572,-0.7055925061066672,-0.22247490545666382,-0.06320518004394515,-0.16649687860113008,0
CustomerId_3573,-0.7055925061066672,-0.24310843697620274,-0.05988939452006237,-0.09334959751380896,0
CustomerId_3574,-0.7055925061066672,-0.2534252027359722,-0.06283348821496383,0.0,0
CustomerId_3575,-0.29623945837780696,-0.0058228245015053744,0.37436442547790494,0.6848330764760239,0
CustomerId_3577,-0.7055925061066672,-0.2534252027359722,-0.06283348821496383,0.0,0
CustomerId_3578,0.4480388102201207,-0.21215813969689437,-0.06077262262853281,-0.14801799053535844,0
CustomerId_3579,1.6016701265469087,-0.2327916712164333,-0.06036780974548386,-0.1428758205896825,1
CustomerId_3581,0.33639706993043156,0.045761004297341874,0.9120295365092864,1.1716993588024907,0
CustomerId_3582,0.1503275027809496,0.44811486892835045,-0.03866799915550068,-0.15982157950880943,0
CustomerId_3583,-0.7055925061066672,-0.21215813969689437,-0.056209277401435526,-0.10464972991784459,0
CustomerId_3589,-0.7055925061066672,-0.2534252027359722,-0.06283348821496383,0.0,0
CustomerId_359,-0.7055925061066672,-0.16057431089804713,-0.054369218842122105,-0.13152382840399057,0
CustomerId_3590,2.4575901354345255,0.3655807428501949,0.107669355587055,0.039031421189461415,1
CustomerId_3592,-0.7055925061066672,-0.24310843697620274,-0.06172945307937579,-0.17381180786287367,0
CustomerId_3593,-0.7055925061066672,-0.24310843697620274,-0.053633195418396735,-0.17381180786287367,0
CustomerId_3595,0.33639706993043156,-0.026456356021044274,-0.056661931807026625,-0.1330547978567798,0
CustomerId_3597,1.155103165388152,0.0044939412582640755,-0.03872136085372077,-0.139406479210825,1
CustomerId_3599,1.4156005593974266,-0.10899048209919988,-0.0517636959221343,-0.1550847427683596,1
CustomerId_3600,1.9738092608458724,0.4996986977271977,0.06735875111412165,-0.10453178263780306,1
CustomerId_3601,-0.7055925061066672,-0.17089107665781658,-0.03376056297781179,-0.06650115693506878,0
CustomerId_3602,0.8946057713788773,1.9853129671339984,0.03610327353789407,-0.14792186723527545,1
CustomerId_3605,2.5692318757242143,0.5100154634869671,0.03750490502439699,-0.1171995830960985,1
CustomerId_3608,0.07589967592115686,-0.06772341906012208,-0.052474547344768266,-0.151519018190298,0
CustomerId_3609,-0.5195229389571853,-0.13994077937850824,-0.05907711906963904,-0.15748444191800437,0
CustomerId_361,-0.7055925061066672,-0.21215813969689437,-0.056209277401435526,-0.10464972991784459,0
CustomerId_3610,0.07589967592115686,0.05607777005711133,-0.035659503411023245,-0.10750138912637124,0
CustomerId_3611,1.936595347415976,0.03544423853757243,-0.048126636173795395,-0.13026616857868034,1
CustomerId_3613,2.420376222004629,2.1710147508098485,0.07079272359926915,-0.1531497279575272,1
CustomerId_3614,-0.4450951120973925,-0.22247490545666382,-0.06320518004394515,-0.16649687860113008,0
CustomerId_3615,-0.7055925061066672,-0.2327916712164333,-0.05960234538480947,-0.10435421758055079,0
CustomerId_3616,-0.7055925061066672,-0.2534252027359722,-0.06283348821496383,0.0,0
CustomerId_3617,-0.03574206436853229,-0.13994077937850824,-0.030279908207014525,-0.07356209030316814,0
CustomerId_362,-0.4078811986674961,-0.18120784241758603,-0.052897171994671366,-0.13317897243744217,0
CustomerId_3621,-0.4450951120973925,-0.16057431089804713,-0.048481031452319155,-0.11004332719278538,0
CustomerId_3622,-0.7055925061066672,-0.2327916712164333,-0.05988939452006237,-0.1558944115963558,0
CustomerId_3623,-0.7055925061066672,-0.2327916712164333,-0.0633891858998765,-0.16592204766679927,0
CustomerId_3624,-0.7055925061066672,-0.21215813969689437,-0.05584126568957284,-0.10403357451321088,0
CustomerId_3625,-0.593950765816978,-0.18120784241758603,-0.048481031452319155,-0.09411319448316065,0
CustomerId_3626,-0.07295597779842868,-0.11930724785896933,-0.044800914333692314,-0.08338214360155363,0
CustomerId_3627,-0.7055925061066672,-0.2534252027359722,-0.06264948235903249,0.0,0
CustomerId_3628,0.187541416210846,-0.08835695057966098,-0.056209277401435526,-0.16340945602722334,0
CustomerId_3629,-0.7055925061066672,-0.24310843697620274,-0.055105242265847475,-0.04214637274622234,0
CustomerId_3630,-0.7055925061066672,-0.24310843697620274,-0.055105242265847475,-0.17381180786287367,0
CustomerId_3631,-0.7055925061066672,-0.21215813969689437,-0.05584126568957284,-0.10403357451321088,0
CustomerId_3632,-0.37066728523759973,-0.04708988754058317,-0.0606750995248892,-0.16341706118470775,0
CustomerId_3633,-0.7055925061066672,-0.2534252027359722,-0.06301749407089519,0.0,0
CustomerId_3634,0.37361098336032794,21.246714640623562,0.9042251121358145,-0.11807288942824862,1
CustomerId_3635,2.5692318757242143,0.30368014829157813,0.06552971818569564,-0.0821467630377916,1
CustomerId_3636,2.420376222004629,0.26241308525250034,0.061812078592927276,-0.0806597078862915,1
CustomerId_3637,-0.11016989122832506,-0.11930724785896933,-0.05961338573616535,-0.1672552727010207,0
CustomerId_3638,1.8993814339860795,3.223324858306333,0.224019187665669,-0.13557285733227464,1
CustomerId_3639,-0.7055925061066672,-0.2534252027359722,-0.06246547650310116,0.0,0
CustomerId_3641,0.2991831565005352,-0.17089107665781658,-0.048481031452319155,-0.106948641494631,0
CustomerId_3642,1.1178892519582555,-0.16057431089804713,-0.02640032874055811,-0.054159607906512905,1
CustomerId_3643,-0.7055925061066672,-0.21215813969689437,-0.05584126568957284,-0.10403357451321088,0
CustomerId_3645,0.11311358935105324,-0.1502575451382777,0.0030682090868463215,0.209266717963245,0
CustomerId_3646,-0.7055925061066672,-0.2327916712164333,-0.0359686332489879,0.3223343788146491,0
CustomerId_3647,-0.7055925061066672,-0.24310843697620274,-0.06302117418801381,-0.17008128720123522,0
CustomerId_3648,2.3459483951448363,-0.08835695057966098,-0.005158692731843982,0.003934506235901453,1
CustomerId_3649,-0.7055925061066672,-0.2534252027359722,-0.05952138280819968,0.0,0
CustomerId_3650,1.7505257802664942,0.19019572493411419,-0.04416057395505125,-0.15160158211215563,1
CustomerId_3651,2.3459483951448363,-0.07804018481989153,-0.05265649233511317,-0.15362155952414158,1
CustomerId_3653,-0.7055925061066672,-0.2534252027359722,-0.02640032874055811,0.0,0
CustomerId_3654,0.2991831565005352,-0.11930724785896933,-0.04112079721506547,-0.10998802860109295,0
CustomerId_3655,1.0434614250984628,0.014810707018033525,-0.03440458347357149,-0.13426857302800793,1
CustomerId_3656,0.2991831565005352,0.37589750860996435,-0.018316951489494252,-0.12106089591163877,0
CustomerId_3658,0.2619692430706388,0.22114602221342253,-0.010676292327801205,-0.07609831786667537,0
CustomerId_3659,-0.7055925061066672,-0.20184137393712492,-0.056209277401435526,-0.09491646648124456,0
CustomerId_366,-0.29623945837780696,-0.18120784241758603,-0.06099342965565042,-0.1602929487629182,0
CustomerId_3660,-0.7055925061066672,-0.2534252027359722,-0.06301749407089519,0.0,0
CustomerId_3663,-0.7055925061066672,-0.1502575451382777,-0.0007131112525427579,-0.06540907008212066,0
CustomerId_3664,-0.7055925061066672,-0.2534252027359722,0.3048102119358576,0.0,0
CustomerId_3665,-0.7055925061066672,-0.24310843697620274,-0.05952138280819968,-0.17381180786287367,0
CustomerId_3666,-0.7055925061066672,-0.20184137393712492,-0.05584126568957284,-0.09297365549822892,0
CustomerId_3667,-0.7055925061066672,-0.20184137393712492,-0.06082782438531221,-0.1514722562156549,0
CustomerId_3668,-0.7055925061066672,-0.20184137393712492,-0.052161148570945996,-0.1064525645664793,0
CustomerId_3670,-0.37066728523759973,-0.12962401361873876,-0.03379147596160826,-0.06808902515444988,0
CustomerId_3671,-0.7055925061066672,-0.2534252027359722,-0.05952138280819968,0.0,0
CustomerId_3672,1.2295309922479447,0.8298352020398201,-0.026168113350372755,-0.15378026979805853,1
CustomerId_3673,-0.7055925061066672,-0.2534252027359722,-0.05952138280819968,0.0,0
CustomerId_3678,-0.29623945837780696,0.23146278797319197,-0.02712126368409711,-0.11698030971525336,0
CustomerId_368,-0.7055925061066672,-0.24310843697620274,-0.05400120713025942,-0.0640906119323309,0
CustomerId_3680,0.5968944639397062,-0.06772341906012208,-0.03376056297781179,-0.11402827948076043,0
CustomerId_3681,-0.7055925061066672,-0.2534252027359722,-0.0613614413675131,0.0,0
CustomerId_3682,-0.6683785926767708,-0.24310843697620274,-0.06302669436369175,-0.1699715660053047,0
CustomerId_3683,2.3459483951448363,-0.016139590261274823,-0.05883136084845715,-0.1675565145472923,1
CustomerId_3684,-0.29623945837780696,-0.21215813969689437,-0.06247283673733841,-0.16453574033796228,0
CustomerId_3685,-0.7055925061066672,-0.21215813969689437,-0.05584126568957284,-0.10403357451321088,0
CustomerId_3686,-0.7055925061066672,-0.2327916712164333,-0.06269732388157465,-0.16933086642183678,0
CustomerId_3687,-0.7055925061066672,-0.2534252027359722,-0.06264948235903249,0.0,0
CustomerId_3688,0.8573918579489809,-0.0058228245015053744,-0.019040094503304426,-0.10886553710271088,1
CustomerId_3689,0.5968944639397062,-0.17089107665781658,-0.048481031452319155,-0.1059557336774426,0
CustomerId_369,-0.03574206436853229,-0.09867371633943042,-0.03376056297781179,-0.08968692394224625,0
CustomerId_3690,0.7457501176592918,0.14892866189503637,0.08997049472610055,0.0338727367265573,1
CustomerId_3691,-0.7055925061066672,-0.2534252027359722,-0.05952138280819968,0.0,0
CustomerId_3693,-0.7055925061066672,-0.24310843697620274,-0.0628408484492011,-0.16635076653959677,0
CustomerId_3694,2.1970927414252506,0.64413341836397,-0.04743587819062913,-0.1686560779486171,1
CustomerId_3696,0.1503275027809496,-0.19152460817735548,-0.05952138280819968,-0.1682823793298297,0
CustomerId_3697,1.8993814339860795,-0.18120784241758603,-0.05510156214872884,-0.1364721768652221,1
CustomerId_3698,-0.7055925061066672,-0.21215813969689437,-0.05584126568957284,-0.10403357451321088,0
CustomerId_3700,-0.7055925061066672,-0.2534252027359722,-0.0613614413675131,0.0,0
CustomerId_3701,0.5596805505098098,0.14892866189503637,0.3278109439272754,0.33337214833638945,0
CustomerId_3703,2.2715205682850432,0.21082925645365308,0.014807782695265946,-0.1161080329856951,1
CustomerId_3706,-0.5567368523870817,0.9226860938777451,0.0242344026946286,-0.09397392589477732,0
CustomerId_3707,0.8573918579489809,0.09734483309618913,-0.019040094503304426,-0.11716337488495542,1
CustomerId_3708,-0.7055925061066672,-0.2534252027359722,-0.05584126568957284,0.0,0
CustomerId_3711,2.30873448171494,0.5719160580455839,-0.02881742966407222,-0.15149308301004064,1
CustomerId_3712,0.8573918579489809,0.13861189613526692,0.04288185054408029,-0.07177669683443323,1
CustomerId_3714,-0.6311646792468745,-0.19152460817735548,-0.053633195418396735,-0.10271330428881283,0
CustomerId_3715,1.1178892519582555,0.08702806733641968,-0.05077374441722368,-0.16251149577406668,1
CustomerId_3716,0.8573918579489809,-0.016139590261274823,-0.038437623823874646,-0.11415052832659991,1
CustomerId_3717,-0.4450951120973925,-0.22247490545666382,-0.05774020612278429,-0.12244541075699936,0
CustomerId_3719,-0.7055925061066672,-0.2534252027359722,-0.06301749407089519,0.0,0
CustomerId_3720,1.3783866459675302,0.25209631949273087,-0.04977128051410973,-0.1662245857252613,1
CustomerId_3721,0.4108248967902243,-0.016139590261274823,-0.05268556526035032,-0.1559533352410369,0
CustomerId_3722,0.038685762491260475,-0.21215813969689437,-0.05917177168193013,-0.12783293884251082,0
CustomerId_3723,-0.7055925061066672,-0.21215813969689437,-0.023824246757519322,0.09679426670749286,0
CustomerId_3724,-0.7055925061066672,-0.2534252027359722,-0.03376056297781179,0.0,0
CustomerId_3725,-0.7055925061066672,-0.2534252027359722,-0.06283348821496383,0.0,0
CustomerId_3727,-0.7055925061066672,-0.21215813969689437,-0.05400120713025942,-0.17381180786287367,0
CustomerId_3729,0.187541416210846,0.5409657607662756,-0.03630536396534225,-0.16306517602653386,0
CustomerId_373,-0.7055925061066672,-0.2534252027359722,-0.06283348821496383,0.0,0
CustomerId_3730,0.9318196848087736,2.3773500660052376,0.10235850497082222,-0.14123168143142595,1
CustomerId_3732,-0.7055925061066672,-0.2327916712164333,-0.06172945307937579,-0.09346050343881589,0
CustomerId_3733,-0.7055925061066672,-0.2534252027359722,-0.0613614413675131,0.0,0
CustomerId_3734,-0.7055925061066672,-0.24310843697620274,-0.06261268118784623,-0.17088590930472586,0
CustomerId_3735,-0.593950765816978,-0.11930724785896933,-0.05807509678057933,-0.1581613271743378,0
CustomerId_3736,-0.03574206436853229,-0.12962401361873876,-0.044800914333692314,-0.09042731856684832,0
CustomerId_3737,2.0854510011355614,0.42748133740881156,0.037335619636940154,-0.08323134373126967,1
CustomerId_3738,-0.7055925061066672,-0.2327916712164333,-0.06209746479123847,-0.1558944115963558,0
CustomerId_3739,-0.7055925061066672,-0.2534252027359722,-0.06301749407089519,0.0,0
CustomerId_374,-0.7055925061066672,-0.21215813969689437,-0.05584126568957284,-0.10403357451321088,0
CustomerId_3741,-0.7055925061066672,-0.2534252027359722,-0.06301749407089519,0.0,0
CustomerId_3742,-0.7055925061066672,-0.2534252027359722,-0.058785359384474316,0.0,0
CustomerId_3743,-0.7055925061066672,-0.24310843697620274,-0.06246547650310116,-0.17381180786287367,0
CustomerId_3745,2.5692318757242143,0.05607777005711133,-0.04682534676064894,-0.1441910779578096,1
CustomerId_3746,1.638884039976805,-0.06772341906012208,-0.05067254119646144,-0.13646580595071423,1
CustomerId_3749,-0.7055925061066672,-0.24310843697620274,0.006720725327083461,-0.17381180786287367,0
CustomerId_3752,-0.7055925061066672,-0.24310843697620274,-0.06853766974883545,-0.08969222431612421,0
CustomerId_3756,-0.7055925061066672,-0.24310843697620274,-0.06044141208785639,-0.1262659562929718,0
CustomerId_3758,1.5272422996871158,0.22114602221342253,-0.02907282979210492,-0.1158254693956107,1
CustomerId_3759,-0.7055925061066672,-0.22247490545666382,-0.06321070021962309,-0.16649591862765725,0
CustomerId_3760,-0.29623945837780696,1.5932758682627592,0.06943131947298992,-0.13310283287344393,0
CustomerId_3762,-0.7055925061066672,-0.2534252027359722,-0.052161148570945996,0.0,0
CustomerId_3763,-0.37066728523759973,0.025127472777802976,-0.05318238107136495,-0.1557058034980959,0
CustomerId_3764,-0.7055925061066672,-0.2534252027359722,-0.06301749407089519,0.0,0
CustomerId_3765,0.4852527236500171,-0.026456356021044274,-0.02397899568235758,-0.1162394081825985,0
CustomerId_3766,0.6341083773696026,1.0671208145145175,0.006721461350507186,-0.14454894356196396,1
CustomerId_3767,2.122664914565458,0.850468733559359,-0.00986710817575754,-0.147946622792977,1
CustomerId_3768,0.7085362042293953,-0.07804018481989153,1.1493970906607176,1.7399679225579678,1
CustomerId_3771,0.8573918579489809,-0.04708988754058317,-0.03376056297781179,-0.11397208123531732,1
CustomerId_3774,0.33639706993043156,-0.07804018481989153,-0.0359686332489879,-0.1112502709957829,0
CustomerId_3777,-0.7055925061066672,-0.21215813969689437,-0.05584126568957284,-0.10403357451321088,0
CustomerId_3778,0.33639706993043156,-0.036773121780813725,-0.046217391412651784,-0.13794387409620706,0
CustomerId_3779,0.33639706993043156,-0.17089107665781658,-0.059153371096337,-0.15748780954766262,0
CustomerId_378,-0.7055925061066672,-0.19152460817735548,-0.048481031452319155,-0.07536313174710803,0
CustomerId_3780,-0.7055925061066672,-0.2534252027359722,-0.06246547650310116,0.0,0
CustomerId_3781,0.8201779445190845,0.21082925645365308,0.028779347336132747,-0.07789018974713698,1
CustomerId_3782,-0.4823090255272889,-0.17089107665781658,-0.048481031452319155,-0.106948641494631,0
CustomerId_3785,-0.7055925061066672,-0.21215813969689437,-0.05584126568957284,-0.10403357451321088,0
CustomerId_3786,-0.5195229389571853,-0.21215813969689437,-0.05841734767261163,-0.15114789508607618,0
CustomerId_3787,2.0482370877056653,-0.016139590261274823,-0.015082864565644985,-0.0490002276145337,1
CustomerId_3788,1.7505257802664942,0.64413341836397,-0.015956340363751067,-0.1503470032469587,1
CustomerId_379,-0.37066728523759973,-0.06772341906012208,-0.05029348913324288,-0.1410164253086139,0
CustomerId_3790,-0.7055925061066672,-0.21215813969689437,-0.06287028938615011,-0.16509067896067217,0
CustomerId_3793,-0.7055925061066672,-0.2327916712164333,-0.024560270181244688,0.09494913613489427,0
CustomerId_3794,2.5692318757242143,0.3552639770904254,-0.0034820313725975934,-0.0776414829217707,1
CustomerId_3795,2.5692318757242143,0.7679346074812035,0.24391973011448162,0.10991285768864167,1
CustomerId_3796,-0.7055925061066672,-0.2534252027359722,-0.06301749407089519,0.0,0
CustomerId_3797,-0.6311646792468745,-0.08835695057966098,-0.05593326861753851,-0.15827976653051665,0
CustomerId_3799,0.37361098336032794,-0.12962401361873876,-0.0184880769355104,0.016206675680503976,0
CustomerId_3802,2.4575901354345255,0.41716457164904214,0.03284955686933404,-0.11577516228743924,1
CustomerId_3803,0.37361098336032794,0.22114602221342253,-0.017110241086296513,-0.12900657057465087,0
CustomerId_3805,-0.6683785926767708,-0.21215813969689437,-0.06247283673733841,-0.16453574033796228,0
CustomerId_3806,-0.6311646792468745,-0.18120784241758603,-0.055914868031945376,-0.1451306455387208,0
CustomerId_3807,-0.6683785926767708,-0.19152460817735548,-0.045536937757417684,-0.13098103861782687,0
CustomerId_3808,1.7877396936963905,0.17987895917434474,-0.01817121885159663,-0.11647403503720515,1
CustomerId_3809,2.3459483951448363,0.24177955373296142,-0.030773191105595267,-0.14519444582971172,1
CustomerId_381,2.0110231742757687,-0.16057431089804713,0.010911274690063845,-0.02507900904210219,1
CustomerId_3810,-0.5567368523870817,-0.17089107665781658,-0.06068061970056714,-0.16124890986514728,0
CustomerId_3811,1.5272422996871158,-0.12962401361873876,-0.06094190801598964,-0.12860408795051723,1
CustomerId_3812,-0.7055925061066672,-0.21215813969689437,-0.05584126568957284,-0.10403357451321088,0
CustomerId_3814,-0.7055925061066672,-0.2534252027359722,-0.06356951163868921,0.0,0
CustomerId_3815,0.2991831565005352,0.28304661677203924,-0.04465348516180301,-0.15977943600380032,0
CustomerId_3816,-0.7055925061066672,-0.24310843697620274,-0.06246547650310116,-0.17381180786287367,0
CustomerId_3817,2.3831623085747324,-0.11930724785896933,-0.05711826632973635,-0.15885861952901667,1
CustomerId_3818,2.5692318757242143,0.39653104012950324,-0.039994681376765664,-0.1538426759334242,1
CustomerId_3819,1.341172732537634,0.07671130157665022,-0.004687637740659747,-0.10954943226701376,1
CustomerId_382,-0.7055925061066672,-0.2534252027359722,-0.06283348821496383,0.0,0
CustomerId_3820,2.0110231742757687,0.43779810316858103,-0.029531004373373963,-0.1356326533727929,1
CustomerId_3824,1.1178892519582555,-0.12962401361873876,-0.047597803343848714,-0.13483652064656756,1
CustomerId_3825,-0.1845977180881178,0.20051249069388363,-0.03931459573324342,-0.14537277012800723,0
CustomerId_3826,-0.7055925061066672,-0.24310843697620274,0.006720725327083461,-0.17381180786287367,0
CustomerId_3827,0.5224666370799135,0.26241308525250034,-0.051874099435693106,-0.16412239817037375,0
CustomerId_3828,-0.7055925061066672,-0.2534252027359722,-0.05952138280819968,0.0,0
CustomerId_3829,-0.7055925061066672,-0.20184137393712492,-0.05698210199634716,-0.1406417651045123,0
CustomerId_383,-0.7055925061066672,-0.2534252027359722,-0.06246547650310116,0.0,0
CustomerId_3830,-0.4823090255272889,-0.21215813969689437,-0.062487557205812914,-0.16196137688169573,0
CustomerId_3831,1.0806753385283592,0.4893819319674283,0.01663312078610486,-0.11673219308751473,1
CustomerId_3834,1.4156005593974266,0.11797836461572803,-0.04894472620926614,-0.1609265023093073,1
CustomerId_3835,1.638884039976805,-0.07804018481989153,-0.058213101172527836,-0.16414933456512829,1
CustomerId_3836,-0.6311646792468745,-0.22247490545666382,-0.06285188880055698,-0.1638593165000845,0
CustomerId_3838,-0.7055925061066672,-0.18120784241758603,-0.05538861128398174,-0.13565198254297237,0
CustomerId_3839,-0.7055925061066672,-0.21215813969689437,-0.056209277401435526,-0.10464972991784459,0
CustomerId_384,-0.7055925061066672,-0.2534252027359722,-0.05952138280819968,0.0,0
CustomerId_3840,-0.7055925061066672,-0.21215813969689437,-0.06321990051241966,-0.1674754681711045,0
CustomerId_3841,0.038685762491260475,-0.21215813969689437,-0.06247283673733841,-0.16453574033796228,0
CustomerId_3842,2.3831623085747324,0.014810707018033525,0.17558687384176422,0.2700776263671944,1
CustomerId_3843,-0.7055925061066672,-0.21215813969689437,-0.05584126568957284,-0.10403357451321088,0
CustomerId_3844,-0.7055925061066672,-0.21215813969689437,-0.05584126568957284,-0.10403357451321088,0
CustomerId_3845,1.4156005593974266,0.24177955373296142,-0.04080025901403308,-0.14629105960622177,1
CustomerId_3846,-0.7055925061066672,-0.2534252027359722,-0.0613614413675131,0.0,0
CustomerId_3847,-0.7055925061066672,-0.20184137393712492,-0.052529160282808685,-0.10663816409383639,0
CustomerId_3848,-0.7055925061066672,-0.24310843697620274,-0.026032317028695427,0.5503480852787087,0
CustomerId_3850,-0.7055925061066672,-0.20184137393712492,-0.05584126568957284,-0.09297365549822892,0
CustomerId_3855,-0.7055925061066672,-0.21215813969689437,-0.05584126568957284,-0.10403357451321088,0
CustomerId_3856,-0.5195229389571853,-0.06772341906012208,-0.037167983417948386,-0.11061533282080692,0
CustomerId_3858,-0.7055925061066672,-0.2534252027359722,-0.06246547650310116,0.0,0
CustomerId_3859,-0.33345337180770335,-0.12962401361873876,-0.05903928746565956,-0.15999145318877528,0
CustomerId_3860,-0.7055925061066672,-0.24310843697620274,-0.06246547650310116,-0.17381180786287367,0
CustomerId_3862,-0.6311646792468745,-0.19152460817735548,-0.06286476921047217,-0.16729166237134438,0
CustomerId_3863,-0.7055925061066672,-0.2534252027359722,-0.06283348821496383,0.0,0
CustomerId_3864,-0.03574206436853229,-0.1502575451382777,-0.044800914333692314,-0.08043900435762316,0
CustomerId_3866,-0.7055925061066672,-0.18120784241758603,-0.048481031452319155,-0.08195004186110744,0
CustomerId_3867,-0.2590255449479106,2.552735083921318,0.25723917800192775,-0.061941014548706874,0
CustomerId_3868,-0.5195229389571853,-0.036773121780813725,-0.05957474450641977,-0.1625047838095867,0
CustomerId_3869,-0.7055925061066672,-0.2534252027359722,-0.05952138280819968,0.0,0
CustomerId_3870,2.3831623085747324,0.06639453581688078,0.014228164249082218,-0.08720235675348367,1
CustomerId_3871,-0.4823090255272889,-0.2327916712164333,-0.05400120713025942,-0.14394948075201056,0
CustomerId_3872,-0.7055925061066672,-0.1502575451382777,-0.02640032874055811,-0.06816959297839839,0
CustomerId_3873,0.5596805505098098,-0.1502575451382777,0.08093249509446489,0.27157104790620723,0
CustomerId_3874,-0.03574206436853229,0.17987895917434474,-0.04167296198754424,-0.15028033008883993,0
CustomerId_3875,-0.5195229389571853,-0.11930724785896933,-0.027164689066096905,-0.0919863328388569,0
CustomerId_3876,1.2295309922479447,3.666945785976419,0.1115639499313554,-0.13854239965931844,1
CustomerId_3877,0.671322290799499,-0.24310843697620274,-0.05768132424888626,-0.13723807588602607,0
CustomerId_3878,1.0062475116685665,0.10766159885595858,-0.016049631332708255,-0.11579875931041488,1
CustomerId_3879,-0.7055925061066672,-0.24310843697620274,-0.052161148570945996,-0.10066434390917847,0
CustomerId_388,1.155103165388152,-0.0058228245015053744,0.045130475705903665,0.10663071986421362,1
CustomerId_3880,0.7829640310891881,-0.0058228245015053744,-0.05808981724905384,-0.13920072557684357,1
CustomerId_3882,2.6436597025840074,2.501151255122471,0.08652774516162515,-0.1277341652572057,1
CustomerId_3883,-0.1845977180881178,-0.19152460817735548,0.000979742622025589,0.25444454407462996,0
CustomerId_3885,-0.7055925061066672,-0.2327916712164333,-0.06321990051241966,-0.16346288494716935,0
CustomerId_3888,-0.7055925061066672,-0.2534252027359722,-0.06301749407089519,0.0,0
CustomerId_389,-0.7055925061066672,-0.05740665330035263,-0.026768340452420793,-0.10943022857673324,0
CustomerId_3890,1.6760979534067013,0.3346304455708865,-0.03174496283193987,-0.15105400215292647,1
CustomerId_3891,-0.7055925061066672,-0.20184137393712492,-0.056209277401435526,-0.11066163468900565,0
CustomerId_3892,-0.7055925061066672,-0.21215813969689437,-0.05584126568957284,-0.10403357451321088,0
CustomerId_3893,-0.7055925061066672,-0.2327916712164333,-0.0633891858998765,-0.16592204766679927,0
CustomerId_3894,2.420376222004629,-0.04708988754058317,-0.01564702651993048,-0.0369469122205715,1
CustomerId_3897,1.7877396936963905,0.03544423853757243,-0.024928281893107373,-0.09929174437866498,1
CustomerId_3898,-0.7055925061066672,-0.2534252027359722,-0.06283348821496383,0.0,0
CustomerId_390,-0.2218116315180142,-0.07804018481989153,-0.04792018160344043,-0.14779108956289103,0
CustomerId_3900,2.0482370877056653,0.14892866189503637,-0.042975576242853405,-0.15602889014389051,1
CustomerId_3904,-0.7055925061066672,-0.2534252027359722,-0.06246547650310116,0.0,0
CustomerId_3905,-0.33345337180770335,-0.21215813969689437,-0.051793136859083315,-0.09907242234156469,0
CustomerId_3906,-0.5567368523870817,-0.17089107665781658,-0.047745008028593786,-0.11589850720907624,0
CustomerId_3907,-0.7055925061066672,-0.2534252027359722,-0.06283348821496383,0.0,0
CustomerId_3909,0.37361098336032794,-0.1502575451382777,-0.04301384946088712,-0.11771167515279628,0
CustomerId_391,-0.4450951120973925,-0.04708988754058317,-0.010417212082649875,-0.021652866279741063,0
CustomerId_3910,2.3831623085747324,0.39653104012950324,0.04133590694488753,-0.1113018547870506,1
CustomerId_3911,-0.7055925061066672,-0.24310843697620274,-0.06117743551158176,-0.14089544908371085,0
CustomerId_3912,0.22475532964074238,4.120883479406275,0.8857776933722287,0.8297525855158303,1
CustomerId_3913,0.8201779445190845,0.014810707018033525,-0.031690497098584194,-0.13613617274972678,1
CustomerId_3914,1.7505257802664942,0.4790651662076588,-0.014515390505952725,-0.11061054841109348,1
CustomerId_3916,-0.7055925061066672,-0.2534252027359722,-0.044800914333692314,0.0,0
CustomerId_3917,1.6016701265469087,1.2321890666708286,0.28342505135951707,0.05703115311059294,1
CustomerId_3919,2.420376222004629,0.05607777005711133,-0.02841004069904023,-0.11617280569103679,1
CustomerId_392,-0.7055925061066672,-0.19152460817735548,-0.048481031452319155,-0.07536313174710803,0
CustomerId_3923,-0.5567368523870817,-0.22247490545666382,-0.06266604288606632,-0.16873778194282923,0
CustomerId_3925,0.038685762491260475,-0.17089107665781658,-0.05493816494866181,-0.14004724416469266,0
CustomerId_3930,-0.7055925061066672,-0.2534252027359722,-0.06283348821496383,0.0,0
CustomerId_3931,1.266744905677841,-0.18120784241758603,-0.05901536670438849,-0.1520119712241142,1
CustomerId_3933,-0.7055925061066672,-0.2327916712164333,-0.06264948235903249,-0.17381180786287367,0
CustomerId_3934,-0.7055925061066672,-0.2534252027359722,-0.06283348821496383,0.0,0
CustomerId_3935,-0.11016989122832506,0.06639453581688078,0.11684881892073065,0.18414303732265674,0
CustomerId_3940,-0.7055925061066672,-0.2534252027359722,-0.0613614413675131,0.0,0
CustomerId_3941,-0.5195229389571853,-0.2327916712164333,0.014080959564337144,0.9908189494607875,0
CustomerId_3942,-0.7055925061066672,-0.18120784241758603,-0.048481031452319155,-0.08089272683783719,0
CustomerId_3943,-0.7055925061066672,-0.2534252027359722,-0.06283348821496383,0.0,0
CustomerId_3944,2.0854510011355614,4.719255893472903,0.24866524113895094,-0.11225863231324593,1
CustomerId_3946,-0.7055925061066672,-0.2534252027359722,-0.06246547650310116,0.0,0
CustomerId_3947,-0.7055925061066672,-0.20184137393712492,-0.056209277401435526,-0.09491646648124456,0
CustomerId_3948,-0.7055925061066672,-0.2327916712164333,-0.06339470607555443,-0.16593783076691973,0
CustomerId_3949,-0.7055925061066672,-0.24310843697620274,-0.06283348821496383,-0.17381180786287367,0
CustomerId_395,-0.7055925061066672,-0.2327916712164333,-0.06284820868343835,-0.1579632656961239,0
CustomerId_3951,0.2991831565005352,0.5719160580455839,0.32278279990809555,0.0869813906974886,0
CustomerId_3952,2.0854510011355614,0.21082925645365308,-0.0007977539462711752,-0.11923783254225122,1
CustomerId_3953,-0.7055925061066672,-0.2534252027359722,-0.06246547650310116,0.0,0
CustomerId_3954,-0.7055925061066672,-0.21215813969689437,-0.05584126568957284,-0.10596186684705346,0
CustomerId_3955,-0.7055925061066672,-0.2534252027359722,-0.06283348821496383,0.0,0
CustomerId_3956,-0.7055925061066672,-0.2534252027359722,0.6728219237985418,0.0,0
CustomerId_3957,0.07589967592115686,0.3139969140513476,0.06512565604653889,-0.042964347384398416,0
CustomerId_396,-0.07295597779842868,-0.09867371633943042,-0.03744068009643863,-0.08661585808801318,0
CustomerId_3960,-0.37066728523759973,-0.20184137393712492,-0.054369218842122105,-0.11174412651696597,0
CustomerId_3961,-0.7055925061066672,-0.2534252027359722,-0.05584126568957284,0.0,0
CustomerId_3964,-0.2590255449479106,-0.04708988754058317,-0.04469879108365042,-0.1324261072399957,0
CustomerId_3967,0.1503275027809496,-0.05740665330035263,-0.05553038779597684,-0.11963721252491323,0
CustomerId_3968,-0.6683785926767708,-0.18120784241758603,-0.05834742544735772,-0.1484447182870833,0
CustomerId_3969,-0.7055925061066672,-0.21215813969689437,-0.05584126568957284,-0.10403357451321088,0
CustomerId_397,-0.37066728523759973,-0.12962401361873876,-0.06176625425056206,-0.16836039935732494,0
CustomerId_3970,1.4900283862572195,0.32431367981111703,-0.02137696887363247,-0.1453968273228438,1
CustomerId_3971,0.8573918579489809,-0.1502575451382777,-0.04303445811675143,-0.10644967615313791,1
CustomerId_3973,-0.7055925061066672,-0.21215813969689437,-0.05584126568957284,-0.10403357451321088,0
CustomerId_3975,-0.7055925061066672,-0.21215813969689437,-0.06042301150226326,-0.13553603874557033,0
CustomerId_3977,-0.7055925061066672,-0.20184137393712492,-0.05584126568957284,-0.11083131750309565,0
CustomerId_3982,1.341172732537634,0.07671130157665022,-0.004687637740659747,-0.10954943226701376,1
CustomerId_3984,-0.14738380465822143,0.06639453581688078,0.025190497122047854,-0.08894478648990455,0
CustomerId_3985,-0.7055925061066672,-0.21215813969689437,-0.05584126568957284,-0.10403357451321088,0
CustomerId_3987,-0.7055925061066672,-0.21215813969689437,-0.05584126568957284,-0.10403357451321088,0
CustomerId_3988,-0.33345337180770335,-0.07804018481989153,-0.05145272602561033,-0.1260839760424281,0
CustomerId_3989,2.532017962294318,0.9226860938777451,-0.022701627030482202,-0.15932297635350237,1
CustomerId_399,-0.7055925061066672,-0.20184137393712492,-0.05584126568957284,-0.11083131750309565,0
CustomerId_3990,-0.11016989122832506,-0.19152460817735548,-0.0603851062959414,-0.15387807778484316,0
CustomerId_3993,0.5596805505098098,-0.11930724785896933,-0.04112079721506547,-0.10921881899219421,0
CustomerId_3994,-0.7055925061066672,-0.2327916712164333,-0.06209746479123847,-0.17381180786287367,0
CustomerId_3995,-0.7055925061066672,-0.2534252027359722,-0.05952138280819968,0.0,0
CustomerId_3998,-0.6683785926767708,-0.22247490545666382,-0.06250227767428743,-0.1675407191695924,0
CustomerId_4,-0.7055925061066672,-0.2534252027359722,-0.06688161704545337,0.0,0
CustomerId_400,-0.7055925061066672,-0.24310843697620274,-0.06246547650310116,-0.17381180786287367,0
CustomerId_4000,2.4575901354345255,0.13861189613526692,0.0046782603262455645,-0.07020637641345798,1
CustomerId_4001,0.1503275027809496,-0.17089107665781658,-0.05770708506871665,-0.13975019647485723,0
CustomerId_4002,1.6760979534067013,-0.18120784241758603,-0.0577144453029539,-0.1466681176113203,1
CustomerId_4003,-0.7055925061066672,-0.20184137393712492,-0.05584126568957284,-0.11083131750309565,0
CustomerId_4005,-0.7055925061066672,-0.24310843697620274,-0.06283348821496383,-0.17381180786287367,0
CustomerId_4006,-0.7055925061066672,-0.2534252027359722,-0.044800914333692314,0.0,0
CustomerId_4007,0.33639706993043156,0.11797836461572803,0.029255186479571198,-0.0856883883784093,0
CustomerId_4008,-0.2218116315180142,-0.0058228245015053744,-0.04112079721506547,-0.11721107729903103,0
CustomerId_4009,-0.7055925061066672,-0.2534252027359722,-0.06246547650310116,0.0,0
CustomerId_401,2.1970927414252506,0.025127472777802976,-0.05386195149849058,-0.16539245501783054,1
CustomerId_4011,1.266744905677841,0.32431367981111703,0.06627974077494025,0.038984237040942914,1
CustomerId_4012,-0.7055925061066672,-0.2534252027359722,-0.06283348821496383,0.0,0
CustomerId_4013,-0.7055925061066672,-0.22247490545666382,-0.058049335960748946,-0.09435332342117657,0
CustomerId_4014,-0.4823090255272889,1.2631393639501372,0.041419077591768494,-0.12114445203398665,0
CustomerId_4015,-0.7055925061066672,-0.21215813969689437,-0.056209277401435526,-0.10464972991784459,0
CustomerId_4016,-0.7055925061066672,-0.21215813969689437,-0.056209277401435526,-0.10464972991784459,0
CustomerId_4017,0.22475532964074238,-0.13994077937850824,-0.04974699174112679,-0.11192316893246947,0
CustomerId_4019,-0.4823090255272889,-0.036773121780813725,-0.0525615453134526,-0.1577128225986793,0
CustomerId_402,-0.593950765816978,-0.12962401361873876,0.20397500288548218,0.5775993047438315,0
CustomerId_4020,-0.7055925061066672,-0.2327916712164333,-0.05340944429758422,-0.0023970908828649566,0
CustomerId_4022,-0.7055925061066672,-0.2327916712164333,-0.0633891858998765,-0.16592204766679927,0
CustomerId_4023,-0.7055925061066672,-0.2534252027359722,-0.06283348821496383,0.0,0
CustomerId_4025,-0.2218116315180142,-0.22247490545666382,-0.06522556434207129,-0.17122565447346086,0
CustomerId_4026,-0.7055925061066672,-0.2534252027359722,0.010400842445710302,0.0,0
CustomerId_4027,-0.6683785926767708,-0.21215813969689437,-0.06248387708869429,-0.16449878260052664,0
CustomerId_4029,-0.14738380465822143,-0.0058228245015053744,-0.03986955739473235,-0.1335500921453072,0
CustomerId_403,-0.5567368523870817,0.40684780588927266,-0.025572302388867072,-0.13471254930538804,0
CustomerId_4030,-0.7055925061066672,-0.24310843697620274,-0.06099342965565042,-0.1445528222813956,0
CustomerId_4031,-0.593950765816978,-0.16057431089804713,-0.054553224698053446,-0.12283841038293854,0
CustomerId_4033,2.1970927414252506,7.76270179260489,0.5875740348099662,-0.06640692016325422,1
CustomerId_4034,-0.593950765816978,-0.17089107665781658,-0.061383522070224864,-0.1642816386536099,0
CustomerId_4035,-0.2218116315180142,-0.17089107665781658,-0.048481031452319155,-0.106948641494631,0
CustomerId_4036,0.07589967592115686,-0.07804018481989153,-0.03008044585918495,-0.10501017728106288,0
CustomerId_4038,0.5224666370799135,-0.0058228245015053744,-0.04616182164416052,-0.1418192530834135,0
CustomerId_4039,1.3783866459675302,0.11797836461572803,0.0173930649711013,-0.11273971646676725,1
CustomerId_404,-0.7055925061066672,-0.21215813969689437,-0.05584126568957284,-0.10403357451321088,0
CustomerId_4040,-0.7055925061066672,-0.19152460817735548,-0.052529160282808685,-0.09699453167389471,0
CustomerId_4041,-0.7055925061066672,-0.18120784241758603,-0.061015510358362175,-0.16050049102344002,0
CustomerId_4042,-0.7055925061066672,-0.2327916712164333,-0.0359686332489879,0.3223343788146491,0
CustomerId_4043,0.07589967592115686,0.7163507786823562,-0.01461070553932516,-0.13149647740037004,0
CustomerId_4044,0.07589967592115686,-0.08835695057966098,-0.03376056297781179,-0.10861563431222566,0
CustomerId_4045,-0.7055925061066672,-0.2534252027359722,-0.06283348821496383,0.0,0
CustomerId_4046,-0.6311646792468745,-0.21215813969689437,-0.06247283673733841,-0.16453574033796228,0
CustomerId_4048,-0.4823090255272889,-0.17089107665781658,-0.048481031452319155,-0.106948641494631,0
CustomerId_4049,-0.4823090255272889,-0.10899048209919988,-0.05770892512727596,-0.15739222127387248,0
CustomerId_405,-0.7055925061066672,-0.2534252027359722,-0.06283348821496383,0.0,0
CustomerId_4050,-0.7055925061066672,-0.2534252027359722,-0.0613614413675131,0.0,0
CustomerId_4051,-0.5567368523870817,-0.04708988754058317,-0.04998619935383754,-0.14633890187560888,0
CustomerId_4053,-0.7055925061066672,-0.20184137393712492,-0.056209277401435526,-0.09491646648124456,0
CustomerId_4055,2.5692318757242143,0.22114602221342253,0.014356968348234156,-0.05380963277881876,1
CustomerId_4056,-0.4823090255272889,-0.17089107665781658,-0.048481031452319155,-0.106948641494631,0
CustomerId_4058,-0.6683785926767708,-0.22247490545666382,-0.0628408484492011,-0.16388906386801333,0
CustomerId_4059,1.7505257802664942,-0.16057431089804713,-0.05856639241591602,-0.16538123164277063,1
CustomerId_4061,-0.2218116315180142,-0.11930724785896933,-0.03744068009643863,-0.1088919476892855,0
CustomerId_4064,-0.7055925061066672,-0.2327916712164333,-0.06246547650310116,-0.13464773301845734,0
CustomerId_4065,-0.2218116315180142,-0.16057431089804713,-0.044800914333692314,-0.10730524759125912,0
CustomerId_4066,-0.7055925061066672,-0.24310843697620274,-0.06246547650310116,-0.17381180786287367,0
CustomerId_4067,-0.4823090255272889,-0.16057431089804713,-0.044800914333692314,-0.1082052425275476,0
CustomerId_4068,-0.7055925061066672,-0.2534252027359722,-0.06283348821496383,0.0,0
CustomerId_4069,1.0062475116685665,-0.036773121780813725,-0.05353236020934636,-0.11590527873420335,1
CustomerId_407,-0.7055925061066672,-0.2534252027359722,-0.05952138280819968,0.0,0
CustomerId_4070,-0.7055925061066672,-0.20184137393712492,-0.060665899232092625,-0.15359657836697485,0
CustomerId_4071,-0.7055925061066672,-0.2327916712164333,-0.06321990051241966,-0.16346288494716935,0
CustomerId_4072,-0.7055925061066672,-0.2534252027359722,-0.06301749407089519,0.0,0
CustomerId_4073,-0.5195229389571853,-0.05740665330035263,-0.05750467862719217,-0.16037137607959254,0
CustomerId_4074,-0.7055925061066672,-0.2534252027359722,-0.06301749407089519,0.0,0
CustomerId_4075,-0.7055925061066672,-0.2327916712164333,0.14877324610607953,2.5882581272251244,0
CustomerId_4077,-0.7055925061066672,-0.20184137393712492,-0.05584126568957284,-0.11083131750309565,0
CustomerId_4079,-0.7055925061066672,-0.2534252027359722,-0.06283348821496383,0.0,0
CustomerId_408,-0.7055925061066672,-0.2327916712164333,-0.0683536638929041,-0.11683811890969698,0
CustomerId_4085,1.0806753385283592,-0.08835695057966098,-0.03149250679760207,-0.0990066166638858,1
CustomerId_4086,0.07589967592115686,-0.09867371633943042,-0.03376056297781179,-0.1015474442576459,0
CustomerId_4087,-0.7055925061066672,-0.2327916712164333,-0.0359686332489879,0.3223343788146491,0
CustomerId_4089,1.7133118668365976,0.757617841721434,-0.023272597201437158,-0.14897581002108412,1
CustomerId_4090,0.038685762491260475,-0.08835695057966098,-0.03376056297781179,-0.10861563431222566,0
CustomerId_4092,-0.7055925061066672,-0.21215813969689437,-0.05584126568957284,-0.10403357451321088,0
CustomerId_4095,0.6341083773696026,-0.11930724785896933,-0.040362693088628346,-0.08305073072227985,0
CustomerId_4097,0.038685762491260475,0.42748133740881156,-0.027677697392433486,-0.14801223766733382,0
CustomerId_4098,-0.7055925061066672,-0.24310843697620274,-0.06302669436369175,-0.1699715660053047,0
CustomerId_4101,-0.7055925061066672,-0.2534252027359722,-0.0613614413675131,0.0,0
CustomerId_4102,-0.4450951120973925,-0.21215813969689437,-0.05868231610515276,-0.09119458681869312,0
CustomerId_4103,-0.7055925061066672,-0.24310843697620274,-0.06246547650310116,-0.17381180786287367,0
CustomerId_4104,-0.7055925061066672,-0.2534252027359722,-0.05952138280819968,0.0,0
CustomerId_4106,-0.7055925061066672,-0.21215813969689437,-0.05584126568957284,-0.10403357451321088,0
CustomerId_4107,-0.7055925061066672,-0.24310843697620274,-0.06231827181835608,-0.17088590930472586,0
CustomerId_4108,-0.7055925061066672,-0.24310843697620274,-0.06172945307937579,-0.17381180786287367,0
CustomerId_4109,1.2295309922479447,0.15924542765480584,-0.04148310474539429,-0.14886085752720524,1
CustomerId_411,-0.7055925061066672,-0.20184137393712492,-0.03320854541001777,-0.15547624174563793,0
CustomerId_4112,-0.7055925061066672,-0.21215813969689437,0.6805501697476581,5.452632920704106,0
CustomerId_4113,1.936595347415976,0.13861189613526692,-0.017951515859614606,-0.10182055057762378,1
CustomerId_4115,1.1178892519582555,0.27272985101226976,-0.04234995633268684,-0.15440821792451162,1
CustomerId_4117,-0.7055925061066672,-0.2534252027359722,-0.0613614413675131,0.0,0
CustomerId_4118,-0.7055925061066672,-0.21215813969689437,-0.056209277401435526,-0.10464972991784459,0
CustomerId_4119,-0.4823090255272889,-0.16057431089804713,-0.06047821325904266,-0.15699764697731275,0
CustomerId_412,0.4852527236500171,-0.17089107665781658,-0.057876370456173484,-0.1561761547110962,0
CustomerId_4120,-0.03574206436853229,-0.036773121780813725,-0.03744068009643863,-0.11071197771033221,0
CustomerId_4123,-0.4078811986674961,-0.19152460817735548,-0.058949124596253205,-0.15321739889727018,0
CustomerId_4124,0.22475532964074238,0.10766159885595858,-0.012743414113333901,-0.05667282221126882,0
CustomerId_4125,0.00147184906136409,0.3552639770904254,0.08453864185900734,0.12566180144480488,0
CustomerId_4127,-0.4078811986674961,-0.20184137393712492,-0.055546856320082695,-0.11192830401898207,0
CustomerId_4128,-0.7055925061066672,-0.2534252027359722,0.2312078695633208,0.0,0
CustomerId_4130,-0.6683785926767708,-0.21215813969689437,-0.06250227767428743,-0.16249402528413504,0
CustomerId_4131,-0.5195229389571853,-0.07804018481989153,-0.01631367973596973,-0.05362025339648472,0
CustomerId_4132,-0.14738380465822143,0.5615992922858144,0.003092865871541121,-0.12823889175272585,0
CustomerId_4133,-0.7055925061066672,-0.24310843697620274,-0.05584126568957284,-0.17381180786287367,0
CustomerId_4134,-0.7055925061066672,-0.2534252027359722,0.19440669837705238,0.0,0
CustomerId_4135,0.37361098336032794,0.344947211330656,-0.03763719835057331,-0.15677986454003282,0
CustomerId_4136,-0.5195229389571853,-0.17089107665781658,-0.060077080493112334,-0.16083810446990277,0
CustomerId_4137,-0.7055925061066672,-0.18120784241758603,-0.05584126568957284,-0.10343367245044173,0
CustomerId_4138,-0.7055925061066672,-0.2534252027359722,-0.06246547650310116,0.0,0
CustomerId_4139,-0.03574206436853229,-0.2327916712164333,-0.06100078988988767,-0.14636418652834685,0
CustomerId_414,-0.6683785926767708,-0.06772341906012208,-0.053369331020991194,-0.14617871862211487,0
CustomerId_4141,-0.5195229389571853,-0.20184137393712492,-0.053815729227480624,-0.08223573865854544,0
CustomerId_4142,-0.14738380465822143,-0.24310843697620274,-0.06298069289970891,-0.17088590930472586,0
CustomerId_4143,-0.7055925061066672,-0.24310843697620274,-0.06264948235903249,-0.1701544346651889,0
CustomerId_4144,-0.7055925061066672,-0.24310843697620274,-0.03560062153712521,0.009056852021364315,0
CustomerId_4145,0.22475532964074238,-0.036773121780813725,-0.03376056297781179,-0.08992073329592692,0
CustomerId_4146,0.8201779445190845,0.42748133740881156,0.180455374380338,0.10174728125202667,1
CustomerId_4148,-0.7055925061066672,-0.24310843697620274,-0.059153371096337,-0.16649706146750415,0
CustomerId_4149,-0.07295597779842868,-0.1502575451382777,-0.04996411865112577,-0.13725578185818557,0
CustomerId_415,2.0854510011355614,0.1695621934145753,0.11114404856812009,0.00583641616706897,1
CustomerId_4150,-0.7055925061066672,-0.20184137393712492,-0.053633195418396735,-0.11083131750309565,0
CustomerId_4151,0.187541416210846,-0.036773121780813725,-0.052161148570945996,-0.13085683641640317,0
CustomerId_4152,2.420376222004629,2.15038121929031,-0.00687130883533936,-0.1433497329592921,1
CustomerId_4153,0.8946057713788773,-0.1502575451382777,-0.045168926045555,-0.09561431060524395,1
CustomerId_4154,-0.7055925061066672,-0.22247490545666382,-0.06320518004394515,-0.16649687860113008,0
CustomerId_4155,0.7829640310891881,-0.12962401361873876,-0.05900064623591398,-0.16512172858598534,1
CustomerId_4156,-0.593950765816978,0.17987895917434474,-3.964981983404595e-05,-0.06408297564602877,0
CustomerId_4157,1.6016701265469087,-0.06772341906012208,-0.036859957615119315,-0.12366006336108588,1
CustomerId_4158,-0.7055925061066672,-0.22247490545666382,-0.06320518004394515,-0.16649687860113008,0
CustomerId_4159,-0.4450951120973925,-0.16057431089804713,-0.048481031452319155,-0.11004332719278538,0
CustomerId_416,-0.7055925061066672,-0.2534252027359722,-0.06283348821496383,0.0,0
CustomerId_4160,0.8201779445190845,-0.18120784241758603,-0.022646609279558732,0.18738962001621545,1
CustomerId_4161,0.2991831565005352,-0.1502575451382777,-0.06174417354785029,-0.1676176384614711,0
CustomerId_4163,0.5968944639397062,-0.20184137393712492,-0.042224832350653524,-0.07421300039402327,0
CustomerId_4164,-0.5195229389571853,-0.18120784241758603,-0.042037882401027286,-0.07545887802813495,0
CustomerId_4165,-0.03574206436853229,-0.1502575451382777,-0.055344449878558216,-0.14348615534196896,0
CustomerId_4167,-0.7055925061066672,-0.09867371633943042,0.12658213988075967,0.0710139578133391,0
CustomerId_4168,0.7829640310891881,-0.10899048209919988,-0.04316326221590337,-0.1328773210835531,1
CustomerId_4169,-0.33345337180770335,-0.21215813969689437,-0.060261086349043674,-0.15265455668800643,0
CustomerId_4170,-0.7055925061066672,-0.2327916712164333,-0.06246547650310116,-0.17082557515178734,0
CustomerId_4171,-0.7055925061066672,-0.2327916712164333,-0.05768132424888626,-0.08422482653028436,0
CustomerId_4173,0.33639706993043156,0.09734483309618913,-0.043667806272867114,-0.12201316816578203,0
CustomerId_4174,0.671322290799499,0.09734483309618913,-0.043281025963699434,-0.14069023657420401,1
CustomerId_4175,-0.7055925061066672,-0.2534252027359722,-0.06301749407089519,0.0,0
CustomerId_4176,-0.7055925061066672,-0.21215813969689437,-0.055767663347200305,-0.1035727197403528,0
CustomerId_4177,-0.7055925061066672,-0.2534252027359722,-0.06301749407089519,0.0,0
CustomerId_4179,0.9690335982386701,-0.17089107665781658,-0.054461221770087775,-0.12941592359581025,1
CustomerId_4180,-0.7055925061066672,-0.2534252027359722,-0.06283348821496383,0.0,0
CustomerId_4181,2.3831623085747324,0.23146278797319197,-0.04206290719743395,-0.1448390964617792,1
CustomerId_4182,2.0854510011355614,-0.09867371633943042,-0.05593032452384361,-0.15798514146693002,1
CustomerId_4183,1.1178892519582555,0.3552639770904254,0.016139709083424963,-0.05000248877588359,1
CustomerId_4184,0.5224666370799135,0.20051249069388363,-0.04753524135283206,-0.15980660972211905,0
CustomerId_4185,0.07589967592115686,-0.19152460817735548,-0.06175521389920617,-0.16364414749057374,0
CustomerId_4186,-0.7055925061066672,-0.21215813969689437,-0.05952138280819968,-0.11438652722671924,0
CustomerId_4187,1.341172732537634,0.22114602221342253,-0.04046757642650921,-0.12842966506542358,1
CustomerId_4188,2.4948040488644216,0.42748133740881156,0.1497558373767529,-0.042148467478492026,1
CustomerId_4189,2.3459483951448363,-0.016139590261274823,-0.016817671775365677,-0.08588798120389436,1
CustomerId_4190,-0.14738380465822143,-0.22247490545666382,-0.054461221770087775,-0.0926221043466184,0
CustomerId_4191,0.7457501176592918,-0.07804018481989153,-0.04270508763463433,-0.13510435160178566,1
CustomerId_4192,0.2619692430706388,-0.17089107665781658,-0.06616399420732114,-0.14529315518291172,0
CustomerId_4193,1.8249536071262868,0.7473010759616645,0.6234189275629595,0.16503989205965222,1
CustomerId_4194,-0.7055925061066672,-0.2534252027359722,-0.06301749407089519,0.0,0
CustomerId_4196,-0.593950765816978,-0.22247490545666382,-0.057350113708209846,-0.09667504116558931,0
CustomerId_4197,0.8201779445190845,-0.19152460817735548,-0.0486650373082505,-0.06922055631292642,1
CustomerId_4198,1.5272422996871158,0.21082925645365308,-0.030335845987217655,-0.13217213726313,1
CustomerId_4199,0.671322290799499,0.30368014829157813,-0.03893480764660113,-0.15785361169044484,1
CustomerId_420,-0.03574206436853229,-0.036773121780813725,-0.05623761430324895,-0.1612937810476822,0
CustomerId_4200,-0.7055925061066672,-0.24310843697620274,-0.06283348821496383,-0.17381180786287367,0
CustomerId_4201,2.122664914565458,-0.09867371633943042,-0.0543968197205118,-0.1471764837721154,1
CustomerId_4202,1.1178892519582555,-0.04708988754058317,-0.0026103220307084492,-0.038981392385773715,1
CustomerId_4203,-0.07295597779842868,-0.09867371633943042,-0.04112079721506547,-0.09284138682123066,0
CustomerId_4204,1.4528144728273231,0.7163507786823562,0.06264985725498268,-0.08735469574990903,1
CustomerId_4205,-0.7055925061066672,-0.12962401361873876,-0.03909673279982071,-0.15372825076681199,0
CustomerId_4206,-0.03574206436853229,-0.07804018481989153,-0.04112079721506547,-0.10714768622314431,0
CustomerId_4207,-0.7055925061066672,-0.2534252027359722,-0.05952138280819968,0.0,0
CustomerId_4209,-0.7055925061066672,-0.2327916712164333,-0.0633891858998765,-0.16592204766679927,0
CustomerId_4211,-0.4078811986674961,-0.09867371633943042,-0.045242528387927534,-0.1360896481726565,0
CustomerId_4212,-0.7055925061066672,-0.22247490545666382,-0.06211218525971298,-0.1582247028804346,0
CustomerId_4213,2.420376222004629,0.41716457164904214,0.04852751821576572,-0.11481332715883481,1
CustomerId_4214,-0.6683785926767708,-0.20184137393712492,-0.050689101723495264,-0.09594038597243887,0
CustomerId_4215,-0.593950765816978,-0.12962401361873876,-0.05531132882449057,-0.13331634602383738,0
CustomerId_4216,2.532017962294318,0.30368014829157813,-0.03864407839422961,-0.15957552401769926,1
CustomerId_4218,2.4575901354345255,-0.06772341906012208,-0.057710765185835275,-0.1634074474842636,1
CustomerId_4219,-0.5195229389571853,-0.20184137393712492,-0.05584126568957284,-0.11083131750309565,0
CustomerId_422,-0.7055925061066672,-0.24310843697620274,0.0030406082084566202,-0.0275168799554833,0
CustomerId_4220,-0.7055925061066672,-0.2534252027359722,-0.06301749407089519,0.0,0
CustomerId_4221,-0.7055925061066672,-0.2534252027359722,-0.03376056297781179,0.0,0
CustomerId_4224,-0.4078811986674961,-0.12962401361873876,-0.059894914695740306,-0.16393450395053755,0
CustomerId_4225,-0.7055925061066672,-0.2534252027359722,-0.06301749407089519,0.0,0
CustomerId_4226,-0.593950765816978,-0.16057431089804713,0.2308398578514581,0.6079418626500965,0
CustomerId_4227,-0.6683785926767708,-0.22247490545666382,-0.06285188880055698,-0.1638593165000845,0
CustomerId_4228,-0.593950765816978,-0.22247490545666382,-0.06448954091834591,-0.1529615726607916,0
CustomerId_4229,1.4156005593974266,0.25209631949273087,-0.04869079812808089,-0.16403557537752894,1
CustomerId_423,-0.7055925061066672,-0.24310843697620274,-0.06117743551158176,-0.1701544346651889,0
CustomerId_4230,-0.6683785926767708,-0.22247490545666382,-0.056945300825160895,-0.15829488752639675,0
CustomerId_4233,-0.7055925061066672,-0.2327916712164333,-0.04884904316418184,-0.04839003399724863,0
CustomerId_4234,0.2619692430706388,-0.13994077937850824,-0.046677774064192004,-0.12585147033712124,0
CustomerId_4235,0.187541416210846,-0.04708988754058317,-0.05478139195940831,-0.1449137734462281,0
CustomerId_4237,1.1923170788180484,0.14892866189503637,-0.03757647641811596,-0.14707600791594716,1
CustomerId_4238,2.4948040488644216,1.190922003631751,0.27031169003071404,-0.04131239384032361,1
CustomerId_4239,-0.5567368523870817,-0.17089107665781658,0.015921018123650564,0.15308634634889814,0
CustomerId_424,-0.7055925061066672,-0.2534252027359722,-0.05952138280819968,0.0,0
CustomerId_4240,2.3459483951448363,-0.16057431089804713,0.897861085602573,3.8741350756414468,1
CustomerId_4241,-0.5567368523870817,-0.21215813969689437,-0.056246078572621795,-0.12767436751406494,0
CustomerId_4242,-0.7055925061066672,-0.24310843697620274,-0.05952138280819968,-0.17381180786287367,0
CustomerId_4243,-0.7055925061066672,-0.24310843697620274,-0.06099342965565042,-0.1445528222813956,0
CustomerId_4244,-0.29623945837780696,-0.16057431089804713,-0.05993355592548589,-0.15873461098531544,0
CustomerId_4245,-0.14738380465822143,-0.06772341906012208,-0.03302453955408642,-0.11266909050781151,0
CustomerId_4246,-0.6311646792468745,-0.18120784241758603,-0.06103023082683669,-0.16166445123030823,0
CustomerId_4247,2.0110231742757687,-0.05740665330035263,-0.05685329789719522,-0.16397243283481544,1
CustomerId_4250,-0.6683785926767708,-0.22247490545666382,-0.045918197890907425,-0.02352814306562723,0
CustomerId_4252,2.5692318757242143,1.6448596970616065,0.15326289698787632,-0.09336363472290304,1
CustomerId_4253,2.5692318757242143,0.4790651662076588,0.057506341564133874,-0.09986174943319116,1
CustomerId_4254,2.420376222004629,-0.026456356021044274,-0.011676180148932118,-0.08422524885304424,1
CustomerId_4255,-0.07295597779842868,-0.10899048209919988,-0.060496613844635796,-0.16717016084171474,0
CustomerId_4256,0.7829640310891881,-0.04708988754058317,-0.05862895440693267,-0.16419981174455778,1
CustomerId_4257,-0.7055925061066672,-0.24310843697620274,-0.06139824253869937,-0.13650660124648914,0
CustomerId_4258,-0.7055925061066672,-0.21215813969689437,-0.056209277401435526,-0.10464972991784459,0
CustomerId_4260,-0.7055925061066672,-0.2534252027359722,-0.06283348821496383,0.0,0
CustomerId_4261,-0.7055925061066672,-0.21215813969689437,-0.05584126568957284,-0.10403357451321088,0
CustomerId_4262,0.4108248967902243,-0.18120784241758603,-0.06105047147098913,-0.1703473619114965,0
CustomerId_4265,-0.7055925061066672,-0.2534252027359722,-0.06301749407089519,0.0,0
CustomerId_4266,-0.4823090255272889,-0.2327916712164333,0.11344412176726186,0.9012319681281981,0
CustomerId_4267,-0.7055925061066672,-0.2327916712164333,-0.06209746479123847,-0.17381180786287367,0
CustomerId_427,-0.7055925061066672,-0.2534252027359722,-0.06283348821496383,0.0,0
CustomerId_4270,-0.7055925061066672,-0.2534252027359722,-0.05988939452006237,0.0,0
CustomerId_4272,-0.7055925061066672,-0.2534252027359722,-0.06283348821496383,0.0,0
CustomerId_4273,1.3039588191077376,0.3655807428501949,0.013142897710799161,0.06848769267419978,1
CustomerId_4274,0.5596805505098098,0.025127472777802976,-0.027945977930381383,-0.12882225029326866,0
CustomerId_4275,-0.5567368523870817,-0.19152460817735548,0.8917888923568388,3.1902331633721452,0
CustomerId_4276,-0.7055925061066672,-0.24310843697620274,-0.06264948235903249,-0.1701544346651889,0
CustomerId_4277,-0.7055925061066672,-0.19152460817735548,-0.05584126568957284,-0.11701728189720245,0
CustomerId_4279,1.2295309922479447,-0.07804018481989153,-0.054203613571783896,-0.15495467773169425,1
CustomerId_428,1.3783866459675302,-0.07804018481989153,0.04469953399131246,0.08062459302019812,1
CustomerId_4280,-0.5567368523870817,-0.19152460817735548,-0.06172945307937579,-0.16237856385736427,0
CustomerId_4281,1.155103165388152,-0.18120784241758603,-0.04884904316418184,-0.08543820177074037,1
CustomerId_4282,-0.6683785926767708,-0.24310843697620274,-0.06264948235903249,-0.1701544346651889,0
CustomerId_4283,-0.2218116315180142,-0.19152460817735548,-0.049953078299769894,-0.11219733171343242,0
CustomerId_4287,-0.7055925061066672,-0.2534252027359722,-0.05952138280819968,0.0,0
CustomerId_4288,-0.7055925061066672,-0.24310843697620274,-0.06250227767428743,-0.1584508404325977,0
CustomerId_4289,0.22475532964074238,-0.05740665330035263,-0.03744068009643863,-0.09000665980392715,0
CustomerId_429,-0.7055925061066672,-0.2534252027359722,-0.06283348821496383,0.0,0
CustomerId_4290,-0.7055925061066672,-0.2534252027359722,-0.06283348821496383,0.0,0
CustomerId_4291,-0.7055925061066672,-0.20184137393712492,-0.05584126568957284,-0.11083131750309565,0
CustomerId_4294,1.341172732537634,0.28304661677203924,-0.02842144906210797,-0.1382205676708589,1
CustomerId_4297,-0.7055925061066672,-0.2534252027359722,-0.06283348821496383,0.0,0
CustomerId_4298,0.9690335982386701,-0.20184137393712492,-0.06267524317886289,-0.1659171889873686,1
CustomerId_4299,-0.7055925061066672,-0.21215813969689437,-0.056209277401435526,-0.10464972991784459,0
CustomerId_4300,-0.2218116315180142,-0.19152460817735548,-0.05584126568957284,-0.116082879158779,0
CustomerId_4301,-0.7055925061066672,-0.2327916712164333,-0.06301749407089519,-0.16304479270258415,0
CustomerId_4302,-0.7055925061066672,-0.2327916712164333,-0.0359686332489879,0.3223343788146491,0
CustomerId_4304,-0.7055925061066672,-0.18120784241758603,-0.052529160282808685,-0.1265885781808083,0
CustomerId_4305,0.07589967592115686,0.10766159885595858,-0.04715876537159654,-0.15484666447868714,0
CustomerId_4308,-0.7055925061066672,-0.2534252027359722,-0.06301749407089519,0.0,0
CustomerId_4309,0.1503275027809496,0.08702806733641968,-0.03745908068203177,-0.15076301064867326,0
CustomerId_431,-0.2590255449479106,-0.17089107665781658,-0.06143504370988564,-0.16808711330049744,0
CustomerId_4310,-0.37066728523759973,-0.21215813969689437,-0.06172945307937579,-0.15677849772779046,0
CustomerId_4311,0.9690335982386701,0.27272985101226976,0.030527402967480497,-0.07992983850846347,1
CustomerId_4312,0.5224666370799135,1.0464872829949785,0.0029136441678639944,-0.14978262905235273,1
CustomerId_4313,-0.7055925061066672,-0.2534252027359722,-0.05952138280819968,0.0,0
CustomerId_4314,0.8201779445190845,0.7060340129225867,-0.015456212447329677,-0.12103545689043306,1
CustomerId_4315,2.5692318757242143,1.0671208145145175,0.09668008425678101,0.07440110783440354,1
CustomerId_4317,-0.7055925061066672,-0.24310843697620274,0.03248154515747135,1.5817273270258108,0
CustomerId_4318,1.0434614250984628,0.045761004297341874,0.01667544213296907,-0.0023370053751757677,1
CustomerId_4319,-0.4823090255272889,2.0575303274523846,0.10634775192741372,-0.13596866419475495,0
CustomerId_432,-0.7055925061066672,-0.2327916712164333,-0.06320886016106378,-0.16346650468730506,0
CustomerId_4321,-0.7055925061066672,-0.2534252027359722,-0.05952138280819968,0.0,0
CustomerId_4322,0.07589967592115686,-0.08835695057966098,-0.044262145187525345,-0.1213141074281398,0
CustomerId_4323,0.11311358935105324,-0.036773121780813725,-0.05917913191616739,-0.1666815683997859,0
CustomerId_4324,1.7877396936963905,0.29336338253180866,-0.05045909440358108,-0.13956127918800246,1
CustomerId_4325,-0.1845977180881178,-0.20184137393712492,-0.04700898460486842,-0.08090205025362407,0
CustomerId_4326,2.30873448171494,-0.13994077937850824,-0.061501285818020925,-0.11295459648596315,1
CustomerId_4327,-0.4450951120973925,-0.21215813969689437,-0.06228147064716981,-0.17381180786287367,0
CustomerId_4328,1.2295309922479447,-0.11930724785896933,-0.04291154220498929,-0.07388562998890356,1
CustomerId_4329,-0.7055925061066672,-0.2534252027359722,-0.06246547650310116,0.0,0
CustomerId_433,-0.7055925061066672,-0.2534252027359722,-0.06283348821496383,0.0,0
CustomerId_4330,2.0110231742757687,0.014810707018033525,-0.05876695879888118,-0.1686366453149596,1
CustomerId_4332,-0.7055925061066672,-0.2534252027359722,-0.05584126568957284,0.0,0
CustomerId_4333,2.4948040488644216,0.9742699226765924,-0.011025535442358892,-0.13399618454448708,1
CustomerId_4334,-0.5567368523870817,-0.1502575451382777,-0.06007340037599371,-0.16601426200561167,0
CustomerId_4335,-0.7055925061066672,-0.2327916712164333,-0.0633891858998765,-0.16592204766679927,0
CustomerId_4336,-0.03574206436853229,3.223324858306333,0.10177060626112158,-0.14961759100996386,1
CustomerId_4337,0.8201779445190845,0.014810707018033525,0.07307323697592541,0.19818794997789177,1
CustomerId_4338,-0.6683785926767708,-0.13994077937850824,-0.05957290444786046,-0.15856233845900156,0
CustomerId_4340,0.4480388102201207,-0.2327916712164333,-0.06688161704545337,-0.11060517497886911,0
CustomerId_4341,-0.7055925061066672,-0.2327916712164333,-0.06284820868343835,-0.1579632656961239,0
CustomerId_4342,-0.7055925061066672,-0.2327916712164333,-0.06172945307937579,-0.09346050343881589,0
CustomerId_4343,-0.6683785926767708,-0.17089107665781658,0.08885026707519054,0.38725219153126106,0
CustomerId_4344,-0.7055925061066672,-0.2327916712164333,0.10976400464863502,-0.05436249941942128,0
CustomerId_4346,2.122664914565458,0.5100154634869671,-0.030718706971654,-0.1559971120164875,1
CustomerId_4347,2.532017962294318,0.4584316346881199,0.0015593610682093167,-0.12373418932017703,1
CustomerId_4348,-0.7055925061066672,-0.19152460817735548,-0.05654711215292547,-0.13283083409864976,0
CustomerId_4349,-0.4078811986674961,0.3552639770904254,-0.03719595230804995,-0.15076490146177532,0
CustomerId_435,-0.7055925061066672,-0.2327916712164333,-0.06154544722344445,-0.16485310972961473,0
CustomerId_4351,-0.593950765816978,-0.16057431089804713,-0.061015510358362175,-0.16786563936515211,0
CustomerId_4353,-0.07295597779842868,0.0044939412582640755,-0.05132244987961094,-0.14790802776304426,0
CustomerId_4355,-0.7055925061066672,-0.22247490545666382,-0.06235507298954235,-0.1732945771849911,0
CustomerId_4356,-0.7055925061066672,-0.22247490545666382,-0.06248019697157566,-0.1604020601308743,0
CustomerId_4357,1.6016701265469087,0.21082925645365308,-0.04721065502296917,-0.1600694520060855,1
CustomerId_4358,-0.6311646792468745,-0.20184137393712492,-0.06302485430513244,-0.16775901544008073,0
CustomerId_436,0.22475532964074238,-0.06772341906012208,-0.03744068009643863,-0.09810407418027438,0
CustomerId_4360,-0.7055925061066672,-0.21215813969689437,-0.05584126568957284,-0.10403357451321088,0
CustomerId_4361,-0.7055925061066672,-0.2534252027359722,-0.044800914333692314,0.0,0
CustomerId_4362,-0.7055925061066672,-0.2534252027359722,-0.06246547650310116,0.0,0
CustomerId_4363,-0.33345337180770335,-0.036773121780813725,-0.031997786877989536,-0.12319803486461546,0
CustomerId_4364,-0.1845977180881178,0.28304661677203924,-0.03355815653628732,-0.11604889221027793,0
CustomerId_4365,-0.7055925061066672,-0.20184137393712492,-0.05584126568957284,-0.11083131750309565,0
CustomerId_4367,-0.7055925061066672,-0.2327916712164333,-0.06264948235903249,-0.17381180786287367,0
CustomerId_4368,-0.6311646792468745,-0.19152460817735548,-0.056209277401435526,-0.12466517204452675,0
CustomerId_4369,-0.7055925061066672,-0.2534252027359722,-0.06246547650310116,0.0,0
CustomerId_437,-0.29623945837780696,-0.21215813969689437,-0.05487891506305192,-0.08339113015460975,0
CustomerId_4370,1.266744905677841,-0.07804018481989153,-0.05508831372710179,-0.14785176555724383,1
CustomerId_4371,2.5692318757242143,2.769387164876477,0.9565736741131458,-0.038527525734871663,1
CustomerId_4373,-0.4823090255272889,-0.24310843697620274,-0.03633664496085058,0.34553518620836216,0
CustomerId_4374,-0.4823090255272889,-0.17089107665781658,-0.048481031452319155,-0.106948641494631,0
CustomerId_4376,0.11311358935105324,-0.21215813969689437,-0.054369218842122105,-0.08591302322255168,0
CustomerId_4377,-0.7055925061066672,-0.2534252027359722,-0.05952138280819968,0.0,0
CustomerId_4378,-0.7055925061066672,-0.2327916712164333,-0.06044141208785639,-0.16012717042156746,0
CustomerId_4379,0.00147184906136409,-0.20184137393712492,-0.06231827181835608,-0.16422418696530552,0
CustomerId_4380,1.6016701265469087,-0.016139590261274823,-0.02877547632891987,-0.09919594479743454,1
CustomerId_4381,-0.7055925061066672,-0.21215813969689437,-0.056209277401435526,-0.10464972991784459,0
CustomerId_4382,-0.7055925061066672,-0.2534252027359722,-0.06301749407089519,0.0,0
CustomerId_4383,0.5968944639397062,0.11797836461572803,-0.03438618288797835,-0.15241285651473793,0
CustomerId_4384,2.606445789154111,0.963953156916823,-0.014489261674410475,-0.15659522811717339,1
CustomerId_4386,-0.7055925061066672,-0.2327916712164333,-0.06264948235903249,-0.17381180786287367,0
CustomerId_4387,-0.7055925061066672,-0.20184137393712492,-0.05584126568957284,-0.09297365549822892,0
CustomerId_4388,-0.7055925061066672,-0.19152460817735548,-0.048481031452319155,-0.07536313174710803,0
CustomerId_4389,-0.7055925061066672,-0.20184137393712492,-0.052161148570945996,-0.1064525645664793,0
CustomerId_4390,0.671322290799499,-0.06772341906012208,-0.05069020575863085,-0.1420804797702779,1
CustomerId_4391,-0.7055925061066672,-0.06772341906012208,2.1036514595206572,11.640521101664707,0
CustomerId_4392,1.0806753385283592,0.13861189613526692,0.003408619920319304,-0.11295985181430425,1
CustomerId_4393,-0.14738380465822143,-0.04708988754058317,-0.059948276393960394,-0.1678619772490505,0
CustomerId_4394,-0.7055925061066672,-0.2534252027359722,-0.05584126568957284,0.0,0
CustomerId_4395,0.37361098336032794,0.05607777005711133,-0.03763756636228517,-0.1463462571045023,0
CustomerId_4396,1.1178892519582555,0.06639453581688078,-0.028630479714445975,-0.11114800996262209,1
CustomerId_4398,-0.7055925061066672,-0.22247490545666382,-0.06248387708869429,-0.16038786972424512,0
CustomerId_4399,-0.4823090255272889,-0.17089107665781658,-0.05223107079619991,-0.12794351320118497,0
CustomerId_440,-0.7055925061066672,-0.2534252027359722,-0.06301749407089519,0.0,0
CustomerId_4401,-0.2218116315180142,0.045761004297341874,-0.03854471523202668,-0.11728805876881697,0
CustomerId_4402,-0.7055925061066672,-0.2534252027359722,-0.06301749407089519,0.0,0
CustomerId_4403,-0.11016989122832506,-0.18120784241758603,-0.062101144908357095,-0.1671735135848466,0
CustomerId_4406,2.606445789154111,0.963953156916823,-0.022749008538384522,-0.1423404495052509,1
CustomerId_4408,-0.11016989122832506,0.025127472777802976,-0.048831378602012435,-0.14107719769045915,0
CustomerId_4409,-0.7055925061066672,-0.2534252027359722,-0.06246547650310116,0.0,0
CustomerId_4412,-0.7055925061066672,-0.24310843697620274,-0.06320149992682653,-0.15918231507213462,0
CustomerId_4413,-0.6683785926767708,-0.1502575451382777,-0.05297813457128116,-0.0965421095959492,0
CustomerId_4414,1.8621675205561832,0.17987895917434474,0.039617660262200656,-0.10416851125924194,1
CustomerId_4415,-0.7055925061066672,-0.2534252027359722,-0.06246547650310116,0.0,0
CustomerId_4416,2.3459483951448363,0.14892866189503637,-0.042741520794108735,-0.1529513396820344,1
CustomerId_4417,-0.29623945837780696,0.6750837156432784,-0.03443586446907982,-0.1558783884704756,0
CustomerId_4418,-0.7055925061066672,-0.24310843697620274,-0.06172945307937579,-0.17381180786287367,0
CustomerId_442,1.1178892519582555,0.07671130157665022,-0.03731187599728669,-0.1501358531807466,1
CustomerId_4420,-0.2218116315180142,-0.06772341906012208,-0.022655809572355298,-0.1223517255135834,0
CustomerId_4421,2.3831623085747324,0.6647669498835089,-0.0026230920371100885,-0.1566146148105784,1
CustomerId_4422,-0.7055925061066672,-0.2534252027359722,-0.05952138280819968,0.0,0
CustomerId_4423,-0.7055925061066672,-0.2534252027359722,-0.06283348821496383,0.0,0
CustomerId_4424,0.2619692430706388,-0.036773121780813725,-0.027312997785977566,-0.11223272114200296,0
CustomerId_4425,-0.7055925061066672,-0.21215813969689437,-0.05613567505906299,-0.10416942926226382,0
CustomerId_4426,-0.4823090255272889,0.08702806733641968,-0.04774427200517006,-0.15395073207097232,0
CustomerId_4427,-0.2590255449479106,-0.13994077937850824,-0.058759598564643925,-0.1578596247064614,0
CustomerId_4428,1.8621675205561832,-0.10899048209919988,-0.05581844896343735,-0.14649080303857756,1
CustomerId_4429,2.0110231742757687,0.0044939412582640755,-0.05465442791881568,-0.160430803770541,1
CustomerId_443,-0.7055925061066672,-0.21215813969689437,-0.035101597655839416,-0.0813783313649225,0
CustomerId_4430,0.4852527236500171,-0.08835695057966098,-0.05291925269738313,-0.12448974443010288,0
CustomerId_4431,1.564456213117012,0.9536363911570536,-0.00578909679426476,-0.13352723846544562,1
CustomerId_4433,-0.7055925061066672,-0.21215813969689437,-0.05584126568957284,-0.10403357451321088,0
CustomerId_4434,-0.07295597779842868,-0.16057431089804713,-0.06141664312429251,-0.16637195201143695,0
CustomerId_4435,-0.7055925061066672,-0.18120784241758603,-0.06174417354785029,-0.1659524297846735,0
CustomerId_4436,-0.7055925061066672,-0.2534252027359722,-0.06246547650310116,0.0,0
CustomerId_4437,2.0110231742757687,0.3139969140513476,0.014007357221964606,-0.09784671816972386,1
CustomerId_4438,1.4900283862572195,1.2425058324305982,0.3964138471941576,0.03376698589585673,1
CustomerId_444,1.0062475116685665,0.24177955373296142,-0.035021003090941485,-0.13773949326576487,1
CustomerId_4440,-0.7055925061066672,-0.22247490545666382,-0.06248019697157566,-0.1604020601308743,0
CustomerId_4442,2.606445789154111,0.03544423853757243,-0.053982806544666286,-0.16130785724039737,1
CustomerId_4443,2.30873448171494,0.32431367981111703,0.010400842445710302,-0.10576913957440798,1
CustomerId_4444,-0.7055925061066672,-0.2534252027359722,-0.06301749407089519,0.0,0
CustomerId_4445,-0.5567368523870817,-0.19152460817735548,-0.05841734767261163,-0.16359108636198932,0
CustomerId_4446,-0.7055925061066672,-0.24310843697620274,-0.06283348821496383,-0.17381180786287367,0
CustomerId_4447,-0.7055925061066672,-0.2534252027359722,-0.06246547650310116,0.0,0
CustomerId_4449,-0.7055925061066672,-0.12962401361873876,-0.048922645506554376,-0.10477277347464915,0
CustomerId_4450,0.4480388102201207,-0.21215813969689437,-0.06174785366496892,-0.1689542434485401,0
CustomerId_4451,0.7085362042293953,-0.20184137393712492,-0.06110383316920922,-0.17147566520616064,0
CustomerId_4453,-0.1845977180881178,0.29336338253180866,10.717502872766099,11.289692818854743,0
CustomerId_4454,-0.5195229389571853,0.10766159885595858,1.4614563018517994,1.3428530451222072,0
CustomerId_4455,0.9318196848087736,-0.16057431089804713,-0.06231459170123745,-0.16720519737994652,1
CustomerId_4456,0.9690335982386701,0.07671130157665022,0.012182019131125694,-0.005205587191661906,1
CustomerId_4457,-0.7055925061066672,-0.2534252027359722,-0.06301749407089519,0.0,0
CustomerId_4458,-0.7055925061066672,-0.21215813969689437,-0.05584126568957284,-0.10403357451321088,0
CustomerId_4459,-0.7055925061066672,-0.2534252027359722,-0.06283348821496383,0.0,0
CustomerId_446,0.8573918579489809,0.0044939412582640755,-0.019040094503304426,-0.11010531860147951,1
CustomerId_4461,-0.33345337180770335,-0.24310843697620274,-0.06080942379971908,-0.15552494187444987,0
CustomerId_4462,1.0806753385283592,-0.24310843697620274,-0.03376056297781179,0.2650729758592974,1
CustomerId_4465,-0.7055925061066672,-0.2534252027359722,-0.06283348821496383,0.0,0
CustomerId_4466,0.5224666370799135,-0.1502575451382777,-0.018967964207779343,0.01926726483707452,0
CustomerId_4468,-0.7055925061066672,-0.2534252027359722,-0.06283348821496383,0.0,0
CustomerId_4469,-0.03574206436853229,-0.06772341906012208,-0.044800914333692314,-0.11067947456125028,0
CustomerId_447,-0.7055925061066672,-0.22247490545666382,-0.05988939452006237,-0.10551907489742213,0
CustomerId_4471,-0.37066728523759973,0.025127472777802976,-0.050468294696377654,-0.1568129364710719,0
CustomerId_4472,0.671322290799499,0.344947211330656,-0.04071598433201652,-0.1527556181708754,1
CustomerId_4473,2.4948040488644216,0.5615992922858144,0.037468619069607335,-0.06031651763067225,1
CustomerId_4476,-0.7055925061066672,-0.1502575451382777,0.47115150569779085,2.8237459184886036,0
CustomerId_4477,-0.7055925061066672,-0.2534252027359722,-0.06294389172852265,0.0,0
CustomerId_448,-0.6683785926767708,1.3456734900282925,0.03290917476665579,-0.10415946214702934,0
CustomerId_4481,-0.7055925061066672,-0.2534252027359722,-0.05952138280819968,0.0,0
CustomerId_4482,0.8946057713788773,-0.22247490545666382,-0.06211586537683161,-0.16838088574510673,1
CustomerId_4483,-0.7055925061066672,-0.2327916712164333,-0.06182145600734146,-0.13999346403203664,0
CustomerId_4484,-0.03574206436853229,-0.12962401361873876,-0.044800914333692314,-0.09042731856684832,0
CustomerId_4485,0.671322290799499,-0.16057431089804713,0.42922761148239386,1.111677531614594,0
CustomerId_4486,0.8573918579489809,0.7988849047605118,0.11123605149608576,0.09170852679419207,1
CustomerId_4487,-0.4823090255272889,-0.17089107665781658,-0.048481031452319155,-0.106948641494631,0
CustomerId_4488,-0.7055925061066672,-0.20184137393712492,-0.05584126568957284,-0.11211881294876389,0
CustomerId_4489,-0.7055925061066672,-0.2534252027359722,-0.06283348821496383,0.0,0
CustomerId_449,-0.11016989122832506,-0.09867371633943042,-0.04112079721506547,-0.09607792759624438,0
CustomerId_4490,-0.5195229389571853,-0.11930724785896933,-0.05628287974380806,-0.145956356738427,0
CustomerId_4492,-0.4823090255272889,-0.16057431089804713,-0.048481031452319155,-0.11060517497886908,0
CustomerId_4493,-0.7055925061066672,-0.2534252027359722,-0.06283348821496383,0.0,0
CustomerId_4494,-0.7055925061066672,-0.2534252027359722,-0.05952138280819968,0.0,0
CustomerId_4495,-0.7055925061066672,-0.24310843697620274,-0.06285188880055698,-0.16613132414773568,0
CustomerId_4497,-0.7055925061066672,-0.2534252027359722,-0.05952138280819968,0.0,0
CustomerId_4498,-0.7055925061066672,-0.2534252027359722,-0.06283348821496383,0.0,0
CustomerId_4499,-0.7055925061066672,-0.20184137393712492,-0.048481031452319155,-0.07210438663156038,0
CustomerId_450,-0.7055925061066672,-0.2327916712164333,-0.06229987123276295,-0.16562822249985815,0
CustomerId_4500,-0.7055925061066672,-0.22247490545666382,-0.056209277401435526,-0.0773698979151406,0
CustomerId_4501,1.7505257802664942,-0.08835695057966098,-0.057000502581940296,-0.16127631756199068,1
CustomerId_4502,-0.29623945837780696,1.1083878775535954,-0.0066706688500318195,-0.12534048203792159,0
CustomerId_4504,-0.29623945837780696,-0.1502575451382777,-0.058991445943117414,-0.15734007738871544,0
CustomerId_4505,2.3459483951448363,0.22114602221342253,-0.03887997390153359,-0.14164076566663616,1
CustomerId_4507,-0.7055925061066672,-0.2534252027359722,-0.06283348821496383,0.0,0
CustomerId_4510,0.6341083773696026,0.06639453581688078,0.03835133196168116,-0.019726209657868976,1
CustomerId_4512,-0.7055925061066672,-0.1502575451382777,-0.05991883545701138,-0.16102915891944125,0
CustomerId_4513,-0.7055925061066672,-0.2534252027359722,-0.06283348821496383,0.0,0
CustomerId_4517,-0.7055925061066672,-0.19152460817735548,-0.06154544722344445,-0.1712879805814896,0
CustomerId_4518,1.4156005593974266,1.448841147625987,0.03295278415451152,-0.14400673130249744,1
CustomerId_4519,-0.4450951120973925,-0.24310843697620274,-0.06209746479123847,-0.16649706146750415,0
CustomerId_452,-0.7055925061066672,-0.2534252027359722,-0.06283348821496383,0.0,0
CustomerId_4520,-0.7055925061066672,-0.2327916712164333,-0.06176625425056206,-0.16126963047631118,0
CustomerId_4524,-0.7055925061066672,-0.21215813969689437,-0.05584126568957284,-0.10403357451321088,0
CustomerId_4525,2.532017962294318,0.6544501841237395,0.04043795836794258,-0.1230013694782374,1
CustomerId_4526,1.9738092608458724,0.7163507786823562,-0.03476230925808761,-0.16428336762689177,1
CustomerId_4527,0.5968944639397062,-0.16057431089804713,-0.044800914333692314,-0.10730524759125912,0
CustomerId_4528,0.8201779445190845,-0.21215813969689437,-0.06210482502547572,-0.1619895844842278,1
CustomerId_453,1.8993814339860795,0.0044939412582640755,0.014080959564337144,0.02847071483962021,1
CustomerId_4531,-0.7055925061066672,-0.2534252027359722,-0.06283348821496383,0.0,0
CustomerId_4532,-0.7055925061066672,-0.2534252027359722,-0.06301749407089519,0.0,0
CustomerId_4533,-0.7055925061066672,-0.21215813969689437,-0.05584126568957284,-0.10403357451321088,0
CustomerId_4534,-0.7055925061066672,-0.2534252027359722,-0.06246547650310116,0.0,0
CustomerId_4537,-0.7055925061066672,-0.24310843697620274,-0.06246547650310116,-0.17381180786287367,0
CustomerId_4538,0.4852527236500171,-0.21215813969689437,-0.050486695281970785,-0.0888910989980174,0
CustomerId_4539,-0.1845977180881178,-0.16057431089804713,-0.048481031452319155,-0.11004332719278538,0
CustomerId_4540,1.7877396936963905,0.25209631949273087,-0.023199362870776483,-0.132790628571826,1
CustomerId_4541,-0.7055925061066672,-0.16057431089804713,-0.03744068009643863,-0.1169425620570167,0
CustomerId_4542,0.00147184906136409,-0.07804018481989153,-0.04287768512749793,-0.12139659377112251,0
CustomerId_4543,0.5968944639397062,-0.026456356021044274,-0.02640032874055811,-0.11346475146667374,0
CustomerId_4544,-0.7055925061066672,-0.18120784241758603,-0.04922441511028178,-0.12258017542507042,0
CustomerId_4545,-0.6683785926767708,-0.22247490545666382,-0.06246547650310116,-0.17381180786287367,0
CustomerId_4546,-0.7055925061066672,-0.22247490545666382,-0.058231869769832835,-0.14666728958112155,0
CustomerId_4547,-0.2218116315180142,-0.19152460817735548,-0.05584126568957284,-0.10639207129582633,0
CustomerId_4548,0.8201779445190845,0.014810707018033525,-0.05678889584761925,-0.16451309120615784,1
CustomerId_4549,-0.4450951120973925,0.13861189613526692,-0.06115940293770049,-0.16111188978739893,0
CustomerId_455,-0.7055925061066672,-0.2534252027359722,-0.0613614413675131,0.0,0
CustomerId_4550,0.8573918579489809,0.09734483309618913,0.03617380666258966,0.02170824311789571,1
CustomerId_4552,-0.7055925061066672,-0.20184137393712492,-0.06853766974883545,-0.13491046712674873,0
CustomerId_4553,-0.7055925061066672,-0.2534252027359722,-0.06301749407089519,0.0,0
CustomerId_4554,-0.2590255449479106,0.4790651662076588,-0.027484123231993715,-0.13722085251889524,0
CustomerId_4555,2.4948040488644216,0.42748133740881156,0.050882130750605555,-0.09250316482409783,1
CustomerId_4557,-0.7055925061066672,-0.21215813969689437,-0.05584126568957284,-0.10403357451321088,0
CustomerId_456,2.1598788279953545,0.13861189613526692,-0.014623953960952217,-0.08859315724974741,1
CustomerId_4560,-0.7055925061066672,-0.21215813969689437,-0.05584126568957284,-0.10403357451321088,0
CustomerId_4561,2.606445789154111,0.3655807428501949,0.02995183265012726,-0.03299309565989546,1
CustomerId_4562,2.5692318757242143,1.4178908503466787,-0.039766514115410795,-0.1669922804884474,1
CustomerId_4565,0.2991831565005352,1.4591579133857564,0.08663465256392125,-0.11713041548933327,1
CustomerId_4567,0.33639706993043156,0.11797836461572803,0.017761076682963985,-0.08462701442186116,0
CustomerId_4568,2.606445789154111,0.344947211330656,-0.04945184634821292,-0.1668343852306134,1
CustomerId_4569,2.2715205682850432,0.5203322292467366,0.013471256160708642,-0.12677904420362063,1
CustomerId_457,0.7457501176592918,0.06639453581688078,-0.012140426923446895,-0.08054777857292593,1
CustomerId_4572,-0.7055925061066672,-0.2534252027359722,-0.06283348821496383,0.0,0
CustomerId_4573,-0.6311646792468745,-0.20184137393712492,-0.03376608315348973,-0.010526523148036038,0
CustomerId_4576,-0.37066728523759973,-0.2327916712164333,-0.06320149992682653,-0.16485310972961473,0
CustomerId_4577,1.7133118668365976,0.9536363911570536,0.039479839876108085,-0.12181217384059866,1
CustomerId_4578,-0.5195229389571853,0.43779810316858103,0.03101170638029179,-0.05673333549557326,0
CustomerId_4579,0.671322290799499,-0.13994077937850824,-0.05732067277126083,-0.1582301441049381,0
CustomerId_4581,-0.7055925061066672,-0.17089107665781658,-0.06139272236302143,-0.1635848291241361,0
CustomerId_4583,1.6760979534067013,-0.016139590261274823,-0.05605839259957182,-0.15850019012509475,1
CustomerId_4584,-0.2590255449479106,-0.06772341906012208,-0.04796949517283003,-0.12983419008876296,0
CustomerId_4585,2.5692318757242143,3.481244002300569,0.1940526711102405,-0.12638341700819924,1
CustomerId_4587,0.37361098336032794,0.12829513037549747,-0.055914868031945376,-0.16742971037841933,0
CustomerId_4588,-0.7055925061066672,-0.22247490545666382,-0.06247283673733841,-0.16042988632437313,0
CustomerId_4589,0.8201779445190845,-0.16057431089804713,-0.044800914333692314,-0.10730524759125912,1
CustomerId_4590,-0.33345337180770335,-0.1502575451382777,-0.0389311275294825,-0.0429265966705198,0
CustomerId_4591,0.5968944639397062,-0.11930724785896933,-0.044629788887676165,-0.10043076182889125,0
CustomerId_4592,-0.7055925061066672,-0.2327916712164333,0.01187288929316104,1.008736345727305,0
CustomerId_4593,-0.7055925061066672,-0.2534252027359722,-0.0613614413675131,0.0,0
CustomerId_4595,-0.7055925061066672,-0.2534252027359722,-0.06301749407089519,0.0,0
CustomerId_4596,-0.7055925061066672,-0.2534252027359722,-0.05768132424888626,0.0,0
CustomerId_4598,-0.03574206436853229,-0.20184137393712492,-0.06108175246649746,-0.16202439419800072,0
CustomerId_46,-0.7055925061066672,-0.2327916712164333,-0.03744068009643863,-0.11408715364114747,0
CustomerId_4600,1.0806753385283592,-0.036773121780813725,-0.03192050441849837,-0.11879047871214637,1
CustomerId_4601,-0.7055925061066672,-0.24310843697620274,-0.048481031452319155,-0.17381180786287367,0
CustomerId_4602,2.4948040488644216,0.5100154634869671,0.06654434119576953,-0.04403796862633917,1
CustomerId_4603,-0.7055925061066672,-0.2534252027359722,-0.0613614413675131,0.0,0
CustomerId_4604,0.1503275027809496,-0.11930724785896933,-0.05974218983531729,-0.16743265510531757,0
CustomerId_4605,1.4528144728273231,-0.09867371633943042,-0.0288531268001229,-0.04187309739862599,1
CustomerId_4608,-0.7055925061066672,-0.24310843697620274,-0.06302669436369175,-0.1699715660053047,0
CustomerId_4609,-0.6683785926767708,-0.1502575451382777,-0.06029052728599269,-0.161875432245522,0
CustomerId_4610,-0.6311646792468745,-0.12962401361873876,0.29156179030880097,0.666544492273056,0
CustomerId_4611,-0.6683785926767708,-0.2327916712164333,-0.06312789758445399,-0.15649165813857308,0
CustomerId_4612,-0.7055925061066672,-0.2534252027359722,-0.05952138280819968,0.0,0
CustomerId_4613,0.11311358935105324,0.15924542765480584,0.002510671343374355,-0.01250803997846144,0
CustomerId_4615,0.4480388102201207,-0.036773121780813725,-0.055478774153388095,-0.16174986792633073,0
CustomerId_4616,-0.4078811986674961,-0.11930724785896933,-0.052234750913318535,-0.13156432392535766,0
CustomerId_4617,-0.7055925061066672,-0.19152460817735548,-0.048481031452319155,-0.07536313174710801,0
CustomerId_4619,-0.7055925061066672,-0.20184137393712492,-0.052161148570945996,-0.1064525645664793,0
CustomerId_462,0.7829640310891881,-0.05740665330035263,-0.048076218569270204,-0.12569518940989183,1
CustomerId_4620,-0.7055925061066672,-0.22247490545666382,-0.056393283257366866,-0.1095730903231098,0
CustomerId_4622,-0.37066728523759973,-0.22247490545666382,-0.06292733120148883,-0.14729892539201409,0
CustomerId_4623,-0.7055925061066672,-0.2327916712164333,-0.06284820868343835,-0.1579632656961239,0
CustomerId_4624,1.8249536071262868,0.39653104012950324,-0.03861721353926363,-0.1565060409644631,1
CustomerId_4625,-0.7055925061066672,-0.2534252027359722,-0.06301749407089519,0.0,0
CustomerId_4626,1.7877396936963905,0.045761004297341874,-0.033499274662389285,-0.09833147727090948,1
CustomerId_4627,0.8573918579489809,0.09734483309618913,0.010400842445710302,-0.0814109563733943,1
CustomerId_4629,-0.2218116315180142,-0.13994077937850824,-0.05768316430744557,-0.15248962200845262,0
CustomerId_4630,-0.7055925061066672,-0.2534252027359722,-0.06301749407089519,0.0,0
CustomerId_4632,-0.7055925061066672,-0.2534252027359722,-0.06283348821496383,0.0,0
CustomerId_4633,-0.1845977180881178,-0.12962401361873876,-0.05386872291398885,-0.14504691568409783,0
CustomerId_4634,0.4108248967902243,-0.026456356021044274,-0.050486695281970785,-0.15607553380521033,0
CustomerId_4636,2.4575901354345255,1.0052202199559008,0.03340720133620243,-0.11342012974035437,1
CustomerId_4637,1.1178892519582555,-0.036773121780813725,-0.02640032874055811,-0.10974617178358653,1
CustomerId_4639,-0.4450951120973925,-0.17089107665781658,0.010867481296352186,0.23329392240517977,0
CustomerId_4640,-0.7055925061066672,-0.21215813969689437,-0.05584126568957284,-0.10596186684705346,0
CustomerId_4641,-0.7055925061066672,-0.21215813969689437,-0.05960234538480947,-0.12671520098717864,0
CustomerId_4642,-0.7055925061066672,-0.24310843697620274,-0.06302117418801381,-0.17008128720123522,0
CustomerId_4645,1.6016701265469087,-0.19152460817735548,-0.06487227309868311,-0.07234077285727049,1
CustomerId_4647,-0.7055925061066672,-0.2327916712164333,-0.06304509494928488,-0.1607361658579166,0
CustomerId_4648,-0.7055925061066672,-0.2534252027359722,-0.06283348821496383,0.0,0
CustomerId_4649,-0.7055925061066672,-0.24310843697620274,-0.06283348821496383,-0.17381180786287367,0
CustomerId_4650,-0.7055925061066672,-0.2534252027359722,-0.06246547650310116,0.0,0
CustomerId_4651,2.532017962294318,-0.09867371633943042,-0.0470358494598344,-0.09685445034547109,1
CustomerId_4652,-0.7055925061066672,-0.2534252027359722,-0.06283348821496383,0.0,0
CustomerId_4653,-0.593950765816978,-0.20184137393712492,-0.060261086349043674,-0.16261275833734104,0
CustomerId_4654,-0.7055925061066672,-0.20184137393712492,-0.05810085760040972,-0.13738613344607098,0
CustomerId_4655,0.9690335982386701,-0.036773121780813725,-0.03376056297781179,-0.11485611404616694,1
CustomerId_4657,0.6341083773696026,-0.016139590261274823,-0.039230873068794664,-0.06477898461666748,0
CustomerId_4658,-0.593950765816978,-0.2327916712164333,-0.062464004456253705,-0.16081429593901297,0
CustomerId_4659,-0.593950765816978,-0.12962401361873876,-0.058078776897697956,-0.15870327272406623,0
CustomerId_466,-0.7055925061066672,-0.2534252027359722,-0.05952138280819968,0.0,0
CustomerId_4660,0.8201779445190845,-0.17089107665781658,-0.060888546317769555,-0.16494639256692958,1
CustomerId_4663,-0.4823090255272889,0.025127472777802976,-0.015033182984543522,-0.10122966316299976,0
CustomerId_4664,1.4156005593974266,-0.1502575451382777,-0.05948826175413204,-0.13742657723630958,1
CustomerId_4665,-0.7055925061066672,-0.19152460817735548,-0.051609131003151974,-0.07848594602542491,0
CustomerId_4666,2.3459483951448363,0.17987895917434474,-0.05322470241822916,-0.16594121443672596,1
CustomerId_4667,0.7085362042293953,-0.16057431089804713,-0.05627919962668943,-0.13932061924457534,1
CustomerId_4669,-0.6683785926767708,-0.22247490545666382,-0.0613614413675131,-0.16863950108404802,0
CustomerId_467,-0.7055925061066672,-0.2534252027359722,-0.0613614413675131,0.0,0
CustomerId_4670,-0.7055925061066672,-0.20184137393712492,-0.007263719723698535,0.2241623847190261,0
CustomerId_4671,-0.4823090255272889,-0.19152460817735548,-0.0330326358117474,0.07279427689374238,0
CustomerId_4672,1.5272422996871158,-0.036773121780813725,0.22568769388538054,0.41943709263176143,1
CustomerId_4673,-0.7055925061066672,-0.22247490545666382,-0.06246547650310116,-0.17381180786287367,0
CustomerId_4674,-0.7055925061066672,-0.2327916712164333,-0.0633891858998765,-0.16592204766679927,0
CustomerId_4677,-0.7055925061066672,-0.2534252027359722,-0.06283348821496383,0.0,0
CustomerId_4678,-0.7055925061066672,-0.24310843697620274,-0.06264948235903249,-0.1701544346651889,0
CustomerId_468,0.11311358935105324,-0.19152460817735548,-0.01656447971760415,0.06545312083174004,0
CustomerId_4680,0.038685762491260475,-0.07804018481989153,-0.0350316754305855,-0.07782141384914569,0
CustomerId_4682,-0.2590255449479106,-0.20184137393712492,-0.06069902028616027,-0.15347821624083158,0
CustomerId_4683,-0.37066728523759973,-0.24310843697620274,-0.06283348821496383,-0.17381180786287367,0
CustomerId_4684,-0.7055925061066672,-0.2327916712164333,-0.06320886016106378,-0.16346650468730506,0
CustomerId_4685,-0.7055925061066672,-0.2327916712164333,-0.06284820868343835,-0.1579632656961239,0
CustomerId_4686,0.2991831565005352,-0.08835695057966098,-0.04112079721506547,-0.0986879337182425,0
CustomerId_4687,-0.7055925061066672,-0.24310843697620274,-0.06246547650310116,-0.17381180786287367,0
CustomerId_4688,-0.7055925061066672,-0.21215813969689437,-0.06007340037599371,-0.14248837608778034,0
CustomerId_4689,0.33639706993043156,0.06639453581688078,-0.05658464934753546,-0.16530312105646067,0
CustomerId_4691,-0.6683785926767708,-0.2327916712164333,-0.06209746479123847,-0.17381180786287367,0
CustomerId_4693,-0.7055925061066672,-0.2327916712164333,-0.06172945307937579,-0.09346050343881589,0
CustomerId_4694,-0.5195229389571853,-0.16057431089804713,-0.06154912734056307,-0.16761070311448975,0
CustomerId_4697,1.5272422996871158,0.13861189613526692,-0.032260915251971355,-0.11406899947064954,1
CustomerId_4698,-0.33345337180770335,-0.21215813969689437,-0.06022060506073878,-0.14998941833056098,0
CustomerId_470,1.9738092608458724,-0.06772341906012208,-0.01591199495247161,-0.058090783161963644,1
CustomerId_4701,0.7457501176592918,-0.13994077937850824,-0.05365159600398987,-0.14750540270340662,1
CustomerId_4702,-0.4450951120973925,-0.17089107665781658,-0.048481031452319155,-0.106948641494631,0
CustomerId_4703,-0.6683785926767708,0.05607777005711133,0.02306780556802389,-0.061569263936953535,0
CustomerId_4704,0.8201779445190845,0.06639453581688078,-0.05992234628874255,-0.14211571700197373,1
CustomerId_4706,-0.7055925061066672,-0.2534252027359722,-0.015359977384677585,0.0,0
CustomerId_4708,0.37361098336032794,0.26241308525250034,-0.002384620447823069,-0.0843359822989063,0
CustomerId_4709,-0.7055925061066672,-0.20184137393712492,-0.056209277401435526,-0.09491646648124456,0
CustomerId_471,1.3039588191077376,0.64413341836397,-0.02417275384865328,-0.13717470475464721,1
CustomerId_4710,1.7877396936963905,0.045761004297341874,-0.019481708557539647,-0.09389969410411,1
CustomerId_4711,2.5692318757242143,2.7590703991167076,0.7189786887237833,0.07301311400202609,1
CustomerId_4712,-0.03574206436853229,-0.08835695057966098,-0.04494811901843739,-0.10762220877060183,0
CustomerId_4713,0.038685762491260475,-0.04708988754058317,-0.04579454595572156,-0.14552552362370372,0
CustomerId_4714,-0.7055925061066672,-0.2534252027359722,-0.06283348821496383,0.0,0
CustomerId_4715,-0.7055925061066672,-0.21215813969689437,-0.056209277401435526,-0.10464972991784459,0
CustomerId_4716,-0.7055925061066672,-0.2534252027359722,-0.05952138280819968,0.0,0
CustomerId_4717,-0.7055925061066672,-0.2534252027359722,-0.05952138280819968,0.0,0
CustomerId_4719,0.8201779445190845,-0.04708988754058317,-0.02640032874055811,-0.10896958155268048,1
CustomerId_4721,-0.7055925061066672,-0.2327916712164333,-0.06287028938615011,-0.15788647771598416,0
CustomerId_4722,1.0806753385283592,0.37589750860996435,-0.034676912140349875,-0.1543733766051961,1
CustomerId_4725,0.8573918579489809,-0.026456356021044274,-0.02640032874055811,-0.11060963636111457,1
CustomerId_4727,-0.6683785926767708,-0.22247490545666382,-0.058049335960748946,-0.09435332342117657,0
CustomerId_4728,1.4156005593974266,0.24177955373296142,-0.001214527209955665,-0.042879194491096485,1
CustomerId_473,-0.7055925061066672,-0.2327916712164333,-0.06209746479123847,-0.17381180786287367,0
CustomerId_4730,-0.7055925061066672,-0.21215813969689437,-0.06116639516022588,-0.14998396113197268,0
CustomerId_4732,-0.29623945837780696,0.32431367981111703,-0.031648175751719985,-0.14180492950692655,0
CustomerId_4734,-0.593950765816978,-0.22247490545666382,-0.06248387708869429,-0.16038786972424512,0
CustomerId_4737,-0.7055925061066672,-0.18120784241758603,-0.051609131003151974,-0.12076188293907512,0
CustomerId_4738,1.638884039976805,-0.04708988754058317,-0.054332417670935836,-0.15715194808411198,1
CustomerId_474,-0.2590255449479106,-0.13994077937850824,-0.055289248121778815,-0.14206988954178082,0
CustomerId_4740,-0.6683785926767708,-0.19152460817735548,-0.06192817940378163,-0.16387113171668544,0
CustomerId_4741,0.8573918579489809,0.045761004297341874,-0.007999743147423903,-0.10975464993321206,1
CustomerId_4742,-0.4450951120973925,-0.19152460817735548,-0.0592637746098958,-0.1482243810602949,0
CustomerId_4744,-0.7055925061066672,-0.24310843697620274,-0.06264948235903249,-0.1701544346651889,0
CustomerId_4746,-0.7055925061066672,-0.18120784241758603,-0.050689101723495264,-0.12113692650458108,0
CustomerId_4748,2.30873448171494,1.0052202199559008,-0.036522490875341235,-0.16722760822102006,1
CustomerId_4749,-0.7055925061066672,-0.19152460817735548,-0.06117743551158176,-0.16443620563057054,0
CustomerId_4750,-0.7055925061066672,-0.2534252027359722,-0.05952138280819968,0.0,0
CustomerId_4753,0.1503275027809496,0.19019572493411419,-0.05712010638829567,-0.16239328067562842,0
CustomerId_4754,-0.7055925061066672,-0.2327916712164333,-0.06335974496292747,-0.1654740664481018,0
CustomerId_4755,-0.7055925061066672,-0.2534252027359722,-0.0613614413675131,0.0,0
CustomerId_4756,-0.7055925061066672,-0.24310843697620274,-0.05952138280819968,-0.17381180786287367,0
CustomerId_4757,0.8573918579489809,-0.09867371633943042,-0.05887000207820273,-0.16387121597852367,1
CustomerId_4759,2.420376222004629,0.22114602221342253,-0.05628471980236737,-0.16881897373827787,1
CustomerId_476,-0.7055925061066672,-0.21215813969689437,-0.05584126568957284,-0.10403357451321088,0
CustomerId_4763,-0.7055925061066672,-0.2534252027359722,-0.0613614413675131,0.0,0
CustomerId_4766,-0.5195229389571853,-0.16057431089804713,-0.05640248355016343,-0.14756339138748878,0
CustomerId_4768,0.07589967592115686,0.07671130157665022,-0.05400488724737804,-0.16390421498259958,0
CustomerId_4769,-0.7055925061066672,-0.2534252027359722,-0.015359977384677585,0.0,0
CustomerId_4770,-0.7055925061066672,-0.20184137393712492,-0.056209277401435526,-0.09491646648124456,0
CustomerId_4772,-0.7055925061066672,-0.2534252027359722,-0.06301749407089519,0.0,0
CustomerId_4773,-0.593950765816978,-0.22247490545666382,-0.05731331253702358,-0.16186687701852842,0
CustomerId_4774,2.420376222004629,0.5409657607662756,0.12448447312314238,-0.08318586650045647,1
CustomerId_4775,1.638884039976805,0.64413341836397,0.006025183191662988,-0.11325056776030402,1
CustomerId_4776,-0.6311646792468745,-0.22247490545666382,-0.06267156306174426,-0.16869427271483367,0
CustomerId_4777,-0.6683785926767708,-0.16057431089804713,-0.06025740623192505,-0.16602466567383017,0
CustomerId_4779,-0.7055925061066672,-0.21215813969689437,-0.05584126568957284,-0.10403357451321088,0
CustomerId_478,-0.7055925061066672,-0.21215813969689437,-0.05613567505906299,-0.10416942926226382,0
CustomerId_4781,0.2619692430706388,-0.07804018481989153,-0.06606315899827075,-0.14089528825530065,0
CustomerId_4782,0.9318196848087736,0.4893819319674283,-0.030518379796301544,-0.15659126926017125,1
CustomerId_4784,-0.7055925061066672,-0.2534252027359722,-0.06283348821496383,0.0,0
CustomerId_4785,2.4948040488644216,0.9949034541961314,-0.013510718532567599,-0.16041449287365186,1
CustomerId_4786,-0.7055925061066672,-0.2534252027359722,-0.06301749407089519,0.0,0
CustomerId_4787,-0.4823090255272889,-0.19152460817735548,-0.06046901296624609,-0.1615866063007015,0
CustomerId_4788,-0.7055925061066672,-0.20184137393712492,-0.056209277401435526,-0.09491646648124456,0
CustomerId_4789,-0.7055925061066672,-0.2534252027359722,-0.06301749407089519,0.0,0
CustomerId_4790,-0.7055925061066672,-0.2534252027359722,-0.05952138280819968,0.0,0
CustomerId_4791,1.564456213117012,0.24177955373296142,-0.04430777863979632,-0.15303256544643065,1
CustomerId_4792,-0.7055925061066672,-0.2534252027359722,-0.05952138280819968,0.0,0
CustomerId_4794,-0.7055925061066672,0.14892866189503637,-0.049056969781384255,-0.14086560576082124,0
CustomerId_4796,-0.4078811986674961,-0.22247490545666382,-0.06265316247615112,-0.17117393140567258,0
CustomerId_4799,-0.7055925061066672,-0.20184137393712492,-0.06210482502547572,-0.16513177912171895,0
CustomerId_480,-0.03574206436853229,-0.12962401361873876,-0.04112079721506547,-0.07866962184651102,0
CustomerId_4801,2.2715205682850432,2.3051327056868516,0.012229860653667842,-0.16464810025725377,1
CustomerId_4803,-0.7055925061066672,-0.18120784241758603,-0.055473253977710156,-0.14406702838957272,0
CustomerId_4805,0.07589967592115686,-0.08835695057966098,-0.03376056297781179,-0.10861563431222566,0
CustomerId_4806,0.9318196848087736,-0.016139590261274823,-0.0378408928330893,-0.06941484156494511,1
CustomerId_4808,-0.7055925061066672,-0.2327916712164333,-0.0359686332489879,0.3223343788146491,0
CustomerId_4809,2.532017962294318,0.14892866189503637,-0.006717590343294312,-0.09207201289891527,1
CustomerId_4812,2.420376222004629,0.37589750860996435,0.05619842794017389,-0.024861085600532722,1
CustomerId_4813,2.4948040488644216,0.9949034541961314,0.0068774983163369646,-0.1348796641308729,1
CustomerId_4814,1.6760979534067013,0.5719160580455839,0.0007088860020946536,-0.11315821462739706,1
CustomerId_4815,-0.7055925061066672,-0.19152460817735548,-0.04884904316418184,-0.07624703001672319,0
CustomerId_4816,0.22475532964074238,-0.06772341906012208,-0.05872647751057628,-0.14203642547628428,0
CustomerId_4817,2.3831623085747324,1.655176462821376,0.08573063179373057,-0.13505138044827839,1
CustomerId_4818,-0.03574206436853229,-0.09867371633943042,-0.022296262129865456,-0.09647965729804414,0
CustomerId_482,-0.7055925061066672,-0.2534252027359722,-0.05952138280819968,0.0,0
CustomerId_4822,0.00147184906136409,-0.09867371633943042,-0.06044877232209365,-0.1679382896888259,0
CustomerId_4823,-0.7055925061066672,-0.24310843697620274,-0.06228147064716981,-0.16283968826981937,0
CustomerId_4824,1.3783866459675302,0.6854004814030479,0.1403089767332378,-0.09033779718438484,1
CustomerId_4825,-0.7055925061066672,-0.2534252027359722,-0.06283348821496383,0.0,0
CustomerId_4826,-0.7055925061066672,-0.2534252027359722,-0.05952138280819968,0.0,0
CustomerId_4827,2.30873448171494,0.7679346074812035,-0.024468267253279018,-0.15423202053085966,1
CustomerId_4828,-0.6311646792468745,-0.1502575451382777,-0.059318976366675207,-0.16035025332972455,0
CustomerId_483,2.5692318757242143,0.6028663553248922,-0.028917528849698868,-0.15617693752446365,1
CustomerId_4830,-0.7055925061066672,-0.2534252027359722,-0.06246547650310116,0.0,0
CustomerId_4831,-0.7055925061066672,-0.2534252027359722,-0.06283348821496383,0.0,0
CustomerId_4832,1.1178892519582555,-0.04708988754058317,-0.03339255126594911,-0.1134010613556723,1
CustomerId_4833,1.0806753385283592,0.22114602221342253,0.010957018545848372,-0.08364895156969994,1
CustomerId_4834,1.3783866459675302,0.5306489950065061,0.045565833561037224,-0.0943468201076596,1
CustomerId_4835,-0.4823090255272889,-0.16057431089804713,-0.04884904316418184,-0.10367834560969144,0
CustomerId_4836,-0.7055925061066672,-0.2534252027359722,-0.06246547650310116,0.0,0
CustomerId_4837,0.07589967592115686,-0.13994077937850824,-0.048481031452319155,-0.11486593688463907,0
CustomerId_4838,-0.7055925061066672,-0.2534252027359722,-0.06246547650310116,0.0,0
CustomerId_4839,-0.5567368523870817,-0.08835695057966098,-0.05917581981076062,-0.16060551682746077,0
CustomerId_4840,1.1178892519582555,4.2137343712442,0.27741770177741293,-0.0959086238362432,1
CustomerId_4841,-0.4823090255272889,1.149654940592673,0.004509710962212455,-0.1373819239532472,0
CustomerId_4843,-0.29623945837780696,0.12829513037549747,-0.047476727490645895,-0.15940979002839617,0
CustomerId_4845,-0.7055925061066672,-0.24310843697620274,-0.0627598858725913,-0.17381180786287367,0
CustomerId_4846,2.420376222004629,1.6345429313018371,0.20807170926193758,-0.08899403174007478,1
CustomerId_4847,0.8201779445190845,0.0044939412582640755,-0.02640032874055811,-0.11379933115011445,1
CustomerId_4848,-0.5195229389571853,-0.20184137393712492,-0.05033581048010709,-0.03573533057586028,0
CustomerId_485,0.8573918579489809,-0.026456356021044274,-0.05792421197871563,-0.1669067310319983,1
CustomerId_4851,-0.4078811986674961,-0.20184137393712492,-0.06648416439664166,-0.05905139219562155,0
CustomerId_4854,0.038685762491260475,-0.12962401361873876,-0.044800914333692314,-0.07660122674902425,0
CustomerId_4855,-0.593950765816978,-0.22247490545666382,-0.0626770832374222,-0.16865514943210919,0
CustomerId_4856,-0.593950765816978,-0.17089107665781658,-0.06138168201166555,-0.1689266165151091,0
CustomerId_4857,-0.7055925061066672,-0.20184137393712492,-0.05584126568957284,-0.11083131750309565,0
CustomerId_4858,1.341172732537634,0.4687484004478894,0.008613777572905108,-0.09662559843735742,1
CustomerId_4859,-0.7055925061066672,-0.2534252027359722,0.010400842445710302,0.0,0
CustomerId_4861,1.1923170788180484,0.5100154634869671,-0.03496212121704346,-0.15601827246880365,1
CustomerId_4863,-0.7055925061066672,-0.2327916712164333,-0.0633891858998765,-0.16592204766679927,0
CustomerId_4864,-0.6683785926767708,0.045761004297341874,-0.0261795217134405,-0.14093079931845215,0
CustomerId_4865,-0.7055925061066672,-0.2327916712164333,-0.06209746479123847,-0.09170398321503644,0
CustomerId_4866,-0.7055925061066672,-0.22247490545666382,-0.05952138280819968,-0.10390589236919377,0
CustomerId_4867,1.9738092608458724,0.23146278797319197,-0.013913691357057237,-0.12280841705788055,1
CustomerId_4868,-0.7055925061066672,-0.2534252027359722,-0.06283348821496383,0.0,0
CustomerId_487,-0.7055925061066672,-0.2534252027359722,-0.0613614413675131,0.0,0
CustomerId_4870,1.2295309922479447,-0.08835695057966098,-0.05846408516001819,-0.16403536845291825,1
CustomerId_4872,-0.7055925061066672,-0.19152460817735548,-0.05584126568957284,-0.09973913249387724,0
CustomerId_4873,2.420376222004629,1.7377105888995317,0.25889486269359796,-0.034631529870673784,1
CustomerId_4875,-0.7055925061066672,-0.24310843697620274,-0.05952138280819968,-0.17381180786287367,0
CustomerId_4876,-0.7055925061066672,-0.2534252027359722,-0.0613614413675131,0.0,0
CustomerId_4877,2.122664914565458,-0.10899048209919988,-0.02961859116079728,-0.044389139003388554,1
CustomerId_4878,0.07589967592115686,1.8511950122569956,18.633618800788366,4.806479318515712,1
CustomerId_4879,-0.5195229389571853,-0.18120784241758603,-0.062482037030134975,-0.1676010117159711,0
CustomerId_488,0.4480388102201207,-0.1502575451382777,-0.03870958447894117,-0.097931653456317,0
CustomerId_4880,-0.7055925061066672,-0.20184137393712492,-0.056209277401435526,-0.09491646648124456,0
CustomerId_4882,2.5692318757242143,0.850468733559359,-0.0037090945988168694,-0.12917490504660706,1
CustomerId_4884,-0.7055925061066672,-0.2534252027359722,-0.06301749407089519,0.0,0
CustomerId_4887,-0.37066728523759973,-0.21215813969689437,0.0039606374881133305,0.24222946469362203,0
CustomerId_4888,1.4528144728273231,1.1393381748329037,0.35635393229934514,0.014853376461170596,1
CustomerId_4889,0.11311358935105324,-0.16057431089804713,0.11826985934491724,0.3789120135321032,0
CustomerId_489,-0.7055925061066672,-0.2534252027359722,-0.044800914333692314,0.0,0
CustomerId_4891,-0.2218116315180142,-0.036773121780813725,-0.043752080954883664,-0.12447618676905774,0
CustomerId_4892,0.5968944639397062,-0.026456356021044274,-0.016530254628400923,-0.1128608124926376,0
CustomerId_4893,-0.7055925061066672,-0.2534252027359722,-0.06246547650310116,0.0,0
CustomerId_4894,-0.6683785926767708,-0.2327916712164333,-0.06247283673733841,-0.1677198931322576,0
CustomerId_4895,-0.07295597779842868,-0.026456356021044274,-0.05561125836965866,-0.14663287992094193,0
CustomerId_4896,2.4575901354345255,0.08702806733641968,-0.009177380625384493,-0.11669687255654242,1
CustomerId_4898,1.6016701265469087,-0.06772341906012208,-0.01494780426739138,-0.046902479254334384,1
CustomerId_4900,-0.4450951120973925,-0.16057431089804713,-0.05995931674531627,-0.15631343884517035,0
CustomerId_4901,0.5968944639397062,-0.016139590261274823,-0.020880153062617847,-0.10782173450984277,0
CustomerId_4902,1.155103165388152,-0.2327916712164333,-0.05777332717685193,-0.12079040723113643,1
CustomerId_4903,-0.7055925061066672,-0.22247490545666382,-0.06211218525971298,-0.1582247028804346,0
CustomerId_4904,-0.4823090255272889,-0.18120784241758603,-0.06178097471903656,-0.16808764740770477,0
CustomerId_4906,-0.7055925061066672,-0.2534252027359722,-0.06301749407089519,0.0,0
CustomerId_4908,2.234306654855147,0.7473010759616645,-0.02329228582802181,-0.15227022863876638,1
CustomerId_491,-0.7055925061066672,-0.2327916712164333,-0.06321990051241966,-0.16346288494716935,0
CustomerId_4911,-0.7055925061066672,-0.24310843697620274,-0.06302117418801381,-0.17008128720123522,0
CustomerId_4912,-0.5567368523870817,0.3655807428501949,0.18508348966872312,0.0821852793204629,0
CustomerId_4913,-0.7055925061066672,-0.2534252027359722,-0.05952138280819968,0.0,0
CustomerId_4915,-0.7055925061066672,-0.2327916712164333,-0.06211586537683161,-0.16320752773652622,0
CustomerId_4917,-0.37066728523759973,-0.1502575451382777,-0.052455557940436146,-0.14648121497330366,0
CustomerId_492,-0.4450951120973925,0.13861189613526692,0.4085579392762567,0.7563335612958751,0
CustomerId_4920,2.4575901354345255,0.6234998868444311,0.10313611371798807,-0.07865057034914107,1
CustomerId_4921,-0.6683785926767708,-0.24310843697620274,-0.05768132424888626,-0.13723807588602607,0
CustomerId_4922,-0.7055925061066672,-0.2534252027359722,-0.06246547650310116,0.0,0
CustomerId_4923,-0.6683785926767708,-0.16057431089804713,-0.05564621948228562,-0.1262559780253247,0
CustomerId_4924,-0.11016989122832506,-0.17089107665781658,-0.06185273700284979,-0.16747836567388516,0
CustomerId_4925,-0.6311646792468745,-0.21215813969689437,2.140747040076416,21.883066001851798,0
CustomerId_4926,2.5692318757242143,0.850468733559359,0.06820296998113465,-0.08981429788904903,1
CustomerId_4927,2.4948040488644216,0.43779810316858103,-0.018998877191575808,-0.13598128958194886,1
CustomerId_4928,1.4900283862572195,0.5100154634869671,-0.03434938171679209,-0.15795631133659382,1
CustomerId_4929,-0.4823090255272889,-0.16057431089804713,-0.048481031452319155,-0.11004332719278538,0
CustomerId_493,0.07589967592115686,-0.19152460817735548,-0.051921940958235255,-0.09816288999262515,0
CustomerId_4931,-0.7055925061066672,-0.2534252027359722,-0.06228147064716981,0.0,0
CustomerId_4932,-0.7055925061066672,-0.2534252027359722,-0.05952138280819968,0.0,0
CustomerId_4933,-0.03574206436853229,-0.20184137393712492,-0.06249859755716879,-0.1635767201412598,0
CustomerId_4934,1.1923170788180484,-0.07804018481989153,-0.0551641241397455,-0.16287353172463206,1
CustomerId_4935,-0.7055925061066672,-0.20184137393712492,-0.06820645920815903,-0.15569642330677777,0
CustomerId_4936,-0.6683785926767708,0.09734483309618913,-0.037216192952202395,-0.12970643571785984,0
CustomerId_4938,-0.593950765816978,-0.06772341906012208,-0.053572841497651257,-0.14718655400233746,0
CustomerId_4939,-0.2218116315180142,-0.08835695057966098,-0.011452061016407743,-0.016958455144865842,0
CustomerId_494,-0.7055925061066672,-0.21215813969689437,-0.05584126568957284,-0.10403357451321088,0
CustomerId_4940,0.5596805505098098,-0.05740665330035263,-0.03744068009643863,-0.10126119834881052,0
CustomerId_4941,-0.5567368523870817,-0.1502575451382777,-0.04885272328130047,-0.11487204578682969,0
CustomerId_4942,1.564456213117012,-0.09867371633943042,-0.023180226261759623,-0.09606680777762988,1
CustomerId_4943,2.3459483951448363,1.5313752737041426,0.20780600480597272,-0.08922195534098226,1
CustomerId_4944,-0.07295597779842868,1.562325570983451,0.1668014038468087,-0.0054402627977979835,0
CustomerId_4945,2.3831623085747324,0.3552639770904254,-0.03636220337423944,-0.16136318959988116,1
CustomerId_4946,-0.29623945837780696,0.09734483309618913,-0.04058534017430527,-0.1217890599650522,0
CustomerId_4947,1.1923170788180484,-0.17089107665781658,-0.05865287516820375,-0.1599396077982682,1
CustomerId_4948,-0.7055925061066672,-0.18120784241758603,-0.06044141208785639,-0.17198312126403129,0
CustomerId_4949,-0.29623945837780696,-0.24310843697620274,-0.06172945307937579,-0.15186756867676512,0
CustomerId_495,-0.7055925061066672,-0.2534252027359722,-0.06283348821496383,0.0,0
CustomerId_4951,-0.7055925061066672,-0.2534252027359722,-0.06246547650310116,0.0,0
CustomerId_4953,-0.7055925061066672,-0.24310843697620274,-0.06264212212479524,-0.1615230339186529,0
CustomerId_4954,2.3831623085747324,0.43779810316858103,-0.033125006751424935,-0.15725008335039517,1
CustomerId_4955,-0.7055925061066672,-0.24310843697620274,-0.06246547650310116,-0.17381180786287367,0
CustomerId_4956,-0.7055925061066672,-0.22247490545666382,-0.06211218525971298,-0.1582247028804346,0
CustomerId_4957,-0.7055925061066672,-0.2534252027359722,-0.06283348821496383,0.0,0
CustomerId_4958,1.564456213117012,-0.10899048209919988,-0.05975065410469013,-0.1645212021578039,1
CustomerId_4959,1.638884039976805,-0.05740665330035263,-0.05536285046415135,-0.1623352724557986,1
CustomerId_496,0.8573918579489809,-0.016139590261274823,-0.05542541245516801,-0.13567048522249742,1
CustomerId_4961,-0.4450951120973925,-0.16057431089804713,-0.048481031452319155,-0.11004332719278538,0
CustomerId_4963,-0.7055925061066672,-0.2534252027359722,-0.05952138280819968,0.0,0
CustomerId_4965,-0.7055925061066672,-0.2327916712164333,-0.06248387708869429,-0.1675407191695924,0
CustomerId_4966,-0.7055925061066672,-0.24310843697620274,-0.06338550578275787,-0.16283968826981937,0
CustomerId_4968,-0.7055925061066672,-0.21215813969689437,-0.05584126568957284,-0.10403357451321088,0
CustomerId_4969,-0.6683785926767708,0.4584316346881199,-0.014124930079666418,-0.12129554316577901,0
CustomerId_497,-0.6683785926767708,-0.22247490545666382,-0.06193185952090026,-0.16479976521334805,0
CustomerId_4970,-0.6683785926767708,-0.20184137393712492,-0.06011020154717998,-0.15507977203529286,0
CustomerId_4971,1.1923170788180484,0.32431367981111703,0.08227352977249251,-0.08927923002645421,1
CustomerId_4972,-0.7055925061066672,-0.2534252027359722,-0.03376056297781179,0.0,0
CustomerId_4973,-0.7055925061066672,-0.24310843697620274,-0.06283348821496383,-0.17381180786287367,0
CustomerId_4976,-0.7055925061066672,-0.21215813969689437,-0.056209277401435526,-0.10464972991784459,0
CustomerId_4977,-0.7055925061066672,-0.2534252027359722,-0.06283348821496383,0.0,0
CustomerId_4978,2.606445789154111,0.3655807428501949,0.01890780117712811,-0.10632576411266893,1
CustomerId_4979,-0.6311646792468745,-0.19152460817735548,-0.06059781706539803,-0.15304736496622548,0
CustomerId_498,-0.7055925061066672,-0.16057431089804713,-0.048481031452319155,-0.13129948741614814,0
CustomerId_4980,2.5692318757242143,-0.11930724785896933,-0.03549537018753249,-0.07433780258167308,1
CustomerId_4982,-0.7055925061066672,-0.2534252027359722,-0.06283348821496383,0.0,0
CustomerId_4983,0.00147184906136409,0.344947211330656,-0.03080708498425782,-0.1471336364329897,0
CustomerId_4984,-0.7055925061066672,-0.2534252027359722,-0.0613614413675131,0.0,0
CustomerId_4986,-0.7055925061066672,-0.2534252027359722,-0.05952138280819968,0.0,0
CustomerId_4987,1.638884039976805,0.6131831210846617,-0.03256066079128351,-0.16086289924455793,1
CustomerId_4989,0.00147184906136409,-0.1502575451382777,-0.0423720370353986,-0.09983897625091141,0
CustomerId_4990,0.7085362042293953,0.27272985101226976,-0.015566063943320689,-0.14358506421029293,1
CustomerId_4993,-0.7055925061066672,-0.2534252027359722,-0.0613614413675131,0.0,0
CustomerId_4994,-0.37066728523759973,-0.10899048209919988,-0.058785359384474316,-0.1624630009723963,0
CustomerId_4997,2.3459483951448363,0.6234998868444311,0.18907310463702648,0.039542539159695744,1
CustomerId_4998,1.0806753385283592,-0.016139590261274823,-0.03068214500808044,-0.11594755879506724,1
CustomerId_4999,2.420376222004629,-0.05740665330035263,-0.0025947551352966617,-0.03620041976185922,1
CustomerId_5,-0.7055925061066672,-0.2534252027359722,-0.06688161704545337,0.0,0
CustomerId_500,-0.03574206436853229,-0.18120784241758603,-0.05860135352854297,-0.13157067418998722,0
CustomerId_5000,-0.7055925061066672,-0.21215813969689437,-0.0465673705506332,-0.07984763365295719,0
CustomerId_5001,-0.33345337180770335,-0.19152460817735548,-0.060618793732974206,-0.16458103677401217,0
CustomerId_5002,-0.7055925061066672,-0.20184137393712492,-0.056209277401435526,-0.09491646648124456,0
CustomerId_5003,-0.7055925061066672,-0.2534252027359722,-0.06283348821496383,0.0,0
CustomerId_5004,-0.7055925061066672,-0.2534252027359722,-0.058785359384474316,0.0,0
CustomerId_5006,0.07589967592115686,-0.026456356021044274,-0.03723643359635485,-0.06729352080473386,0
CustomerId_5007,-0.5567368523870817,-0.06772341906012208,-0.027342806734638445,-0.04908638921659579,0
CustomerId_5008,-0.7055925061066672,-0.19152460817735548,-0.06175521389920617,-0.16364414749057374,0
CustomerId_5009,-0.4823090255272889,-0.17089107665781658,-0.048481031452319155,-0.106948641494631,0
CustomerId_501,0.2991831565005352,-0.11930724785896933,-0.050321090011632576,-0.12399381185461258,0
CustomerId_5010,0.37361098336032794,-0.20184137393712492,-0.06268628353021877,-0.16524439000455748,0
CustomerId_5013,1.341172732537634,0.08702806733641968,-0.04770379071686517,-0.1583584105726577,1
CustomerId_5014,2.1970927414252506,-0.07804018481989153,-0.05806405642922345,-0.16781705170162353,1
CustomerId_5015,0.22475532964074238,-0.04708988754058317,-0.03744068009643863,-0.09926357197812848,0
CustomerId_5016,2.420376222004629,-0.016139590261274823,-0.013243910041467152,-0.057035019696195975,1
CustomerId_5018,0.22475532964074238,-0.026456356021044274,-0.03008044585918495,-0.090708079826136,0
CustomerId_5019,0.7829640310891881,0.025127472777802976,-0.04849207180367504,-0.15978135434667906,1
CustomerId_502,-0.7055925061066672,-0.2534252027359722,-0.06246547650310116,0.0,0
CustomerId_5021,-0.37066728523759973,-0.09867371633943042,-0.055613098428217975,-0.1473094846540544,0
CustomerId_5022,2.2715205682850432,-0.016139590261274823,-0.039852996867698526,-0.13116721922092564,1
CustomerId_5024,-0.4823090255272889,-0.20184137393712492,-0.06212322561106886,-0.16289141982182492,0
CustomerId_5026,-0.07295597779842868,-0.10899048209919988,-0.04112079721506547,-0.08499603440609112,0
CustomerId_5027,0.07589967592115686,0.07671130157665022,-0.032776131648579114,-0.13872521611845096,0
CustomerId_5028,-0.7055925061066672,-0.24310843697620274,-0.06302669436369175,-0.1699715660053047,0
CustomerId_5029,-0.6683785926767708,-0.20184137393712492,-0.05596638967160615,-0.13213666482040767,0
CustomerId_503,-0.7055925061066672,-0.18120784241758603,-0.052529160282808685,-0.08674525340904085,0
CustomerId_5030,-0.7055925061066672,-0.2534252027359722,-0.0613614413675131,0.0,0
CustomerId_5031,-0.4823090255272889,-0.016139590261274823,-0.05055821467805418,-0.1503639464130572,0
CustomerId_5032,-0.7055925061066672,-0.20184137393712492,0.0833407637368943,0.14697241794190744,0
CustomerId_5033,0.1503275027809496,-0.13994077937850824,-0.06103391094395531,-0.16767927392684864,0
CustomerId_5034,-0.7055925061066672,-0.2534252027359722,-0.06246547650310116,0.0,0
CustomerId_5035,-0.7055925061066672,-0.24310843697620274,0.04182904263878353,1.9065020669802173,0
CustomerId_5036,-0.7055925061066672,-0.21215813969689437,-0.05584126568957284,-0.10403357451321088,0
CustomerId_5037,-0.6683785926767708,-0.2327916712164333,-0.06320149992682653,-0.16485310972961473,0
CustomerId_5039,-0.7055925061066672,-0.17089107665781658,-0.048481031452319155,-0.08345157718518004,0
CustomerId_504,-0.7055925061066672,-0.2534252027359722,-0.06283348821496383,0.0,0
CustomerId_5040,0.8946057713788773,0.10766159885595858,0.03347628081463618,0.1318060210045188,1
CustomerId_5041,-0.2218116315180142,-0.05740665330035263,-0.004319626028797062,-0.06472691498267161,0
CustomerId_5042,-0.7055925061066672,-0.22247490545666382,-0.0626770832374222,-0.16865514943210919,0
CustomerId_5043,-0.7055925061066672,-0.2534252027359722,-0.0613614413675131,0.0,0
CustomerId_5044,0.9690335982386701,-0.12962401361873876,-0.0335839173561177,-0.0963484310063438,1
CustomerId_5045,-0.7055925061066672,-0.2534252027359722,-0.06301749407089519,0.0,0
CustomerId_5046,-0.7055925061066672,-0.2534252027359722,-0.06025740623192505,0.0,0
CustomerId_5047,0.2619692430706388,0.10766159885595858,-0.053909204202293746,-0.14087284473220685,0
CustomerId_5048,-0.2590255449479106,0.0044939412582640755,-0.04314482482913905,-0.12368889022927364,0
CustomerId_5049,-0.14738380465822143,-0.12962401361873876,-0.059438580173030574,-0.1633682005323759,0
CustomerId_505,-0.7055925061066672,-0.2534252027359722,-0.06301749407089519,0.0,0
CustomerId_5050,-0.7055925061066672,-0.2534252027359722,-0.06283348821496383,0.0,0
CustomerId_5051,0.6341083773696026,-0.06772341906012208,-0.055539496085845436,-0.1604998931412717,0
CustomerId_5052,-0.07295597779842868,-0.22247490545666382,-0.059153371096337,-0.1524858406856773,0
CustomerId_5054,2.5692318757242143,1.0980711117938258,2.4569537432601902,1.2438067317801218,1
CustomerId_5056,0.038685762491260475,-0.08835695057966098,-0.02640032874055811,-0.11186467720020785,0
CustomerId_5057,2.420376222004629,0.64413341836397,-0.020648305684144358,-0.15356141853215344,1
CustomerId_506,-0.6683785926767708,-0.24310843697620274,-0.06285188880055698,-0.16613132414773568,0
CustomerId_5060,-0.7055925061066672,-0.2327916712164333,-0.0633891858998765,-0.16592204766679927,0
CustomerId_5061,-0.7055925061066672,-0.2534252027359722,-0.0613614413675131,0.0,0
CustomerId_5065,2.532017962294318,0.13861189613526692,0.14389709092389896,0.09806433998683238,1
CustomerId_5066,-0.7055925061066672,-0.2534252027359722,-0.06688161704545337,0.0,0
CustomerId_5067,-0.4823090255272889,-0.21215813969689437,-0.053927604787886885,-0.12106137844116485,0
CustomerId_5068,-0.7055925061066672,-0.18120784241758603,-0.03376056297781179,-0.06673488475025666,0
CustomerId_5069,-0.5567368523870817,-0.21215813969689437,-0.06304509494928488,-0.16611045322959833,0
CustomerId_507,-0.7055925061066672,-0.24310843697620274,-0.06242867533191489,-0.1730803332233367,0
CustomerId_5073,0.4480388102201207,0.9949034541961314,0.4024124380975194,0.7641767038419495,1
CustomerId_5074,0.00147184906136409,0.03544423853757243,-0.05228627255297931,-0.14757047981586113,0
CustomerId_5076,-0.7055925061066672,-0.21215813969689437,-0.056209277401435526,-0.10464972991784459,0
CustomerId_508,2.4575901354345255,0.4584316346881199,0.039918693842504335,-0.1143356179275744,1
CustomerId_5080,-0.7055925061066672,-0.20184137393712492,-0.056209277401435526,-0.09491646648124456,0
CustomerId_5081,1.8621675205561832,0.26241308525250034,-0.04675303245926792,-0.16172108320829012,1
CustomerId_5082,0.038685762491260475,-0.17089107665781658,-0.048481031452319155,-0.10600503375803108,0
CustomerId_5085,1.4156005593974266,-0.09867371633943042,-0.049994663623210374,-0.10588235294587484,1
CustomerId_5087,-0.7055925061066672,-0.2534252027359722,-0.06246547650310116,0.0,0
CustomerId_5089,-0.7055925061066672,-0.2534252027359722,-0.06301749407089519,0.0,0
CustomerId_509,-0.2218116315180142,-0.12962401361873876,-0.03891272694388937,-0.10552409734515575,0
CustomerId_5090,0.8573918579489809,0.045761004297341874,-0.01867208279144174,-0.11565416739746709,1
CustomerId_5091,-0.593950765816978,-0.09867371633943042,-0.05823334181668029,-0.16489126545062133,0
CustomerId_5092,-0.4823090255272889,-0.1502575451382777,-0.048481031452319155,-0.11273954904331965,0
CustomerId_5094,0.37361098336032794,0.1695621934145753,-0.04500884095089473,-0.15324909280185545,0
CustomerId_5095,-0.7055925061066672,-0.2534252027359722,-0.044800914333692314,0.0,0
CustomerId_5097,-0.7055925061066672,-0.2534252027359722,-0.06172945307937579,0.0,0
CustomerId_5099,-0.7055925061066672,-0.2534252027359722,-0.0613614413675131,0.0,0
CustomerId_5100,-0.7055925061066672,-0.24310843697620274,-0.048481031452319155,-0.17381180786287367,0
CustomerId_5101,-0.5195229389571853,-0.19152460817735548,-0.05144720584993239,-0.09365336239610168,0
CustomerId_5103,1.4900283862572195,-0.22247490545666382,-0.06211586537683161,-0.16838088574510673,1
CustomerId_5105,0.2991831565005352,-0.18120784241758603,0.35449179303732,1.507429441679432,0
CustomerId_5106,-0.6683785926767708,-0.24310843697620274,-0.02640032874055811,-0.17381180786287367,0
CustomerId_5107,-0.03574206436853229,-0.07804018481989153,-0.05892630787011772,-0.1639231458847286,0
CustomerId_5108,2.3459483951448363,0.014810707018033525,-0.027729587043806125,-0.10602856779112588,1
CustomerId_511,-0.7055925061066672,-0.2534252027359722,-0.06246547650310116,0.0,0
CustomerId_5111,-0.7055925061066672,-0.21215813969689437,-0.056209277401435526,-0.10464972991784459,0
CustomerId_5112,-0.7055925061066672,-0.21215813969689437,-0.0613614413675131,-0.17381180786287367,0
CustomerId_5113,0.22475532964074238,-0.05740665330035263,-0.03376056297781179,-0.09868908310830711,0
CustomerId_5115,-0.7055925061066672,-0.2327916712164333,-0.06025740623192505,-0.1522777775422946,0
CustomerId_5116,-0.6311646792468745,-0.08835695057966098,-0.057710765185835275,-0.16554634434700136,0
CustomerId_5118,-0.4450951120973925,-0.17089107665781658,-0.048481031452319155,-0.106948641494631,0
CustomerId_5119,-0.6683785926767708,-0.16057431089804713,-0.05051981633603843,-0.09148692043853796,0
CustomerId_5120,-0.7055925061066672,-0.2534252027359722,-0.05952138280819968,0.0,0
CustomerId_5121,-0.7055925061066672,-0.21215813969689437,-0.05584126568957284,-0.10403357451321088,0
CustomerId_5122,-0.2218116315180142,0.5512825265260449,0.07811499742844419,-0.0638722099445553,0
CustomerId_5123,-0.7055925061066672,-0.2534252027359722,0.2312078695633208,0.0,0
CustomerId_5124,-0.7055925061066672,-0.2534252027359722,-0.05952138280819968,0.0,0
CustomerId_5126,-0.7055925061066672,-0.24310843697620274,-0.05952138280819968,-0.17381180786287367,0
CustomerId_5127,-0.593950765816978,-0.2327916712164333,-0.06244891597606733,-0.1671919960526195,0
CustomerId_5128,-0.7055925061066672,-0.24310843697620274,-0.04259284406251621,-0.17381180786287367,0
CustomerId_5129,-0.2218116315180142,0.1695621934145753,-0.054661788153052934,-0.1607439808342156,0
CustomerId_513,-0.6683785926767708,-0.13994077937850824,-0.05774351822819106,-0.153874804270002,0
CustomerId_5130,-0.7055925061066672,-0.2534252027359722,-0.06283348821496383,0.0,0
CustomerId_5131,-0.7055925061066672,-0.2534252027359722,-0.0613614413675131,0.0,0
CustomerId_5132,-0.7055925061066672,-0.2534252027359722,-0.06301749407089519,0.0,0
CustomerId_5133,-0.6683785926767708,-0.2327916712164333,-0.06266788294462564,-0.16837883363012032,0
CustomerId_5134,-0.7055925061066672,-0.21215813969689437,-0.05584126568957284,-0.10403357451321088,0
CustomerId_5137,-0.7055925061066672,-0.2534252027359722,-0.06283348821496383,0.0,0
CustomerId_5138,2.420376222004629,2.9138218855132494,0.6174582418659196,-0.03866291430704073,1
CustomerId_5139,-0.7055925061066672,-0.2534252027359722,-0.06283348821496383,0.0,0
CustomerId_514,-0.7055925061066672,-0.24310843697620274,-0.05584126568957284,-0.17381180786287367,0
CustomerId_5140,2.3831623085747324,1.0052202199559008,0.006729925619880029,-0.13067313757975368,1
CustomerId_5141,-0.6683785926767708,-0.22247490545666382,-0.03412857468967448,0.2438659759592455,0
CustomerId_5142,-0.7055925061066672,-0.2327916712164333,-0.052161148570945996,-0.17381180786287367,0
CustomerId_5145,-0.07295597779842868,-0.24310843697620274,-0.06283348821496383,-0.17381180786287367,0
CustomerId_5146,-0.7055925061066672,-0.2327916712164333,-0.0359686332489879,0.3223343788146491,0
CustomerId_5147,-0.7055925061066672,-0.19152460817735548,-0.052161148570945996,-0.1106858471660311,0
CustomerId_5148,1.155103165388152,2.0162632644133067,0.02703681188046294,-0.15539716444127757,1
CustomerId_5149,-0.7055925061066672,-0.2327916712164333,-0.06284268850776041,-0.17067626351623302,0
CustomerId_515,2.5692318757242143,1.6035926340225288,0.36173095142137085,-0.056602572124471284,1
CustomerId_5150,-0.1845977180881178,-0.13994077937850824,-0.044800914333692314,-0.09654656113785,0
CustomerId_5152,0.33639706993043156,-0.16057431089804713,0.01216361854553256,0.18486355245855068,0
CustomerId_5154,-0.7055925061066672,-0.2534252027359722,-0.05952138280819968,0.0,0
CustomerId_5155,-0.593950765816978,0.9845866884363619,10.87632200713756,5.784489976767224,0
CustomerId_5156,0.07589967592115686,-0.10899048209919988,-0.06053341501582206,-0.16717745366290468,0
CustomerId_5157,0.187541416210846,-0.026456356021044274,-0.03394456883374313,-0.1031174656952617,0
CustomerId_5159,0.07589967592115686,-0.08835695057966098,0.05688808188820456,0.16157764030475397,0
CustomerId_516,-0.7055925061066672,-0.2327916712164333,-0.06321990051241966,-0.16346288494716935,0
CustomerId_5160,-0.29623945837780696,-0.18120784241758603,-0.05989675475429962,-0.1542271878638386,0
CustomerId_5162,-0.5195229389571853,-0.21215813969689437,-0.05988939452006237,-0.15138522008433342,0
CustomerId_5163,-0.7055925061066672,-0.21215813969689437,-0.05584126568957284,-0.08882213494988303,0
CustomerId_5164,-0.33345337180770335,0.1695621934145753,-0.033468729690304684,-0.13952512976728998,0
CustomerId_5165,-0.7055925061066672,-0.24310843697620274,-0.06302117418801381,-0.17008128720123522,0
CustomerId_5166,0.22475532964074238,-0.17089107665781658,0.007515630624706859,0.14713964476159846,0
CustomerId_5167,-0.7055925061066672,-0.22247490545666382,-0.05952138280819968,-0.10390589236919377,0
CustomerId_5168,1.1178892519582555,-0.10899048209919988,-0.03699906604220341,-0.10995484787821805,1
CustomerId_5169,-0.4823090255272889,-0.20184137393712492,-0.06265316247615112,-0.16667464921016314,0
CustomerId_517,-0.7055925061066672,-0.21215813969689437,-0.05584126568957284,-0.10403357451321088,0
CustomerId_5170,-0.5195229389571853,-0.13994077937850824,-0.05815973947430775,-0.16305948502031334,0
CustomerId_5171,2.532017962294318,0.5100154634869671,0.04480846545802382,-0.10036922984053695,1
CustomerId_5172,1.7133118668365976,0.27272985101226976,0.021698801999894705,-0.0950045388392917,1
CustomerId_5173,0.038685762491260475,-0.11930724785896933,-0.03744068009643863,-0.1088919476892855,0
CustomerId_5174,2.532017962294318,0.6234998868444311,-0.04968810986722876,-0.1691871123612166,1
CustomerId_5175,0.8201779445190845,-0.08835695057966098,-0.03376056297781179,-0.10861563431222566,1
CustomerId_5176,-0.7055925061066672,-0.22247490545666382,-0.05952138280819968,-0.10648434529167196,0
CustomerId_5177,-0.7055925061066672,-0.20184137393712492,0.06373604382254539,0.685334158550792,0
CustomerId_5178,-0.7055925061066672,-0.21215813969689437,-0.05584126568957284,-0.10403357451321088,0
CustomerId_5179,-0.7055925061066672,-0.2534252027359722,-0.06209746479123847,0.0,0
CustomerId_518,-0.7055925061066672,-0.20184137393712492,-0.05584126568957284,-0.11804036419587731,0
CustomerId_5180,-0.7055925061066672,-0.24310843697620274,-0.06048630951670364,-0.11074406444199768,0
CustomerId_5181,-0.1845977180881178,-0.17089107665781658,-0.048481031452319155,-0.106948641494631,0
CustomerId_5183,-0.7055925061066672,-0.24310843697620274,-0.06246547650310116,-0.17381180786287367,0
CustomerId_5184,-0.7055925061066672,-0.2534252027359722,-0.06301749407089519,0.0,0
CustomerId_5185,-0.7055925061066672,-0.2534252027359722,-0.03376056297781179,0.0,0
CustomerId_5186,-0.7055925061066672,-0.19152460817735548,-0.052529160282808685,-0.09699453167389471,0
CustomerId_5189,-0.7055925061066672,-0.24310843697620274,-0.06246547650310116,-0.17381180786287367,0
CustomerId_5192,-0.7055925061066672,-0.2534252027359722,-0.06798565218104141,0.0,0
CustomerId_5194,1.0806753385283592,0.25209631949273087,-0.026365735639643017,-0.1346011272670349,1
CustomerId_5196,-0.7055925061066672,-0.20184137393712492,-0.05584126568957284,-0.11142884187697259,0
CustomerId_5198,-0.6311646792468745,-0.06772341906012208,-0.03559473334973541,-0.13068668015253934,0
CustomerId_5199,-0.7055925061066672,-0.2534252027359722,-0.0613614413675131,0.0,0
CustomerId_520,1.638884039976805,-0.016139590261274823,-0.01207142472747264,-0.08215891546520418,1
CustomerId_5200,-0.2590255449479106,-0.13994077937850824,-0.0353798145100076,-0.09021629741148426,0
CustomerId_5201,-0.6683785926767708,-0.12962401361873876,-0.058660235402441,-0.15842662439916796,0
CustomerId_5202,-0.7055925061066672,-0.19152460817735548,-0.048481031452319155,-0.07536313174710803,0
CustomerId_5203,2.3459483951448363,0.7988849047605118,0.0335855802930594,-0.11882069117328176,1
CustomerId_5204,-0.2218116315180142,-0.11930724785896933,-0.047505800415883044,-0.1289295237606637,0
CustomerId_5206,-0.7055925061066672,-0.21215813969689437,-0.05584126568957284,-0.10596186684705346,0
CustomerId_5207,0.07589967592115686,-0.05740665330035263,-0.03376056297781179,-0.11240553167264722,0
CustomerId_5208,1.6016701265469087,-0.05740665330035263,-0.012047871977913429,-0.07639565378779696,1
CustomerId_521,-0.7055925061066672,-0.24310843697620274,0.305546235359583,7.126305094715906,0
CustomerId_5210,-0.7055925061066672,-0.2534252027359722,-0.0613614413675131,0.0,0
CustomerId_5211,0.00147184906136409,0.4790651662076588,0.1312930578043139,-0.0314821002957291,0
CustomerId_5212,-0.7055925061066672,-0.21215813969689437,-0.05584126568957284,-0.10596186684705346,0
CustomerId_5214,-0.7055925061066672,-0.24310843697620274,-0.06246547650310116,-0.17381180786287367,0
CustomerId_5216,-0.7055925061066672,-0.21215813969689437,-0.05584126568957284,-0.10403357451321088,0
CustomerId_5218,-0.5195229389571853,0.05607777005711133,-0.048309169982879284,-0.13637499062890346,0
CustomerId_522,-0.7055925061066672,-0.2327916712164333,0.1609176325975481,1.5641756299893592,0
CustomerId_5221,-0.7055925061066672,-0.20184137393712492,-0.056209277401435526,-0.09491646648124456,0
CustomerId_5223,-0.7055925061066672,-0.13994077937850824,-0.056209277401435526,-0.1356224032604466,0
CustomerId_5225,1.266744905677841,0.014810707018033525,-0.022720211621931267,-0.09921982576885308,1
CustomerId_5226,-0.07295597779842868,-0.10899048209919988,-0.045536937757417684,-0.10074798883528438,0
CustomerId_5227,-0.4823090255272889,-0.17089107665781658,-0.048481031452319155,-0.11319398081390933,0
CustomerId_5229,1.155103165388152,0.10766159885595858,-0.003583602605071694,-0.11204039399064075,1
CustomerId_523,-0.4823090255272889,-0.1502575451382777,-0.05885896172684685,-0.15477854307936945,0
CustomerId_5231,1.3039588191077376,-0.06772341906012208,-0.05775198249756389,-0.1238789746895086,1
CustomerId_5232,1.0806753385283592,-0.11930724785896933,0.011854488707567905,0.1614622456842035,1
CustomerId_5233,-0.7055925061066672,-0.20184137393712492,-0.056945300825160895,-0.13893547342575824,0
CustomerId_5236,2.532017962294318,0.4790651662076588,-0.01745396402517626,-0.15031300916270487,1
CustomerId_5237,-0.7055925061066672,-0.21215813969689437,-0.05584126568957284,-0.10403357451321088,0
CustomerId_5238,0.7457501176592918,0.09734483309618913,0.028433416326981823,0.020428742229166467,1
CustomerId_5239,-0.7055925061066672,-0.20184137393712492,-0.052161148570945996,-0.1064525645664793,0
CustomerId_524,0.2619692430706388,-0.20184137393712492,-0.05548797444618466,-0.08979972012202335,0
CustomerId_5240,-0.7055925061066672,-0.17089107665781658,-0.052529160282808685,-0.0765259863499011,0
CustomerId_5242,-0.7055925061066672,-0.21215813969689437,-0.05584126568957284,-0.10403357451321088,0
CustomerId_5243,-0.7055925061066672,-0.24310843697620274,-0.06117743551158176,-0.14089544908371085,0
CustomerId_5245,-0.4823090255272889,-0.13994077937850824,-0.026032317028695427,0.06041165630641696,0
CustomerId_5246,-0.7055925061066672,-0.2534252027359722,-0.06283348821496383,0.0,0
CustomerId_5248,0.22475532964074238,-0.13994077937850824,-0.052897171994671366,-0.12027118318009992,0
CustomerId_5249,-0.4823090255272889,-0.17089107665781658,-0.048481031452319155,-0.106948641494631,0
CustomerId_525,-0.7055925061066672,-0.22247490545666382,-0.05952138280819968,-0.10390589236919377,0
CustomerId_5251,-0.2218116315180142,-0.13994077937850824,-0.045168926045555,-0.09735343461421811,0
CustomerId_5253,-0.7055925061066672,-0.20184137393712492,-0.056209277401435526,-0.09491646648124456,0
CustomerId_5254,0.5596805505098098,0.09734483309618913,0.05995361944802072,0.01116992532975708,0
CustomerId_5255,-0.7055925061066672,-0.2534252027359722,-0.044800914333692314,0.0,0
CustomerId_5256,0.07589967592115686,-0.07804018481989153,-0.03376056297781179,-0.10581801220042839,0
CustomerId_5257,-0.2218116315180142,-0.13994077937850824,-0.033756882860693165,-0.07683423819140688,0
CustomerId_5258,-0.03574206436853229,-0.12962401361873876,-0.03928073865575205,-0.09357156265488537,0
CustomerId_5259,-0.03574206436853229,-0.11930724785896933,-0.044800914333692314,-0.09826024349366393,0
CustomerId_5260,1.7877396936963905,0.23146278797319197,0.028433416326981823,-0.10624142605197191,1
CustomerId_5261,1.7877396936963905,0.17987895917434474,-0.004687637740659747,-0.10707864995554436,1
CustomerId_5262,0.7829640310891881,0.025127472777802976,-0.019040094503304426,-0.09110773400318496,1
CustomerId_5263,0.07589967592115686,-0.12962401361873876,-0.042960855774378894,-0.1074188017544914,0
CustomerId_5264,-0.7055925061066672,-0.2534252027359722,-0.05952138280819968,0.0,0
CustomerId_5265,-0.03574206436853229,-0.07804018481989153,-0.044800914333692314,-0.1087189723152709,0
CustomerId_5266,1.341172732537634,0.28304661677203924,0.004396863850886877,-0.12092572589374712,1
CustomerId_5267,-0.7055925061066672,-0.2327916712164333,-0.0359686332489879,0.3223343788146491,0
CustomerId_5269,0.22475532964074238,-0.10899048209919988,-0.048481031452319155,-0.12028524506469773,0
CustomerId_527,-0.7055925061066672,-0.2534252027359722,-0.06246547650310116,0.0,0
CustomerId_5271,1.266744905677841,0.09734483309618913,-0.019040094503304426,-0.1069338864230514,1
CustomerId_5272,1.266744905677841,0.014810707018033525,-0.022720211621931267,-0.09566290794312858,1
CustomerId_5273,0.038685762491260475,-0.17089107665781658,-0.02640032874055811,-0.06452493801485505,0
CustomerId_5274,1.8993814339860795,-0.07804018481989153,-0.053168580632170094,-0.15680287759455327,1
CustomerId_5276,-0.7055925061066672,-0.2327916712164333,-0.06182145600734146,-0.13999346403203664,0
CustomerId_5277,0.22475532964074238,-0.05740665330035263,-0.03376056297781179,-0.09868908310830711,0
CustomerId_5278,-0.7055925061066672,-0.21215813969689437,-0.05584126568957284,-0.10403357451321088,0
CustomerId_528,2.0110231742757687,-0.09867371633943042,-0.0342684191401823,-0.13404807004714742,1
CustomerId_5280,-0.4450951120973925,-0.1502575451382777,-0.04884904316418184,-0.09621153410646144,0
CustomerId_5281,-0.7055925061066672,-0.19152460817735548,-0.05584126568957284,-0.11554473045242018,0
CustomerId_5282,-0.2218116315180142,-0.11930724785896933,-0.03780869180830132,-0.1000519861135501,0
CustomerId_5283,-0.6683785926767708,0.03544423853757243,0.881116552712821,0.6318658274419651,0
CustomerId_5284,-0.6311646792468745,-0.1502575451382777,-0.059054007934134074,-0.1592830484610155,0
CustomerId_5285,1.7877396936963905,0.08702806733641968,-0.01572798909654027,-0.10678172046280186,1
CustomerId_5286,1.7877396936963905,0.11797836461572803,-0.004687637740659747,-0.0993008687890938,1
CustomerId_5287,-0.7055925061066672,-0.22247490545666382,-0.05952138280819968,-0.10390589236919377,0
CustomerId_5289,-0.4450951120973925,-0.09867371633943042,-0.02640032874055811,-0.08138088638591054,0
CustomerId_529,1.8249536071262868,-0.06772341906012208,-0.056509206946603614,-0.15997402826954604,1
CustomerId_5290,-0.4450951120973925,-0.19152460817735548,-0.048481031452319155,-0.10792106233598052,0
CustomerId_5291,-0.7055925061066672,-0.20184137393712492,-0.05584126568957284,-0.11083131750309565,0
CustomerId_5292,-0.4823090255272889,-0.19152460817735548,-0.048481031452319155,-0.10928864434778744,0
CustomerId_5293,2.122664914565458,0.09734483309618913,0.014080959564337144,-0.11518633203402912,1
CustomerId_5294,-0.7055925061066672,-0.19152460817735548,-0.052161148570945996,-0.1106858471660311,0
CustomerId_5297,-0.7055925061066672,-0.2534252027359722,0.10166774698765596,0.0,0
CustomerId_5298,-0.7055925061066672,-0.20184137393712492,-0.05584126568957284,-0.14002644145951018,0
CustomerId_530,0.4852527236500171,0.3552639770904254,0.07196000154754079,-0.09204251957105332,0
CustomerId_531,1.6760979534067013,-0.13994077937850824,-0.060452452439212274,-0.16552297627192133,1
CustomerId_532,-0.7055925061066672,-0.2534252027359722,-0.06209746479123847,0.0,0
CustomerId_533,-0.7055925061066672,-0.21215813969689437,-0.053633195418396735,-0.1246612840151058,0
CustomerId_5338,-0.7055925061066672,-0.2534252027359722,-0.06283348821496383,0.0,0
CustomerId_5339,-0.7055925061066672,-0.2327916712164333,-0.06209746479123847,-0.17381180786287367,0
CustomerId_534,-0.4450951120973925,-0.22247490545666382,-0.06109279281785334,-0.14857527907394258,0
CustomerId_535,-0.7055925061066672,-0.2534252027359722,-0.06283348821496383,0.0,0
CustomerId_539,0.2991831565005352,-0.09867371633943042,-0.05488075512161123,-0.15655120842455097,0
CustomerId_540,-0.7055925061066672,-0.2534252027359722,-0.05952138280819968,0.0,0
CustomerId_541,1.6016701265469087,0.025127472777802976,-0.045989040145440994,-0.1389907761745887,1
CustomerId_542,-0.6683785926767708,-0.22247490545666382,-0.059469861168538904,-0.12149263578242571,0
CustomerId_543,0.07589967592115686,0.025127472777802976,-0.046898581091309614,-0.1441812166593549,0
CustomerId_544,-0.7055925061066672,-0.21215813969689437,-0.06228147064716981,-0.17381180786287367,0
CustomerId_545,-0.7055925061066672,-0.2534252027359722,-0.06301749407089519,0.0,0
CustomerId_546,-0.7055925061066672,-0.20184137393712492,-0.056209277401435526,-0.09491646648124456,0
CustomerId_547,-0.7055925061066672,-0.20184137393712492,-0.056209277401435526,-0.09491646648124456,0
CustomerId_549,0.8201779445190845,0.07671130157665022,-0.003955294434053005,-0.11241059987642198,1
CustomerId_550,0.8573918579489809,-0.036773121780813725,-0.02640032874055811,-0.11006512465733267,1
CustomerId_551,-0.33345337180770335,-0.19152460817735548,-0.048783537079470286,-0.11690809319293419,0
CustomerId_556,2.30873448171494,1.6139093997822982,0.031969640866270355,-0.14521825336642885,1
CustomerId_557,-0.7055925061066672,-0.2327916712164333,-0.06339470607555443,-0.16593783076691973,0
CustomerId_558,-0.6683785926767708,-0.12962401361873876,-0.05660857010880654,-0.14912973606041213,0
CustomerId_559,0.22475532964074238,-0.10899048209919988,-0.04112079721506547,-0.09901108512523253,0
CustomerId_560,0.2991831565005352,-0.0058228245015053744,-0.02640032874055811,-0.10294680048903919,0
CustomerId_561,-0.4823090255272889,-0.12962401361873876,-0.044800914333692314,-0.10669179779320946,0
CustomerId_563,2.1970927414252506,0.3655807428501949,-0.014902170815120406,-0.05426676521531445,1
CustomerId_565,-0.7055925061066672,-0.22247490545666382,-0.05952138280819968,-0.10390589236919377,0
CustomerId_566,-0.7055925061066672,-0.2534252027359722,-0.044800914333692314,0.0,0
CustomerId_567,-0.07295597779842868,-0.036773121780813725,-0.04080246708430425,-0.13927930782190212,0
CustomerId_568,-0.7055925061066672,-0.2534252027359722,-0.06283348821496383,0.0,0
CustomerId_571,-0.7055925061066672,-0.20184137393712492,-0.06215266654801787,-0.16280682113800793,0
CustomerId_572,0.4852527236500171,0.07671130157665022,-0.01788085761093697,-0.10539599754010583,0
CustomerId_573,-0.7055925061066672,-0.2534252027359722,-0.05952138280819968,0.0,0
CustomerId_574,-0.7055925061066672,-0.22247490545666382,-0.0628408484492011,-0.16388906386801333,0
CustomerId_575,-0.593950765816978,-0.17089107665781658,-0.05854615177176357,-0.1554292875941933,0
CustomerId_576,-0.7055925061066672,-0.2534252027359722,-0.06301749407089519,0.0,0
CustomerId_577,-0.7055925061066672,-0.2534252027359722,-0.06301749407089519,0.0,0
CustomerId_578,-0.2218116315180142,-0.06772341906012208,-0.041783218296418304,-0.12269694655830825,0
CustomerId_581,-0.7055925061066672,-0.24310843697620274,-0.06283348821496383,-0.17381180786287367,0
CustomerId_582,-0.7055925061066672,-0.21215813969689437,-0.061186635804378324,-0.14996556633052,0
CustomerId_583,-0.593950765816978,-0.22247490545666382,-0.060625417943787736,-0.16485310972961473,0
CustomerId_584,-0.7055925061066672,-0.21215813969689437,-0.05584126568957284,-0.10403357451321088,0
CustomerId_585,-0.4078811986674961,-0.18120784241758603,-0.06137984195310624,-0.16605119286605088,0
CustomerId_586,-0.7055925061066672,-0.20184137393712492,-0.056209277401435526,-0.09491646648124456,0
CustomerId_587,-0.7055925061066672,-0.2534252027359722,-0.06283348821496383,0.0,0
CustomerId_588,-0.11016989122832506,0.014810707018033525,-0.052915572580264504,-0.1535907114078904,0
CustomerId_590,-0.7055925061066672,-0.2534252027359722,-0.06283348821496383,0.0,0
CustomerId_592,0.9690335982386701,0.8092016705202812,-0.0239585710323492,-0.1542429836909952,1
CustomerId_593,1.1178892519582555,-0.20184137393712492,-0.062408434687762436,-0.16589561529027205,1
CustomerId_594,0.8201779445190845,-0.12962401361873876,-0.06130366352875066,-0.11202391321804717,1
CustomerId_595,-0.7055925061066672,-0.2534252027359722,-0.06246547650310116,0.0,0
CustomerId_596,-0.7055925061066672,-0.2534252027359722,-0.0613614413675131,0.0,0
CustomerId_598,-0.6683785926767708,-0.22247490545666382,-0.06023532552921329,-0.13923401826815998,0
CustomerId_599,-0.593950765816978,0.045761004297341874,0.4102455673845166,0.8844864971124113,0
CustomerId_6,-0.7055925061066672,-0.2534252027359722,-0.06688161704545337,0.0,0
CustomerId_600,0.4852527236500171,0.014810707018033525,-0.04406305085140763,-0.15087499094032625,0
CustomerId_601,-0.7055925061066672,-0.12962401361873876,-0.03412857468967448,-0.1162601166772081,0
CustomerId_602,-0.7055925061066672,-0.2534252027359722,-0.02640032874055811,0.0,0
CustomerId_603,-0.7055925061066672,-0.2327916712164333,-0.019040094503304426,0.3637100801326622,0
CustomerId_604,-0.7055925061066672,-0.2327916712164333,-0.06209746479123847,-0.17381180786287367,0
CustomerId_605,0.8201779445190845,-0.0058228245015053744,-0.0579639572435968,-0.16221678978266815,1
CustomerId_606,2.606445789154111,1.8821453095363039,0.27623778262683885,-0.014724147890788769,1
CustomerId_607,-0.7055925061066672,-0.21215813969689437,-0.05584126568957284,-0.10403357451321088,0
CustomerId_609,0.11311358935105324,-0.08835695057966098,-0.05247947870170722,-0.15166355531851852,0
CustomerId_610,2.1970927414252506,0.5822328238053534,0.08138308495435245,-0.07669102362889886,1
CustomerId_611,-0.7055925061066672,-0.24310843697620274,-0.06099342965565042,-0.1445528222813956,0
CustomerId_612,1.638884039976805,0.12829513037549747,-0.045538777815977,-0.15649168021051907,1
CustomerId_613,-0.4450951120973925,-0.18120784241758603,-0.05994459627684177,-0.15497024971049514,0
CustomerId_614,0.33639706993043156,-0.21215813969689437,-0.06203674285878113,-0.16936910042651104,0
CustomerId_619,1.0806753385283592,-0.08835695057966098,-0.030468698215200082,-0.10521743213392938,1
CustomerId_620,-0.6311646792468745,-0.20184137393712492,-0.010207813418600008,0.2751968556104016,0
CustomerId_621,-0.4450951120973925,-0.17089107665781658,-0.048481031452319155,-0.106948641494631,0
CustomerId_622,-0.7055925061066672,-0.21215813969689437,-0.056209277401435526,-0.10464972991784459,0
CustomerId_624,-0.7055925061066672,-0.2534252027359722,-0.06301749407089519,0.0,0
CustomerId_625,0.22475532964074238,1.8511950122569956,0.28650126125897724,0.0617329728967322,1
CustomerId_627,0.8946057713788773,1.1083878775535954,-0.002332362784738568,-0.1453371704422411,1
CustomerId_629,-0.7055925061066672,-0.21215813969689437,-0.05584126568957284,-0.10403357451321088,0
CustomerId_630,-0.7055925061066672,-0.2534252027359722,-0.06301749407089519,0.0,0
CustomerId_633,-0.6683785926767708,-0.20184137393712492,-0.05842470790684888,-0.15368876459672548,0
CustomerId_636,0.8573918579489809,0.20051249069388363,-0.05413369134652998,-0.16429137399719035,1
CustomerId_638,-0.7055925061066672,-0.20184137393712492,-0.056209277401435526,-0.09491646648124456,0
CustomerId_639,-0.7055925061066672,-0.21215813969689437,-0.056209277401435526,-0.10464972991784459,0
CustomerId_640,-0.03574206436853229,-0.06772341906012208,-0.04068286327794888,-0.11921048856347277,0
CustomerId_642,-0.6683785926767708,-0.19152460817735548,-0.0613614413675131,-0.16084414849577028,0
CustomerId_643,-0.7055925061066672,-0.2534252027359722,-0.05952138280819968,0.0,0
CustomerId_644,-0.7055925061066672,-0.2534252027359722,-0.06301749407089519,0.0,0
CustomerId_645,-0.03574206436853229,-0.11930724785896933,-0.044800914333692314,-0.10558870461041758,0
CustomerId_646,-0.7055925061066672,-0.2327916712164333,-0.06321990051241966,-0.16346288494716935,0
CustomerId_647,2.0854510011355614,19.01829323651336,1.2739926078757955,-0.0939990846598382,1
CustomerId_648,0.8946057713788773,-0.04708988754058317,-0.048812241992995574,-0.15107723671313916,1
CustomerId_650,-0.7055925061066672,-0.2534252027359722,-0.02640032874055811,0.0,0
CustomerId_651,-0.7055925061066672,-0.22247490545666382,-0.057865330104817606,-0.0953272718405509,0
CustomerId_652,2.4575901354345255,1.861511778016765,0.2679058134644117,-0.021894141417083453,1
CustomerId_653,1.6016701265469087,-0.07804018481989153,-0.05843022808252682,-0.16375427843952836,1
CustomerId_654,-0.7055925061066672,-0.2534252027359722,-0.05768132424888626,0.0,0
CustomerId_655,1.1178892519582555,0.28304661677203924,0.017761076682963985,-0.11088892116225121,1
CustomerId_656,1.1178892519582555,-0.12962401361873876,-0.059212252970235024,-0.16348094985074396,1
CustomerId_658,-0.7055925061066672,-0.22247490545666382,-0.06136880160175036,-0.14657297822466867,0
CustomerId_660,1.638884039976805,-0.016139590261274823,-0.010410219860124484,-0.11098865575724377,1
CustomerId_661,2.532017962294318,1.0155369857156702,0.022908456496787348,-0.1366899855837045,1
CustomerId_662,-0.7055925061066672,-0.24310843697620274,-0.06172945307937579,-0.17381180786287367,0
CustomerId_664,-0.7055925061066672,-0.24310843697620274,-0.019040094503304426,-0.17381180786287367,0
CustomerId_665,2.5692318757242143,2.4186171290443155,0.15421325411270764,-0.12054596917995569,1
CustomerId_666,-0.7055925061066672,-0.20184137393712492,-0.056209277401435526,-0.09491646648124456,0
CustomerId_667,-0.7055925061066672,-0.19152460817735548,-0.048481031452319155,-0.07536313174710803,0
CustomerId_668,-0.7055925061066672,-0.2534252027359722,-0.06246547650310116,0.0,0
CustomerId_670,-0.7055925061066672,-0.2327916712164333,-0.06339470607555443,-0.16593783076691973,0
CustomerId_672,-0.5567368523870817,0.045761004297341874,-0.06264948235903249,-0.14457332336524825,0
CustomerId_673,-0.7055925061066672,-0.21215813969689437,-0.06295309202131921,-0.1666832131410203,0
CustomerId_677,-0.7055925061066672,-0.21215813969689437,-0.05584126568957284,-0.10403357451321088,0
CustomerId_679,-0.7055925061066672,-0.2327916712164333,-0.06320886016106378,-0.16346650468730506,0
CustomerId_680,1.564456213117012,-0.12962401361873876,-0.055484294329066035,-0.14222917057555243,1
CustomerId_681,-0.4823090255272889,-0.24310843697620274,-0.06247136469049096,-0.013004423107070172,0
CustomerId_682,-0.2218116315180142,4.151833776685583,1.1178908719847296,0.5837314498101341,1
CustomerId_683,0.187541416210846,-0.026456356021044274,-0.030448457571047634,-0.15721805930110425,0
CustomerId_684,0.5596805505098098,0.0044939412582640755,-0.03376056297781179,-0.08919802488776961,0
CustomerId_687,-0.7055925061066672,-0.24310843697620274,-0.04443290262182963,0.18461076551023275,0
CustomerId_689,0.7085362042293953,-0.20184137393712492,-0.05723603007753241,-0.13102958685025054,0
CustomerId_690,1.3783866459675302,-0.09867371633943042,-0.04915044475619738,-0.11175498566538326,1
CustomerId_691,-0.4450951120973925,-0.08835695057966098,-0.019040094503304426,0.07738904911281579,0
CustomerId_692,-0.7055925061066672,-0.21215813969689437,-0.05584126568957284,-0.10403357451321088,0
CustomerId_693,-0.7055925061066672,-0.2534252027359722,0.010400842445710302,0.0,0
CustomerId_694,-0.593950765816978,-0.19152460817735548,-0.062493077381490854,-0.16652913379534728,0
CustomerId_695,-0.7055925061066672,-0.2534252027359722,-0.06283348821496383,0.0,0
CustomerId_696,-0.7055925061066672,-0.20184137393712492,-0.056209277401435526,-0.09491646648124456,0
CustomerId_697,-0.7055925061066672,-0.24310843697620274,-0.06283348821496383,-0.17381180786287367,0
CustomerId_698,1.7877396936963905,0.17987895917434474,0.1793182181906823,0.6124180705656112,1
CustomerId_699,2.0854510011355614,-0.1502575451382777,-0.04738619660952767,-0.09593121736048164,1
CustomerId_7,-0.7055925061066672,-0.2534252027359722,-0.06688161704545337,0.0,0
CustomerId_700,2.0110231742757687,0.10766159885595858,-0.05799597426252886,-0.1685826027860358,1
CustomerId_701,-0.7055925061066672,-0.2534252027359722,-0.05952138280819968,0.0,0
CustomerId_702,0.33639706993043156,-0.09867371633943042,-0.027136352164283478,-0.08952806772236184,0
CustomerId_703,-0.7055925061066672,-0.2534252027359722,-0.06246547650310116,0.0,0
CustomerId_704,-0.6683785926767708,-0.24310843697620274,-0.04443290262182963,0.18461076551023275,0
CustomerId_705,-0.7055925061066672,-0.2534252027359722,-0.06283348821496383,0.0,0
CustomerId_706,-0.2590255449479106,-0.22247490545666382,-0.058969365240405656,-0.14834115087691377,0
CustomerId_707,0.22475532964074238,-0.04708988754058317,-0.03008044585918495,-0.09934906506330243,0
CustomerId_708,-0.6683785926767708,-0.17089107665781658,-0.06025740623192505,-0.16456733939272167,0
CustomerId_709,-0.33345337180770335,-0.2327916712164333,-0.06209746479123847,-0.17381180786287367,0
CustomerId_710,-0.7055925061066672,-0.24310843697620274,-0.058785359384474316,-0.15918231507213462,0
CustomerId_711,-0.2218116315180142,-0.24310843697620274,-0.06283348821496383,-0.17381180786287367,0
CustomerId_7112,-0.7055925061066672,-0.24310843697620274,-0.03744068009643863,-0.17381180786287367,0
CustomerId_712,1.8993814339860795,0.07671130157665022,-0.04792901388452513,-0.1526835413292585,1
CustomerId_713,1.341172732537634,0.19019572493411419,0.03984177939472503,-0.08071079615051922,1
CustomerId_714,0.4852527236500171,-0.016139590261274823,-0.05858295294294984,-0.1675379762068143,0
CustomerId_715,-0.7055925061066672,-0.24310843697620274,-0.05584126568957284,-0.17381180786287367,0
CustomerId_716,-0.7055925061066672,-0.2534252027359722,-0.06283348821496383,0.0,0
CustomerId_717,1.9738092608458724,-0.026456356021044274,-0.04628632000628367,-0.1510102704194421,1
CustomerId_718,2.2715205682850432,0.14892866189503637,-0.013282183259500872,-0.1206761801782318,1
CustomerId_720,-0.7055925061066672,-0.2534252027359722,-0.06264948235903249,0.0,0
CustomerId_723,-0.7055925061066672,-0.2327916712164333,-0.05400120713025942,-0.14394948075201056,0
CustomerId_727,-0.7055925061066672,0.0044939412582640755,-0.04260388441387209,-0.13564568949880848,0
CustomerId_728,-0.7055925061066672,-0.2534252027359722,-0.05952138280819968,0.0,0
CustomerId_729,-0.4450951120973925,-0.16057431089804713,-0.05540701186957487,-0.14791095754210365,0
CustomerId_730,0.5968944639397062,-0.17089107665781658,-0.048481031452319155,-0.1059557336774426,0
CustomerId_732,-0.7055925061066672,-0.20184137393712492,-0.06176625425056206,-0.16820277561843078,0
CustomerId_7321,-0.7055925061066672,-0.20184137393712492,-0.04112079721506547,-0.17381180786287367,0
CustomerId_7323,-0.7055925061066672,-0.24310843697620274,-0.05584126568957284,-0.17381180786287367,0
CustomerId_7324,-0.7055925061066672,-0.24310843697620274,-0.05584200171299657,-0.17381180786287367,0
CustomerId_7325,-0.7055925061066672,-0.24310843697620274,-0.05952138280819968,-0.17381180786287367,0
CustomerId_7326,-0.7055925061066672,-0.20184137393712492,-0.03928073865575205,-0.09767751353308278,0
CustomerId_7327,-0.6683785926767708,-0.16057431089804713,-0.05889576289803312,-0.15540311017141928,0
CustomerId_7328,-0.7055925061066672,-0.21215813969689437,0.04941008390315482,0.37598274965159567,0
CustomerId_7329,-0.7055925061066672,-0.2327916712164333,-0.04112079721506547,0.09494913613489427,0
CustomerId_733,-0.6683785926767708,-0.24310843697620274,-0.059153371096337,-0.10797909030454801,0
CustomerId_7331,-0.7055925061066672,-0.2534252027359722,-0.06301749407089519,0.0,0
CustomerId_7332,-0.5567368523870817,-0.21215813969689437,-0.06559357605393397,-0.16687243012811143,0
CustomerId_7333,-0.7055925061066672,-0.2534252027359722,-0.08160208551996073,0.0,0
CustomerId_7334,-0.7055925061066672,-0.2327916712164333,-0.06614559362172799,-0.16186687701852842,0
CustomerId_7335,-0.6683785926767708,-0.24310843697620274,-0.06375351749462055,-0.1701544346651889,0
CustomerId_7336,0.9318196848087736,-0.06772341906012208,-0.07365303254372675,-0.16415391893514553,1
CustomerId_7338,-0.7055925061066672,-0.17089107665781658,-1.0789138246678347,3.925384080590475,0
CustomerId_7339,-0.7055925061066672,-0.22247490545666382,-0.6888214100933895,3.544017935062552,0
CustomerId_734,0.8201779445190845,0.5822328238053534,0.09233865009193692,-0.05931863459671949,1
CustomerId_7340,-0.7055925061066672,-0.2534252027359722,-0.06338550578275787,0.0,0
CustomerId_7341,-0.7055925061066672,-0.2534252027359722,-0.11840325670622914,0.0,0
CustomerId_7343,1.5272422996871158,41.94214675472108,-38.667630074322396,-0.03982216735231759,1
CustomerId_7344,0.00147184906136409,-0.21215813969689437,-0.06489435380139487,-0.1697129383045477,0
CustomerId_735,-0.7055925061066672,-0.22247490545666382,-0.05657728911329821,-0.08264607981752711,0
CustomerId_738,-0.7055925061066672,-0.2534252027359722,-0.06301749407089519,0.0,0
CustomerId_739,-0.7055925061066672,-0.18120784241758603,-0.052161148570945996,-0.10042647892073796,0
CustomerId_740,-0.7055925061066672,-0.2327916712164333,-0.06172945307937579,-0.09346050343881589,0
CustomerId_7401,-0.7055925061066672,-0.24310843697620274,-0.28400852704443696,2.752086750284934,0
CustomerId_7402,-0.7055925061066672,-0.24310843697620274,-0.06393752335055189,-0.17381180786287367,0
CustomerId_7403,0.5596805505098098,-0.16057431089804713,-0.06772804398273753,-0.16630374337190787,0
CustomerId_7404,-0.7055925061066672,-0.2534252027359722,-0.06356951163868921,0.0,0
CustomerId_7405,-0.7055925061066672,-0.2534252027359722,-0.07056173416408021,0.0,0
CustomerId_7406,-0.33345337180770335,-0.22247490545666382,-0.06596158776579665,-0.16730346455811332,0
CustomerId_7407,-0.07295597779842868,-0.21215813969689437,-0.06985404764216827,-0.15231943035219792,0
CustomerId_7408,-0.03574206436853229,-0.2327916712164333,-0.08252211479961744,0.11744923271876662,0
CustomerId_7409,2.606445789154111,0.37589750860996435,-0.1702929080788676,-0.06910003161492845,1
CustomerId_7410,1.1923170788180484,-0.18120784241758603,-0.07026732479459005,-0.1423280361634066,1
CustomerId_7411,-0.4078811986674961,-0.2327916712164333,-0.06459994443190473,-0.17165840483081576,0
CustomerId_7412,1.341172732537634,-0.11930724785896933,-0.09506321791647399,-0.06062953957429132,1
CustomerId_7413,-0.7055925061066672,-0.24310843697620274,-0.06283348821496383,-0.17381180786287367,0
CustomerId_7414,-0.5567368523870817,-0.24310843697620274,0.5366575904093486,1.1428425433036398,0
CustomerId_7415,-0.7055925061066672,-0.2534252027359722,-0.06301749407089519,0.0,0
CustomerId_7416,-0.7055925061066672,-0.2534252027359722,0.2606488065123355,0.0,0
CustomerId_7417,-0.7055925061066672,-0.24310843697620274,0.008928795598259567,1.2525637392341826,0
CustomerId_7418,-0.7055925061066672,-0.2534252027359722,0.06965072805560245,0.0,0
CustomerId_7419,-0.7055925061066672,-0.2534252027359722,-0.10000267111309494,0.0,0
CustomerId_742,-0.5195229389571853,-0.24310843697620274,-0.06117743551158176,-0.14089544908371085,0
CustomerId_7420,-0.7055925061066672,-0.2534252027359722,-0.10000267111309494,0.0,0
CustomerId_7421,-0.7055925061066672,-0.2534252027359722,-0.10000267111309494,0.0,0
CustomerId_7422,-0.7055925061066672,-0.2534252027359722,-0.13680384229936335,0.0,0
CustomerId_7423,-0.7055925061066672,-0.2534252027359722,-0.13680384229936335,0.0,0
CustomerId_7424,-0.7055925061066672,-0.2534252027359722,-0.13680384229936335,0.0,0
CustomerId_7425,-0.7055925061066672,-0.2534252027359722,-0.13680384229936335,0.0,0
CustomerId_7426,1.1923170788180484,-0.1502575451382777,-0.06688161704545337,-0.17069278951996886,1
CustomerId_7427,-0.7055925061066672,-0.2534252027359722,-0.06356951163868921,0.0,0
CustomerId_7428,0.4480388102201207,-0.2327916712164333,-0.06577758190986531,-0.14936843966372715,0
CustomerId_7429,-0.7055925061066672,-0.24310843697620274,-0.25456759009542224,3.3372664619144947,0
CustomerId_7430,0.37361098336032794,0.06639453581688078,-0.09786820318429136,-0.12803917884751082,0
CustomerId_7431,-0.4078811986674961,-0.2327916712164333,-0.06537276902681635,-0.1732145613206564,0
CustomerId_7433,-0.7055925061066672,-0.2534252027359722,-0.06430553506241457,0.0,0
CustomerId_7434,-0.593950765816978,-0.22247490545666382,-0.06724962875731605,-0.15829488752639675,0
CustomerId_7435,-0.7055925061066672,-0.2534252027359722,-0.08160208551996073,0.0,0
CustomerId_7436,0.11311358935105324,-0.22247490545666382,-0.06522556434207129,-0.16234296351742028,0
CustomerId_7437,0.9318196848087736,-0.2327916712164333,-0.06559357605393397,-0.17082557515178734,1
CustomerId_7438,-0.7055925061066672,-0.2534252027359722,-0.08160208551996073,0.0,0
CustomerId_7439,0.038685762491260475,-0.08835695057966098,-0.07203378101153095,-0.16480930165353622,0
CustomerId_7440,-0.7055925061066672,-0.2534252027359722,-0.07567709695897151,0.0,0
CustomerId_7441,-0.7055925061066672,-0.24310843697620274,-0.06375351749462055,-0.1701544346651889,0
CustomerId_7442,0.1503275027809496,0.0044939412582640755,-0.08675424948603831,-0.16316910806050902,0
CustomerId_7443,-0.593950765816978,-0.20184137393712492,-0.06908968731662947,-0.1684698723919757,0
CustomerId_7444,-0.7055925061066672,-0.2534252027359722,-0.07056173416408021,0.0,0
CustomerId_7445,-0.4823090255272889,-0.2327916712164333,-0.06540957019800263,-0.17381180786287367,0
CustomerId_7446,-0.07295597779842868,-0.24310843697620274,-0.06356951163868921,-0.17381180786287367,0
CustomerId_7447,1.936595347415976,-0.22247490545666382,-0.08307413236741147,-0.09435332342117657,1
CustomerId_7448,-0.7055925061066672,-0.2534252027359722,-0.06393752335055189,0.0,0
CustomerId_745,-0.7055925061066672,-0.2534252027359722,-0.06301749407089519,0.0,0
CustomerId_7450,1.5272422996871158,-0.12962401361873876,-0.15925255672298708,-0.09531743976584621,1
CustomerId_7451,-0.4450951120973925,-0.19152460817735548,-0.06814426522885424,-0.16252755441541936,0
CustomerId_7452,1.0062475116685665,-0.17089107665781658,-0.16808483780769148,0.026510772295800702,1
CustomerId_7453,0.038685762491260475,-0.20184137393712492,-0.06209746479123847,-0.17381180786287367,0
CustomerId_7454,-0.2218116315180142,-0.24310843697620274,-0.06379031866580681,-0.17088590930472586,0
CustomerId_7455,1.6016701265469087,-0.24310843697620274,-0.11104302246897546,-0.10066434390917847,1
CustomerId_7456,1.6016701265469087,-0.24310843697620274,-0.08896231975721441,-0.10066434390917847,1
CustomerId_7457,1.6016701265469087,-0.24310843697620274,-0.13680384229936335,-0.17381180786287367,1
CustomerId_7458,1.6016701265469087,-0.2327916712164333,-0.10736290535034862,-0.17381180786287367,1
CustomerId_7459,1.6016701265469087,-0.2327916712164333,-0.12944360806210967,-0.17381180786287367,1
CustomerId_746,-0.7055925061066672,-0.2534252027359722,-0.06283348821496383,0.0,0
CustomerId_7460,1.6016701265469087,-0.2327916712164333,-0.10736290535034862,-0.07036567228636084,1
CustomerId_7461,1.6016701265469087,-0.2327916712164333,-0.12944360806210967,-0.07036567228636084,1
CustomerId_7462,1.6016701265469087,-0.2327916712164333,-0.11840325670622914,-0.17381180786287367,1
CustomerId_7463,1.6016701265469087,-0.2327916712164333,-0.11840325670622914,-0.17381180786287367,1
CustomerId_7464,1.6016701265469087,-0.24310843697620274,-0.10000267111309494,-0.17381180786287367,1
CustomerId_7465,1.6016701265469087,-0.24310843697620274,-0.10000267111309494,-0.17381180786287367,1
CustomerId_7466,1.341172732537634,-0.21215813969689437,-0.08013003867250999,-0.1369466471193517,1
CustomerId_7467,-0.593950765816978,-0.20184137393712492,-0.06743363461324739,-0.1597733376369111,0
CustomerId_7468,-0.7055925061066672,-0.24310843697620274,-0.06724962875731605,-0.15186756867676512,0
CustomerId_7469,-0.7055925061066672,-0.2534252027359722,-0.06356951163868921,0.0,0
CustomerId_7470,-0.7055925061066672,-0.2534252027359722,-0.06688161704545337,0.0,0
CustomerId_7471,-0.7055925061066672,-0.2534252027359722,-0.06688161704545337,0.0,0
CustomerId_7472,-0.7055925061066672,-0.2534252027359722,-0.06688161704545337,0.0,0
CustomerId_7473,-0.7055925061066672,-0.2534252027359722,-0.06688161704545337,0.0,0
CustomerId_7474,-0.7055925061066672,-0.2534252027359722,-0.06688161704545337,0.0,0
CustomerId_7475,-0.6311646792468745,-0.2327916712164333,-0.06540957019800263,-0.15126624530898233,0
CustomerId_7476,1.3783866459675302,-0.026456356021044274,-0.1417351992383233,-0.0748848471116322,1
CustomerId_7477,-0.7055925061066672,-0.2534252027359722,-0.06393752335055189,0.0,0
CustomerId_7478,-0.7055925061066672,-0.2534252027359722,-0.06301749407089519,0.0,0
CustomerId_7479,-0.7055925061066672,-0.2534252027359722,-0.06301749407089519,0.0,0
CustomerId_748,-0.7055925061066672,-0.2327916712164333,-0.060625417943787736,-0.104933976537161,0
CustomerId_749,-0.7055925061066672,-0.24310843697620274,-0.06209746479123847,-0.13723807588602607,0
CustomerId_753,-0.7055925061066672,-0.2534252027359722,-0.06246547650310116,0.0,0
CustomerId_754,-0.6683785926767708,-0.22247490545666382,-0.06285188880055698,-0.1638593165000845,0
CustomerId_755,-0.7055925061066672,-0.2534252027359722,-0.06301749407089519,0.0,0
CustomerId_756,-0.7055925061066672,-0.2534252027359722,-0.0613614413675131,0.0,0
CustomerId_757,-0.7055925061066672,-0.2327916712164333,-0.0633891858998765,-0.16592204766679927,0
CustomerId_759,2.0482370877056653,1.2837728954696759,0.25920233647885926,-0.05554218063907566,1
CustomerId_760,2.1598788279953545,-0.1502575451382777,-0.04112079721506547,-0.08883426902191065,1
CustomerId_761,2.606445789154111,1.428207616106448,0.044033064781129144,-0.1357239083670787,1
CustomerId_764,0.2991831565005352,-0.07804018481989153,-0.03008044585918495,-0.11222876725063094,0
CustomerId_767,-0.37066728523759973,-0.22247490545666382,-0.06155464751624101,-0.1462838479996178,0
CustomerId_768,-0.7055925061066672,-0.24310843697620274,-0.06246547650310116,-0.17381180786287367,0
CustomerId_770,-0.6311646792468745,-0.04708988754058317,-0.05249585522288511,-0.15572818450745946,0
CustomerId_771,-0.7055925061066672,-0.2534252027359722,-0.06246547650310116,0.0,0
CustomerId_773,-0.7055925061066672,-0.21215813969689437,-0.05584126568957284,-0.10403357451321088,0
CustomerId_774,-0.5195229389571853,-0.016139590261274823,-0.051425125147220634,-0.14608137342372565,0
CustomerId_775,0.7085362042293953,0.06639453581688078,-0.04582950706834852,-0.15179172279891584,1
CustomerId_776,1.4900283862572195,0.28304661677203924,-0.026420569384710556,-0.12167551366186917,1
CustomerId_778,-0.7055925061066672,-0.2534252027359722,-0.05952138280819968,0.0,0
CustomerId_779,-0.7055925061066672,-0.22247490545666382,-0.05584126568957284,-0.10066434390917847,0
CustomerId_780,-0.6311646792468745,-0.22247490545666382,-0.06103023082683669,-0.14624287900918304,0
CustomerId_781,-0.7055925061066672,-0.2534252027359722,-0.06246547650310116,0.0,0
CustomerId_784,0.33639706993043156,1.5004249764248343,0.036401053894664866,-0.12017683225302823,1
CustomerId_785,-0.7055925061066672,-0.2534252027359722,-0.044800914333692314,0.0,0
CustomerId_786,2.0482370877056653,0.44811486892835045,-0.017596090148297626,-0.10164442164890944,1
CustomerId_787,-0.7055925061066672,-0.2534252027359722,-0.06283348821496383,0.0,0
CustomerId_789,-0.7055925061066672,-0.22247490545666382,-0.05952138280819968,-0.10390589236919377,0
CustomerId_790,2.532017962294318,1.2218723009110593,0.11765469096736758,-0.10485632811817894,1
CustomerId_791,1.564456213117012,0.06639453581688078,-0.05543461274796457,-0.167189660417808,1
CustomerId_793,0.5224666370799135,-0.13994077937850824,-0.052166300734912074,-0.12728115321791478,0
CustomerId_794,-0.7055925061066672,-0.2327916712164333,-0.06320886016106378,-0.16346650468730506,0
CustomerId_795,0.37361098336032794,-0.24310843697620274,-0.06264948235903249,-0.1701544346651889,0
CustomerId_797,-0.4823090255272889,0.40684780588927266,0.024272565509148764,-0.042669074235069646,0
CustomerId_798,-0.7055925061066672,-0.16057431089804713,-0.011403851482153731,0.14078855232710724,0
CustomerId_799,-0.7055925061066672,-0.21215813969689437,-0.05584126568957284,-0.10403357451321088,0
CustomerId_8,-0.7055925061066672,-0.2534252027359722,-0.06688161704545337,0.0,0
CustomerId_800,0.07589967592115686,0.3552639770904254,0.06140965778600543,-0.0395569744516159,0
CustomerId_801,-0.7055925061066672,-0.20184137393712492,-0.05961338573616535,-0.1459777800918108,0
CustomerId_802,-0.7055925061066672,-0.2327916712164333,-0.06339470607555443,-0.16593783076691973,0
CustomerId_804,-0.7055925061066672,-0.22247490545666382,-0.054369218842122105,-0.1531225807475711,0
CustomerId_806,1.2295309922479447,5.4826965596958415,0.6739159490155672,0.22482430904365977,1
CustomerId_807,-0.4078811986674961,-0.22247490545666382,-0.0617588940163248,-0.1589856511439846,0
CustomerId_808,1.638884039976805,0.045761004297341874,-0.0514895271967966,-0.16235430726314226,1
CustomerId_810,1.155103165388152,-0.12962401361873876,-0.048892468546181636,-0.13277583839888915,1
CustomerId_812,-0.7055925061066672,-0.2534252027359722,-0.06283348821496383,0.0,0
CustomerId_813,-0.7055925061066672,-0.2327916712164333,-0.06321990051241966,-0.16346288494716935,0
CustomerId_814,1.1178892519582555,0.43779810316858103,0.09110581085719693,-0.08243273498956781,1
CustomerId_816,-0.5195229389571853,-0.2327916712164333,-0.06283348821496383,-0.16186687701852842,0
CustomerId_821,0.4852527236500171,-0.19152460817735548,-0.053349531990892984,-0.12139263050234088,0
CustomerId_823,0.5596805505098098,-0.016139590261274823,-0.02640032874055811,-0.11439383513262522,0
CustomerId_824,-0.7055925061066672,-0.2534252027359722,-0.0613614413675131,0.0,0
CustomerId_825,-0.29623945837780696,-0.09867371633943042,-0.050873107579426605,-0.13865273786594404,0
CustomerId_826,-0.7055925061066672,-0.24310843697620274,-0.06264948235903249,-0.1701544346651889,0
CustomerId_827,-0.7055925061066672,-0.2534252027359722,-0.06283348821496383,0.0,0
CustomerId_828,2.3459483951448363,-0.12962401361873876,-0.048531449056844346,-0.0803405163627205,1
CustomerId_829,-0.7055925061066672,-0.24310843697620274,-0.06215266654801787,-0.1507703567174597,0
CustomerId_830,-0.7055925061066672,-0.19152460817735548,-0.048481031452319155,-0.07536313174710801,0
CustomerId_832,-0.2590255449479106,-0.18120784241758603,-0.06214714637233993,-0.16905570071860707,0
CustomerId_834,-0.7055925061066672,-0.2534252027359722,0.04720201363197871,0.0,0
CustomerId_838,-0.7055925061066672,-0.2534252027359722,-0.06283348821496383,0.0,0
CustomerId_839,2.4948040488644216,0.5719160580455839,0.07606738026364021,-0.10145183629998793,1
CustomerId_840,0.37361098336032794,-0.026456356021044274,-0.050898868399256995,-0.144101613270849,0
CustomerId_841,-0.593950765816978,-0.19152460817735548,-0.06090142672768475,-0.16447569349246233,0
CustomerId_842,-0.6683785926767708,-0.17089107665781658,-0.06164113026852874,-0.1636144644349954,0
CustomerId_843,2.0854510011355614,0.025127472777802976,-0.052921092755942443,-0.16407201372647334,1
CustomerId_844,-0.7055925061066672,-0.2327916712164333,-0.052161148570945996,-0.17381180786287367,0
CustomerId_845,-0.7055925061066672,-0.21215813969689437,-0.05584126568957284,-0.10403357451321088,0
CustomerId_846,0.038685762491260475,-0.21215813969689437,-0.048113019740456474,0.07244649251845922,0
CustomerId_847,-0.7055925061066672,-0.19152460817735548,-0.056209277401435526,-0.12358827909479164,0
CustomerId_848,-0.7055925061066672,-0.20184137393712492,-0.056209277401435526,-0.09491646648124456,0
CustomerId_851,-0.7055925061066672,-0.24310843697620274,-0.06264948235903249,-0.1701544346651889,0
CustomerId_853,-0.07295597779842868,0.025127472777802976,-0.02640032874055811,-0.11893885233516961,0
CustomerId_854,1.0806753385283592,-0.24310843697620274,-0.06117743551158176,-0.14089544908371085,1
CustomerId_855,-0.7055925061066672,-0.20184137393712492,-0.048481031452319155,-0.07210438663156038,0
CustomerId_856,0.8946057713788773,-0.21215813969689437,1.0412016473730885,3.2912508076950826,1
CustomerId_857,-0.07295597779842868,-0.11930724785896933,-0.044800914333692314,-0.08338214360155363,0
CustomerId_858,-0.7055925061066672,-0.13994077937850824,-0.05426654357451242,-0.14195135163005596,0
CustomerId_860,2.606445789154111,0.13861189613526692,-0.011679860266050744,-0.10352939487195463,1
CustomerId_861,-0.7055925061066672,-0.2534252027359722,-0.05952138280819968,0.0,0
CustomerId_863,-0.7055925061066672,-0.2534252027359722,-0.05400120713025942,0.0,0
CustomerId_864,-0.7055925061066672,-0.24310843697620274,-0.05584126568957284,-0.17381180786287367,0
CustomerId_865,0.22475532964074238,0.26241308525250034,0.7752749123342656,1.4553210675765975,0
CustomerId_867,-0.7055925061066672,-0.2534252027359722,-0.05584126568957284,0.0,0
CustomerId_868,-0.7055925061066672,-0.2534252027359722,-0.06287028938615011,0.0,0
CustomerId_870,-0.7055925061066672,-0.2534252027359722,-0.06283348821496383,0.0,0
CustomerId_872,2.1598788279953545,0.6234998868444311,-0.029282596467866653,-0.15470949209400092,1
CustomerId_873,2.606445789154111,0.9433196253972841,0.061630096801411176,-0.10661231628529116,1
CustomerId_877,-0.7055925061066672,-0.21215813969689437,-0.056209277401435526,-0.10464972991784459,0
CustomerId_880,-0.7055925061066672,-0.21215813969689437,-0.024928281893107373,0.28418712263143564,0
CustomerId_881,-0.7055925061066672,-0.2327916712164333,-0.04700898460486842,-0.07825236110811173,0
CustomerId_882,-0.4823090255272889,-0.16057431089804713,-0.048481031452319155,-0.11004332719278538,0
CustomerId_883,-0.7055925061066672,-0.12962401361873876,-0.0556572598336415,-0.1374921612378591,0
CustomerId_884,-0.7055925061066672,-0.21215813969689437,-0.05613567505906299,-0.10416942926226382,0
CustomerId_885,-0.5195229389571853,-0.21215813969689437,-0.04792901388452513,-0.06332523307598584,0
CustomerId_887,2.30873448171494,-0.20184137393712492,-0.06033100857429759,-0.15890335695079413,1
CustomerId_888,-0.7055925061066672,-0.21215813969689437,-0.05584126568957284,-0.10596186684705346,0
CustomerId_889,-0.29623945837780696,-0.18120784241758603,-0.055105242265847475,-0.13550679396783719,0
CustomerId_89,-0.7055925061066672,-0.2534252027359722,-0.0613614413675131,0.0,0
CustomerId_890,-0.7055925061066672,-0.2534252027359722,-0.04112079721506547,0.0,0
CustomerId_892,0.5596805505098098,-0.13994077937850824,-0.048481031452319155,-0.09860227843117474,0
CustomerId_893,-0.7055925061066672,-0.22247490545666382,-0.06082120017449868,-0.13841837710297442,0
CustomerId_894,-0.6311646792468745,-0.20184137393712492,-0.059759486385774836,-0.1305847532706071,0
CustomerId_895,-0.7055925061066672,-0.20184137393712492,-0.056209277401435526,-0.09491646648124456,0
CustomerId_896,-0.6683785926767708,-0.22247490545666382,-0.0628408484492011,-0.16388906386801333,0
CustomerId_898,-0.7055925061066672,-0.19152460817735548,-0.04884904316418184,-0.07624703001672319,0
CustomerId_899,-0.7055925061066672,-0.2534252027359722,-0.05952138280819968,0.0,0
CustomerId_9,-0.7055925061066672,-0.2534252027359722,-0.06688161704545337,0.0,0
CustomerId_900,2.122664914565458,-0.026456356021044274,-0.05564658749399748,-0.16386618080131668,1
CustomerId_903,-0.4450951120973925,-0.10899048209919988,-0.056393283257366866,-0.1550141226913015,0
CustomerId_905,2.606445789154111,1.4797914449052954,0.27541527645082575,-0.05317607761130357,1
CustomerId_906,-0.2218116315180142,0.26241308525250034,-0.03443063870277137,-0.12936725166019655,0
CustomerId_907,-0.7055925061066672,-0.2534252027359722,-0.06283348821496383,0.0,0
CustomerId_908,2.4575901354345255,2.552735083921318,0.05581827184181974,-0.15542338589428248,1
CustomerId_909,-0.5567368523870817,0.9226860938777451,30.64783218953687,13.246041502504003,2
CustomerId_911,-0.1845977180881178,-0.19152460817735548,-0.05584126568957284,-0.116082879158779,0
CustomerId_912,2.122664914565458,0.10766159885595858,-0.04437770086505023,-0.157921373606544,1
CustomerId_913,-0.4450951120973925,0.3139969140513476,-0.027467562704959893,-0.12048334363997341,0
CustomerId_915,-0.7055925061066672,-0.24310843697620274,-0.06172945307937579,-0.17381180786287367,0
CustomerId_916,-0.7055925061066672,-0.17089107665781658,0.003526383668115363,0.04584381193428717,0
CustomerId_917,-0.7055925061066672,-0.2534252027359722,-0.0613614413675131,0.0,0
CustomerId_919,-0.7055925061066672,-0.21215813969689437,0.02291324064904156,0.2966918765559959,0
CustomerId_920,1.4156005593974266,0.025127472777802976,-0.042550522715652,-0.14755429061439534,1
CustomerId_921,0.5968944639397062,-0.10899048209919988,-0.04112079721506547,-0.11174412651696597,0
CustomerId_922,-0.6683785926767708,-0.06772341906012208,-0.05424409486008879,-0.14467600703064903,0
CustomerId_923,-0.4823090255272889,-0.05740665330035263,-0.050788096873986326,-0.13306579226944973,0
CustomerId_924,-0.7055925061066672,-0.24310843697620274,-0.06217106713361101,-0.16796001074657804,0
CustomerId_925,-0.7055925061066672,-0.2327916712164333,-0.060625417943787736,-0.1499219461741832,0
CustomerId_926,-0.7055925061066672,-0.2534252027359722,-0.06283348821496383,0.0,0
CustomerId_927,-0.07295597779842868,-0.08835695057966098,-0.03744068009643863,-0.09693017353487221,0
CustomerId_928,-0.7055925061066672,-0.2327916712164333,-0.06320886016106378,-0.16346650468730506,0
CustomerId_929,-0.7055925061066672,-0.22247490545666382,-0.048481031452319155,-0.17381180786287367,0
CustomerId_930,-0.4823090255272889,-0.08835695057966098,-0.03964875036761474,-0.10512818819857524,0
CustomerId_931,-0.6683785926767708,-0.16057431089804713,-0.06182256004247704,-0.16616755909896586,0
CustomerId_932,2.420376222004629,-0.036773121780813725,-0.04081718755277876,-0.14822604164934441,1
CustomerId_934,-0.7055925061066672,-0.24310843697620274,-0.05400120713025942,-0.13723807588602607,0
CustomerId_936,-0.7055925061066672,-0.2534252027359722,-0.0613614413675131,0.0,0
CustomerId_938,-0.7055925061066672,-0.22247490545666382,-0.06302669436369175,-0.16496485720684706,0
CustomerId_940,-0.14738380465822143,-0.12962401361873876,-0.044892917261657984,-0.10283469879557197,0
CustomerId_942,-0.7055925061066672,-0.24310843697620274,-0.058049335960748946,-0.12992332949065657,0
CustomerId_943,-0.6683785926767708,-0.17089107665781658,-0.06787524866748261,-0.1679727237685823,0
CustomerId_944,-0.7055925061066672,-0.24310843697620274,-0.06253907884547369,-0.17234885858379978,0
CustomerId_945,-0.7055925061066672,-0.2327916712164333,-0.06320149992682653,-0.16485310972961473,0
CustomerId_946,-0.7055925061066672,-0.2534252027359722,-0.06301749407089519,0.0,0
CustomerId_947,-0.7055925061066672,-0.2534252027359722,-0.05952138280819968,0.0,0
CustomerId_948,-0.7055925061066672,-0.2534252027359722,-0.06301749407089519,0.0,0
CustomerId_949,-0.7055925061066672,-0.2534252027359722,-0.06283348821496383,0.0,0
CustomerId_951,0.9690335982386701,-0.04708988754058317,-0.03008044585918495,-0.0892549304956705,1
CustomerId_954,-0.7055925061066672,-0.21215813969689437,-0.05584126568957284,-0.10403357451321088,0
CustomerId_957,-0.7055925061066672,-0.2534252027359722,-0.06283348821496383,0.0,0
CustomerId_958,-0.7055925061066672,-0.2534252027359722,-0.05952138280819968,0.0,0
CustomerId_959,0.2991831565005352,0.17987895917434474,-0.04169066335088484,-0.13560000005081427,0
CustomerId_960,1.341172732537634,0.19019572493411419,-0.018747525192373594,-0.1074649046128077,1
CustomerId_961,-0.7055925061066672,-0.2534252027359722,-0.05768132424888626,0.0,0
CustomerId_962,0.33639706993043156,-0.16057431089804713,-0.059629946263199174,-0.16001648036793112,0
CustomerId_963,-0.7055925061066672,-0.22247490545666382,-0.06211218525971298,-0.1582247028804346,0
CustomerId_966,-0.6683785926767708,-0.24310843697620274,-0.06264948235903249,-0.1701544346651889,0
CustomerId_967,-0.7055925061066672,-0.2534252027359722,-0.02640032874055811,0.0,0
CustomerId_968,0.00147184906136409,-0.18120784241758603,-0.05309037814339928,-0.10290444077888157,0
CustomerId_969,1.4528144728273231,1.2321890666708286,0.15634987122990848,-0.06690442459334842,1
CustomerId_972,-0.7055925061066672,-0.21215813969689437,-0.05584126568957284,-0.10403357451321088,0
CustomerId_974,-0.7055925061066672,-0.22247490545666382,-0.06287028938615011,-0.16514144176136777,0
CustomerId_975,-0.7055925061066672,-0.2534252027359722,-0.06246547650310116,0.0,0
CustomerId_977,1.3039588191077376,0.3552639770904254,0.13065750157792705,-0.04129284853317884,1
CustomerId_978,-0.7055925061066672,-0.24310843697620274,-0.048481031452319155,-0.17381180786287367,0
CustomerId_979,0.8201779445190845,-0.08835695057966098,-0.03376056297781179,-0.10861563431222566,1
CustomerId_982,-0.7055925061066672,-0.20184137393712492,-0.05584126568957284,-0.09297365549822892,0
CustomerId_986,-0.4078811986674961,-0.22247490545666382,-0.06285188880055698,-0.1638593165000845,0
CustomerId_987,-0.7055925061066672,-0.22247490545666382,-0.058785359384474316,-0.05526175417960981,0
CustomerId_988,2.4575901354345255,0.12829513037549747,0.020972788494732008,0.003797361669007419,1
CustomerId_989,-0.7055925061066672,-0.2534252027359722,-0.05952138280819968,0.0,0
CustomerId_990,-0.03574206436853229,-0.17089107665781658,-0.06001819861921431,-0.15977545521294334,0
CustomerId_991,-0.7055925061066672,-0.2534252027359722,-0.06246547650310116,0.0,0
CustomerId_992,-0.7055925061066672,-0.20184137393712492,-0.05584126568957284,-0.11083131750309565,0
CustomerId_993,-0.7055925061066672,-0.21215813969689437,-0.05584126568957284,-0.10403357451321088,0
CustomerId_994,2.5692318757242143,0.7782513732409729,0.13695013383906707,-0.02070473303017603,1
CustomerId_996,-0.7055925061066672,-0.08835695057966098,-0.012047871977913429,-0.1279507258842871,0
CustomerId_998,0.22475532964074238,-0.036773121780813725,-0.02640032874055811,-0.10372554521469679,0
